2025-11-14 09:34:20 - root.update_labels_panel - DEBUG <-> Label panel: box idx=0 numeric class_idx=1 -> class_name='helmet'
2025-11-14 09:34:20 - root.update_labels_panel - DEBUG <-> Label panel: box idx=1 numeric class_idx=1 -> class_name='helmet'
2025-11-14 09:34:20 - root.update_labels_panel - DEBUG <-> Label panel: box idx=2 numeric class_idx=1 -> class_name='helmet'
2025-11-14 09:34:20 - root.update_labels_panel - DEBUG <-> Label panel: box idx=3 numeric class_idx=1 -> class_name='helmet'
2025-11-14 09:34:20 - root.update_labels_panel - DEBUG <-> Label panel: box idx=4 numeric class_idx=1 -> class_name='helmet'
2025-11-14 09:34:20 - root.update_labels_panel - DEBUG <-> Label panel: box idx=5 numeric class_idx=1 -> class_name='helmet'
2025-11-14 09:34:20 - root.update_labels_panel - DEBUG <-> Label panel: box idx=6 numeric class_idx=0 -> class_name='person'
2025-11-14 09:34:20 - root.update_labels_panel - DEBUG <-> Label panel: box idx=7 numeric class_idx=0 -> class_name='person'
2025-11-14 09:34:20 - root.update_labels_panel - DEBUG <-> Label panel: box idx=8 numeric class_idx=0 -> class_name='person'
2025-11-14 09:34:20 - root.update_labels_panel - DEBUG <-> Label panel: box idx=9 numeric class_idx=0 -> class_name='person'
2025-11-14 09:34:20 - root.update_labels_panel - DEBUG <-> Label panel: box idx=10 numeric class_idx=0 -> class_name='person'
2025-11-14 09:34:20 - root.update_labels_panel - DEBUG <-> Label panel: box idx=11 numeric class_idx=0 -> class_name='person'
2025-11-14 09:34:20 - root.update_labels_panel - DEBUG <-> Label panel: box idx=12 numeric class_idx=2 -> class_name='savety vest'
2025-11-14 09:34:20 - root.update_labels_panel - DEBUG <-> Label panel: box idx=13 numeric class_idx=4 -> class_name='no savety vest'
2025-11-14 09:34:20 - root.update_labels_panel - DEBUG <-> Label panel: box idx=14 numeric class_idx=2 -> class_name='savety vest'
2025-11-14 09:34:20 - root.update_labels_panel - DEBUG <-> Label panel: box idx=15 numeric class_idx=4 -> class_name='no savety vest'
2025-11-14 09:34:20 - root.update_labels_panel - DEBUG <-> Label panel: box idx=16 numeric class_idx=4 -> class_name='no savety vest'
2025-11-14 09:34:20 - root.update_labels_panel - DEBUG <-> Label panel: box idx=17 numeric class_idx=2 -> class_name='savety vest'
2025-11-14 09:34:20 - root.update_labels_panel - DEBUG <-> Setting canvas.selected_boxes to {0, 1, 2, 3, 4, 5, 6, 7, 8, 9, 10, 11, 12, 13, 14, 15, 16, 17}
2025-11-14 09:34:21 - root.update_labels_panel - DEBUG <-> Label panel: box idx=0 numeric class_idx=3 -> class_name='no helmet'
2025-11-14 09:34:21 - root.update_labels_panel - DEBUG <-> Label panel: box idx=1 numeric class_idx=3 -> class_name='no helmet'
2025-11-14 09:34:21 - root.update_labels_panel - DEBUG <-> Label panel: box idx=2 numeric class_idx=4 -> class_name='no savety vest'
2025-11-14 09:34:21 - root.update_labels_panel - DEBUG <-> Label panel: box idx=3 numeric class_idx=0 -> class_name='person'
2025-11-14 09:34:21 - root.update_labels_panel - DEBUG <-> Label panel: box idx=4 numeric class_idx=0 -> class_name='person'
2025-11-14 09:34:21 - root.update_labels_panel - DEBUG <-> Label panel: box idx=5 numeric class_idx=2 -> class_name='savety vest'
2025-11-14 09:34:21 - root.update_labels_panel - DEBUG <-> Setting canvas.selected_boxes to {0, 1, 2, 3, 4, 5}
2025-11-14 09:34:22 - root.update_labels_panel - DEBUG <-> Label panel: box idx=0 numeric class_idx=1 -> class_name='helmet'
2025-11-14 09:34:22 - root.update_labels_panel - DEBUG <-> Label panel: box idx=1 numeric class_idx=0 -> class_name='person'
2025-11-14 09:34:22 - root.update_labels_panel - DEBUG <-> Label panel: box idx=2 numeric class_idx=4 -> class_name='no savety vest'
2025-11-14 09:34:22 - root.update_labels_panel - DEBUG <-> Setting canvas.selected_boxes to {0, 1, 2}
2025-11-14 09:35:17 - root._extract_boxes_from_item - DEBUG <-> JSON object fields: className=None, classId=None, category_id=1, category_name=None
2025-11-14 09:35:17 - root._extract_boxes_from_item - DEBUG <-> Parsed numeric category_id -> 1
2025-11-14 09:35:17 - root._extract_boxes_from_item - DEBUG <-> Appending box: x=0.188672,y=0.25,w=0.074219,h=0.0625, resolved_class_id=1
2025-11-14 09:35:17 - root._extract_boxes_from_item - DEBUG <-> JSON object fields: className=None, classId=None, category_id=1, category_name=None
2025-11-14 09:35:17 - root._extract_boxes_from_item - DEBUG <-> Parsed numeric category_id -> 1
2025-11-14 09:35:17 - root._extract_boxes_from_item - DEBUG <-> Appending box: x=0.554297,y=0.208854,w=0.053906,h=0.057292, resolved_class_id=1
2025-11-14 09:35:17 - root._extract_boxes_from_item - DEBUG <-> JSON object fields: className=None, classId=None, category_id=1, category_name=None
2025-11-14 09:35:17 - root._extract_boxes_from_item - DEBUG <-> Parsed numeric category_id -> 1
2025-11-14 09:35:17 - root._extract_boxes_from_item - DEBUG <-> Appending box: x=0.3375,y=0.272396,w=0.05625,h=0.055208, resolved_class_id=1
2025-11-14 09:35:17 - root._extract_boxes_from_item - DEBUG <-> JSON object fields: className=None, classId=None, category_id=1, category_name=None
2025-11-14 09:35:17 - root._extract_boxes_from_item - DEBUG <-> Parsed numeric category_id -> 1
2025-11-14 09:35:17 - root._extract_boxes_from_item - DEBUG <-> Appending box: x=0.463281,y=0.270833,w=0.048438,h=0.045833, resolved_class_id=1
2025-11-14 09:35:17 - root._extract_boxes_from_item - DEBUG <-> JSON object fields: className=None, classId=None, category_id=1, category_name=None
2025-11-14 09:35:17 - root._extract_boxes_from_item - DEBUG <-> Parsed numeric category_id -> 1
2025-11-14 09:35:17 - root._extract_boxes_from_item - DEBUG <-> Appending box: x=0.821094,y=0.213542,w=0.151562,h=0.1375, resolved_class_id=1
2025-11-14 09:35:17 - root._extract_boxes_from_item - DEBUG <-> JSON object fields: className=None, classId=None, category_id=1, category_name=None
2025-11-14 09:35:17 - root._extract_boxes_from_item - DEBUG <-> Parsed numeric category_id -> 1
2025-11-14 09:35:17 - root._extract_boxes_from_item - DEBUG <-> Appending box: x=0.66875,y=0.239063,w=0.042188,h=0.040625, resolved_class_id=1
2025-11-14 09:35:17 - root._extract_boxes_from_item - DEBUG <-> JSON object fields: className=None, classId=None, category_id=0, category_name=None
2025-11-14 09:35:17 - root._extract_boxes_from_item - DEBUG <-> Parsed numeric category_id -> 0
2025-11-14 09:35:17 - root._extract_boxes_from_item - DEBUG <-> Appending box: x=0.2125,y=0.493229,w=0.176563,h=0.634375, resolved_class_id=0
2025-11-14 09:35:17 - root._extract_boxes_from_item - DEBUG <-> JSON object fields: className=None, classId=None, category_id=0, category_name=None
2025-11-14 09:35:17 - root._extract_boxes_from_item - DEBUG <-> Parsed numeric category_id -> 0
2025-11-14 09:35:17 - root._extract_boxes_from_item - DEBUG <-> Appending box: x=0.350781,y=0.4875,w=0.170313,h=0.525, resolved_class_id=0
2025-11-14 09:35:17 - root._extract_boxes_from_item - DEBUG <-> JSON object fields: className=None, classId=None, category_id=0, category_name=None
2025-11-14 09:35:17 - root._extract_boxes_from_item - DEBUG <-> Parsed numeric category_id -> 0
2025-11-14 09:35:17 - root._extract_boxes_from_item - DEBUG <-> Appending box: x=0.835938,y=0.572396,w=0.267188,h=0.855208, resolved_class_id=0
2025-11-14 09:35:17 - root._extract_boxes_from_item - DEBUG <-> JSON object fields: className=None, classId=None, category_id=0, category_name=None
2025-11-14 09:35:17 - root._extract_boxes_from_item - DEBUG <-> Parsed numeric category_id -> 0
2025-11-14 09:35:17 - root._extract_boxes_from_item - DEBUG <-> Appending box: x=0.476562,y=0.455208,w=0.128125,h=0.43125, resolved_class_id=0
2025-11-14 09:35:17 - root._extract_boxes_from_item - DEBUG <-> JSON object fields: className=None, classId=None, category_id=0, category_name=None
2025-11-14 09:35:17 - root._extract_boxes_from_item - DEBUG <-> Parsed numeric category_id -> 0
2025-11-14 09:35:17 - root._extract_boxes_from_item - DEBUG <-> Appending box: x=0.560547,y=0.395313,w=0.114844,h=0.446875, resolved_class_id=0
2025-11-14 09:35:17 - root._extract_boxes_from_item - DEBUG <-> JSON object fields: className=None, classId=None, category_id=0, category_name=None
2025-11-14 09:35:17 - root._extract_boxes_from_item - DEBUG <-> Parsed numeric category_id -> 0
2025-11-14 09:35:17 - root._extract_boxes_from_item - DEBUG <-> Appending box: x=0.665234,y=0.404167,w=0.089844,h=0.404167, resolved_class_id=0
2025-11-14 09:35:17 - root._extract_boxes_from_item - DEBUG <-> JSON object fields: className=None, classId=None, category_id=2, category_name=None
2025-11-14 09:35:17 - root._extract_boxes_from_item - DEBUG <-> Parsed numeric category_id -> 2
2025-11-14 09:35:17 - root._extract_boxes_from_item - DEBUG <-> Appending box: x=0.851562,y=0.545833,w=0.229687,h=0.36875, resolved_class_id=2
2025-11-14 09:35:17 - root._extract_boxes_from_item - DEBUG <-> JSON object fields: className=None, classId=None, category_id=4, category_name=None
2025-11-14 09:35:17 - root._extract_boxes_from_item - DEBUG <-> Parsed numeric category_id -> 4
2025-11-14 09:35:17 - root._extract_boxes_from_item - DEBUG <-> Appending box: x=0.201953,y=0.429167,w=0.128906,h=0.2125, resolved_class_id=4
2025-11-14 09:35:17 - root._extract_boxes_from_item - DEBUG <-> JSON object fields: className=None, classId=None, category_id=2, category_name=None
2025-11-14 09:35:17 - root._extract_boxes_from_item - DEBUG <-> Parsed numeric category_id -> 2
2025-11-14 09:35:17 - root._extract_boxes_from_item - DEBUG <-> Appending box: x=0.354687,y=0.414583,w=0.129688,h=0.19375, resolved_class_id=2
2025-11-14 09:35:17 - root._extract_boxes_from_item - DEBUG <-> JSON object fields: className=None, classId=None, category_id=4, category_name=None
2025-11-14 09:35:17 - root._extract_boxes_from_item - DEBUG <-> Parsed numeric category_id -> 4
2025-11-14 09:35:17 - root._extract_boxes_from_item - DEBUG <-> Appending box: x=0.46875,y=0.401562,w=0.078125,h=0.157292, resolved_class_id=4
2025-11-14 09:35:17 - root._extract_boxes_from_item - DEBUG <-> JSON object fields: className=None, classId=None, category_id=4, category_name=None
2025-11-14 09:35:17 - root._extract_boxes_from_item - DEBUG <-> Parsed numeric category_id -> 4
2025-11-14 09:35:17 - root._extract_boxes_from_item - DEBUG <-> Appending box: x=0.555078,y=0.333854,w=0.091406,h=0.138542, resolved_class_id=4
2025-11-14 09:35:17 - root._extract_boxes_from_item - DEBUG <-> JSON object fields: className=None, classId=None, category_id=2, category_name=None
2025-11-14 09:35:17 - root._extract_boxes_from_item - DEBUG <-> Parsed numeric category_id -> 2
2025-11-14 09:35:17 - root._extract_boxes_from_item - DEBUG <-> Appending box: x=0.669141,y=0.352604,w=0.078906,h=0.151042, resolved_class_id=2
2025-11-14 09:35:17 - root._get_json_classname_for_box - DEBUG <-> _get_json_classname_for_box: checking candidate path: /home/madan/a/labels/converted_json/6f.json
2025-11-14 09:35:17 - root._get_json_classname_for_box - DEBUG <-> _get_json_classname_for_box: found file: /home/madan/a/labels/converted_json/6f.json
2025-11-14 09:35:17 - root._get_json_classname_for_box - DEBUG <-> _get_json_classname_for_box: checking object with keys: ['bbox', 'category_id']
2025-11-14 09:35:17 - root.update_labels_panel - DEBUG <-> Label panel: box idx=0 numeric class_idx=1 -> class_name='helmet'
2025-11-14 09:35:17 - root._get_json_classname_for_box - DEBUG <-> _get_json_classname_for_box: checking candidate path: /home/madan/a/labels/converted_json/6f.json
2025-11-14 09:35:17 - root._get_json_classname_for_box - DEBUG <-> _get_json_classname_for_box: found file: /home/madan/a/labels/converted_json/6f.json
2025-11-14 09:35:17 - root._get_json_classname_for_box - DEBUG <-> _get_json_classname_for_box: checking object with keys: ['bbox', 'category_id']
2025-11-14 09:35:17 - root.update_labels_panel - DEBUG <-> Label panel: box idx=1 numeric class_idx=1 -> class_name='helmet'
2025-11-14 09:35:17 - root._get_json_classname_for_box - DEBUG <-> _get_json_classname_for_box: checking candidate path: /home/madan/a/labels/converted_json/6f.json
2025-11-14 09:35:17 - root._get_json_classname_for_box - DEBUG <-> _get_json_classname_for_box: found file: /home/madan/a/labels/converted_json/6f.json
2025-11-14 09:35:17 - root._get_json_classname_for_box - DEBUG <-> _get_json_classname_for_box: checking object with keys: ['bbox', 'category_id']
2025-11-14 09:35:17 - root.update_labels_panel - DEBUG <-> Label panel: box idx=2 numeric class_idx=1 -> class_name='helmet'
2025-11-14 09:35:17 - root._get_json_classname_for_box - DEBUG <-> _get_json_classname_for_box: checking candidate path: /home/madan/a/labels/converted_json/6f.json
2025-11-14 09:35:17 - root._get_json_classname_for_box - DEBUG <-> _get_json_classname_for_box: found file: /home/madan/a/labels/converted_json/6f.json
2025-11-14 09:35:17 - root._get_json_classname_for_box - DEBUG <-> _get_json_classname_for_box: checking object with keys: ['bbox', 'category_id']
2025-11-14 09:35:17 - root.update_labels_panel - DEBUG <-> Label panel: box idx=3 numeric class_idx=1 -> class_name='helmet'
2025-11-14 09:35:17 - root._get_json_classname_for_box - DEBUG <-> _get_json_classname_for_box: checking candidate path: /home/madan/a/labels/converted_json/6f.json
2025-11-14 09:35:17 - root._get_json_classname_for_box - DEBUG <-> _get_json_classname_for_box: found file: /home/madan/a/labels/converted_json/6f.json
2025-11-14 09:35:17 - root._get_json_classname_for_box - DEBUG <-> _get_json_classname_for_box: checking object with keys: ['bbox', 'category_id']
2025-11-14 09:35:17 - root.update_labels_panel - DEBUG <-> Label panel: box idx=4 numeric class_idx=1 -> class_name='helmet'
2025-11-14 09:35:17 - root._get_json_classname_for_box - DEBUG <-> _get_json_classname_for_box: checking candidate path: /home/madan/a/labels/converted_json/6f.json
2025-11-14 09:35:17 - root._get_json_classname_for_box - DEBUG <-> _get_json_classname_for_box: found file: /home/madan/a/labels/converted_json/6f.json
2025-11-14 09:35:17 - root._get_json_classname_for_box - DEBUG <-> _get_json_classname_for_box: checking object with keys: ['bbox', 'category_id']
2025-11-14 09:35:17 - root.update_labels_panel - DEBUG <-> Label panel: box idx=5 numeric class_idx=1 -> class_name='helmet'
2025-11-14 09:35:17 - root._get_json_classname_for_box - DEBUG <-> _get_json_classname_for_box: checking candidate path: /home/madan/a/labels/converted_json/6f.json
2025-11-14 09:35:17 - root._get_json_classname_for_box - DEBUG <-> _get_json_classname_for_box: found file: /home/madan/a/labels/converted_json/6f.json
2025-11-14 09:35:17 - root._get_json_classname_for_box - DEBUG <-> _get_json_classname_for_box: checking object with keys: ['bbox', 'category_id']
2025-11-14 09:35:17 - root.update_labels_panel - DEBUG <-> Label panel: box idx=6 numeric class_idx=0 -> class_name='person'
2025-11-14 09:35:17 - root._get_json_classname_for_box - DEBUG <-> _get_json_classname_for_box: checking candidate path: /home/madan/a/labels/converted_json/6f.json
2025-11-14 09:35:17 - root._get_json_classname_for_box - DEBUG <-> _get_json_classname_for_box: found file: /home/madan/a/labels/converted_json/6f.json
2025-11-14 09:35:17 - root._get_json_classname_for_box - DEBUG <-> _get_json_classname_for_box: checking object with keys: ['bbox', 'category_id']
2025-11-14 09:35:17 - root.update_labels_panel - DEBUG <-> Label panel: box idx=7 numeric class_idx=0 -> class_name='person'
2025-11-14 09:35:17 - root._get_json_classname_for_box - DEBUG <-> _get_json_classname_for_box: checking candidate path: /home/madan/a/labels/converted_json/6f.json
2025-11-14 09:35:17 - root._get_json_classname_for_box - DEBUG <-> _get_json_classname_for_box: found file: /home/madan/a/labels/converted_json/6f.json
2025-11-14 09:35:17 - root._get_json_classname_for_box - DEBUG <-> _get_json_classname_for_box: checking object with keys: ['bbox', 'category_id']
2025-11-14 09:35:17 - root.update_labels_panel - DEBUG <-> Label panel: box idx=8 numeric class_idx=0 -> class_name='person'
2025-11-14 09:35:17 - root._get_json_classname_for_box - DEBUG <-> _get_json_classname_for_box: checking candidate path: /home/madan/a/labels/converted_json/6f.json
2025-11-14 09:35:17 - root._get_json_classname_for_box - DEBUG <-> _get_json_classname_for_box: found file: /home/madan/a/labels/converted_json/6f.json
2025-11-14 09:35:17 - root._get_json_classname_for_box - DEBUG <-> _get_json_classname_for_box: checking object with keys: ['bbox', 'category_id']
2025-11-14 09:35:17 - root.update_labels_panel - DEBUG <-> Label panel: box idx=9 numeric class_idx=0 -> class_name='person'
2025-11-14 09:35:17 - root._get_json_classname_for_box - DEBUG <-> _get_json_classname_for_box: checking candidate path: /home/madan/a/labels/converted_json/6f.json
2025-11-14 09:35:17 - root._get_json_classname_for_box - DEBUG <-> _get_json_classname_for_box: found file: /home/madan/a/labels/converted_json/6f.json
2025-11-14 09:35:17 - root._get_json_classname_for_box - DEBUG <-> _get_json_classname_for_box: checking object with keys: ['bbox', 'category_id']
2025-11-14 09:35:17 - root.update_labels_panel - DEBUG <-> Label panel: box idx=10 numeric class_idx=0 -> class_name='person'
2025-11-14 09:35:17 - root._get_json_classname_for_box - DEBUG <-> _get_json_classname_for_box: checking candidate path: /home/madan/a/labels/converted_json/6f.json
2025-11-14 09:35:17 - root._get_json_classname_for_box - DEBUG <-> _get_json_classname_for_box: found file: /home/madan/a/labels/converted_json/6f.json
2025-11-14 09:35:17 - root._get_json_classname_for_box - DEBUG <-> _get_json_classname_for_box: checking object with keys: ['bbox', 'category_id']
2025-11-14 09:35:17 - root.update_labels_panel - DEBUG <-> Label panel: box idx=11 numeric class_idx=0 -> class_name='person'
2025-11-14 09:35:17 - root._get_json_classname_for_box - DEBUG <-> _get_json_classname_for_box: checking candidate path: /home/madan/a/labels/converted_json/6f.json
2025-11-14 09:35:17 - root._get_json_classname_for_box - DEBUG <-> _get_json_classname_for_box: found file: /home/madan/a/labels/converted_json/6f.json
2025-11-14 09:35:17 - root._get_json_classname_for_box - DEBUG <-> _get_json_classname_for_box: checking object with keys: ['bbox', 'category_id']
2025-11-14 09:35:17 - root.update_labels_panel - DEBUG <-> Label panel: box idx=12 numeric class_idx=2 -> class_name='savety vest'
2025-11-14 09:35:17 - root._get_json_classname_for_box - DEBUG <-> _get_json_classname_for_box: checking candidate path: /home/madan/a/labels/converted_json/6f.json
2025-11-14 09:35:17 - root._get_json_classname_for_box - DEBUG <-> _get_json_classname_for_box: found file: /home/madan/a/labels/converted_json/6f.json
2025-11-14 09:35:17 - root._get_json_classname_for_box - DEBUG <-> _get_json_classname_for_box: checking object with keys: ['bbox', 'category_id']
2025-11-14 09:35:17 - root.update_labels_panel - DEBUG <-> Label panel: box idx=13 numeric class_idx=4 -> class_name='no savety vest'
2025-11-14 09:35:17 - root._get_json_classname_for_box - DEBUG <-> _get_json_classname_for_box: checking candidate path: /home/madan/a/labels/converted_json/6f.json
2025-11-14 09:35:17 - root._get_json_classname_for_box - DEBUG <-> _get_json_classname_for_box: found file: /home/madan/a/labels/converted_json/6f.json
2025-11-14 09:35:17 - root._get_json_classname_for_box - DEBUG <-> _get_json_classname_for_box: checking object with keys: ['bbox', 'category_id']
2025-11-14 09:35:17 - root.update_labels_panel - DEBUG <-> Label panel: box idx=14 numeric class_idx=2 -> class_name='savety vest'
2025-11-14 09:35:17 - root._get_json_classname_for_box - DEBUG <-> _get_json_classname_for_box: checking candidate path: /home/madan/a/labels/converted_json/6f.json
2025-11-14 09:35:17 - root._get_json_classname_for_box - DEBUG <-> _get_json_classname_for_box: found file: /home/madan/a/labels/converted_json/6f.json
2025-11-14 09:35:17 - root._get_json_classname_for_box - DEBUG <-> _get_json_classname_for_box: checking object with keys: ['bbox', 'category_id']
2025-11-14 09:35:17 - root.update_labels_panel - DEBUG <-> Label panel: box idx=15 numeric class_idx=4 -> class_name='no savety vest'
2025-11-14 09:35:17 - root._get_json_classname_for_box - DEBUG <-> _get_json_classname_for_box: checking candidate path: /home/madan/a/labels/converted_json/6f.json
2025-11-14 09:35:17 - root._get_json_classname_for_box - DEBUG <-> _get_json_classname_for_box: found file: /home/madan/a/labels/converted_json/6f.json
2025-11-14 09:35:17 - root._get_json_classname_for_box - DEBUG <-> _get_json_classname_for_box: checking object with keys: ['bbox', 'category_id']
2025-11-14 09:35:17 - root.update_labels_panel - DEBUG <-> Label panel: box idx=16 numeric class_idx=4 -> class_name='no savety vest'
2025-11-14 09:35:17 - root._get_json_classname_for_box - DEBUG <-> _get_json_classname_for_box: checking candidate path: /home/madan/a/labels/converted_json/6f.json
2025-11-14 09:35:17 - root._get_json_classname_for_box - DEBUG <-> _get_json_classname_for_box: found file: /home/madan/a/labels/converted_json/6f.json
2025-11-14 09:35:17 - root._get_json_classname_for_box - DEBUG <-> _get_json_classname_for_box: checking object with keys: ['bbox', 'category_id']
2025-11-14 09:35:17 - root.update_labels_panel - DEBUG <-> Label panel: box idx=17 numeric class_idx=2 -> class_name='savety vest'
2025-11-14 09:35:17 - root.update_labels_panel - DEBUG <-> Setting canvas.selected_boxes to {0, 1, 2, 3, 4, 5, 6, 7, 8, 9, 10, 11, 12, 13, 14, 15, 16, 17}
2025-11-14 09:35:22 - root._extract_boxes_from_item - DEBUG <-> JSON object fields: className=None, classId=None, category_id=3, category_name=None
2025-11-14 09:35:22 - root._extract_boxes_from_item - DEBUG <-> Parsed numeric category_id -> 3
2025-11-14 09:35:22 - root._extract_boxes_from_item - DEBUG <-> Appending box: x=0.526442,y=0.604567,w=0.0625,h=0.122596, resolved_class_id=3
2025-11-14 09:35:22 - root._extract_boxes_from_item - DEBUG <-> JSON object fields: className=None, classId=None, category_id=3, category_name=None
2025-11-14 09:35:22 - root._extract_boxes_from_item - DEBUG <-> Parsed numeric category_id -> 3
2025-11-14 09:35:22 - root._extract_boxes_from_item - DEBUG <-> Appending box: x=0.328125,y=0.674279,w=0.074519,h=0.146635, resolved_class_id=3
2025-11-14 09:35:22 - root._extract_boxes_from_item - DEBUG <-> JSON object fields: className=None, classId=None, category_id=4, category_name=None
2025-11-14 09:35:22 - root._extract_boxes_from_item - DEBUG <-> Parsed numeric category_id -> 4
2025-11-14 09:35:22 - root._extract_boxes_from_item - DEBUG <-> Appending box: x=0.341346,y=0.840144,w=0.110577,h=0.242788, resolved_class_id=4
2025-11-14 09:35:22 - root._extract_boxes_from_item - DEBUG <-> JSON object fields: className=None, classId=None, category_id=0, category_name=None
2025-11-14 09:35:22 - root._extract_boxes_from_item - DEBUG <-> Parsed numeric category_id -> 0
2025-11-14 09:35:22 - root._extract_boxes_from_item - DEBUG <-> Appending box: x=0.498798,y=0.769231,w=0.175481,h=0.461538, resolved_class_id=0
2025-11-14 09:35:22 - root._extract_boxes_from_item - DEBUG <-> JSON object fields: className=None, classId=None, category_id=0, category_name=None
2025-11-14 09:35:22 - root._extract_boxes_from_item - DEBUG <-> Parsed numeric category_id -> 0
2025-11-14 09:35:22 - root._extract_boxes_from_item - DEBUG <-> Appending box: x=0.34375,y=0.792067,w=0.153846,h=0.401442, resolved_class_id=0
2025-11-14 09:35:22 - root._extract_boxes_from_item - DEBUG <-> JSON object fields: className=None, classId=None, category_id=2, category_name=None
2025-11-14 09:35:22 - root._extract_boxes_from_item - DEBUG <-> Parsed numeric category_id -> 2
2025-11-14 09:35:22 - root._extract_boxes_from_item - DEBUG <-> Appending box: x=0.53125,y=0.748798,w=0.100962,h=0.185096, resolved_class_id=2
2025-11-14 09:35:22 - root._get_json_classname_for_box - DEBUG <-> _get_json_classname_for_box: checking candidate path: /home/madan/a/labels/converted_json/37.json
2025-11-14 09:35:22 - root._get_json_classname_for_box - DEBUG <-> _get_json_classname_for_box: found file: /home/madan/a/labels/converted_json/37.json
2025-11-14 09:35:22 - root._get_json_classname_for_box - DEBUG <-> _get_json_classname_for_box: checking object with keys: ['bbox', 'category_id']
2025-11-14 09:35:22 - root.update_labels_panel - DEBUG <-> Label panel: box idx=0 numeric class_idx=3 -> class_name='no helmet'
2025-11-14 09:35:22 - root._get_json_classname_for_box - DEBUG <-> _get_json_classname_for_box: checking candidate path: /home/madan/a/labels/converted_json/37.json
2025-11-14 09:35:22 - root._get_json_classname_for_box - DEBUG <-> _get_json_classname_for_box: found file: /home/madan/a/labels/converted_json/37.json
2025-11-14 09:35:22 - root._get_json_classname_for_box - DEBUG <-> _get_json_classname_for_box: checking object with keys: ['bbox', 'category_id']
2025-11-14 09:35:22 - root.update_labels_panel - DEBUG <-> Label panel: box idx=1 numeric class_idx=3 -> class_name='no helmet'
2025-11-14 09:35:22 - root._get_json_classname_for_box - DEBUG <-> _get_json_classname_for_box: checking candidate path: /home/madan/a/labels/converted_json/37.json
2025-11-14 09:35:22 - root._get_json_classname_for_box - DEBUG <-> _get_json_classname_for_box: found file: /home/madan/a/labels/converted_json/37.json
2025-11-14 09:35:22 - root._get_json_classname_for_box - DEBUG <-> _get_json_classname_for_box: checking object with keys: ['bbox', 'category_id']
2025-11-14 09:35:22 - root.update_labels_panel - DEBUG <-> Label panel: box idx=2 numeric class_idx=4 -> class_name='no savety vest'
2025-11-14 09:35:22 - root._get_json_classname_for_box - DEBUG <-> _get_json_classname_for_box: checking candidate path: /home/madan/a/labels/converted_json/37.json
2025-11-14 09:35:22 - root._get_json_classname_for_box - DEBUG <-> _get_json_classname_for_box: found file: /home/madan/a/labels/converted_json/37.json
2025-11-14 09:35:22 - root._get_json_classname_for_box - DEBUG <-> _get_json_classname_for_box: checking object with keys: ['bbox', 'category_id']
2025-11-14 09:35:22 - root.update_labels_panel - DEBUG <-> Label panel: box idx=3 numeric class_idx=0 -> class_name='person'
2025-11-14 09:35:22 - root._get_json_classname_for_box - DEBUG <-> _get_json_classname_for_box: checking candidate path: /home/madan/a/labels/converted_json/37.json
2025-11-14 09:35:22 - root._get_json_classname_for_box - DEBUG <-> _get_json_classname_for_box: found file: /home/madan/a/labels/converted_json/37.json
2025-11-14 09:35:22 - root._get_json_classname_for_box - DEBUG <-> _get_json_classname_for_box: checking object with keys: ['bbox', 'category_id']
2025-11-14 09:35:22 - root.update_labels_panel - DEBUG <-> Label panel: box idx=4 numeric class_idx=0 -> class_name='person'
2025-11-14 09:35:22 - root._get_json_classname_for_box - DEBUG <-> _get_json_classname_for_box: checking candidate path: /home/madan/a/labels/converted_json/37.json
2025-11-14 09:35:22 - root._get_json_classname_for_box - DEBUG <-> _get_json_classname_for_box: found file: /home/madan/a/labels/converted_json/37.json
2025-11-14 09:35:22 - root._get_json_classname_for_box - DEBUG <-> _get_json_classname_for_box: checking object with keys: ['bbox', 'category_id']
2025-11-14 09:35:22 - root.update_labels_panel - DEBUG <-> Label panel: box idx=5 numeric class_idx=2 -> class_name='savety vest'
2025-11-14 09:35:22 - root.update_labels_panel - DEBUG <-> Setting canvas.selected_boxes to {0, 1, 2, 3, 4, 5}
2025-11-14 09:35:23 - root._extract_boxes_from_item - DEBUG <-> JSON object fields: className=None, classId=None, category_id=1, category_name=None
2025-11-14 09:35:23 - root._extract_boxes_from_item - DEBUG <-> Parsed numeric category_id -> 1
2025-11-14 09:35:23 - root._extract_boxes_from_item - DEBUG <-> Appending box: x=0.084603,y=0.582689,w=0.070185,h=0.084139, resolved_class_id=1
2025-11-14 09:35:23 - root._extract_boxes_from_item - DEBUG <-> JSON object fields: className=None, classId=None, category_id=0, category_name=None
2025-11-14 09:35:23 - root._extract_boxes_from_item - DEBUG <-> Parsed numeric category_id -> 0
2025-11-14 09:35:23 - root._extract_boxes_from_item - DEBUG <-> Appending box: x=0.098749,y=0.673114,w=0.196409,h=0.276596, resolved_class_id=0
2025-11-14 09:35:23 - root._extract_boxes_from_item - DEBUG <-> JSON object fields: className=None, classId=None, category_id=4, category_name=None
2025-11-14 09:35:23 - root._extract_boxes_from_item - DEBUG <-> Parsed numeric category_id -> 4
2025-11-14 09:35:23 - root._extract_boxes_from_item - DEBUG <-> Appending box: x=0.107454,y=0.698259,w=0.169206,h=0.141199, resolved_class_id=4
2025-11-14 09:35:23 - root._get_json_classname_for_box - DEBUG <-> _get_json_classname_for_box: checking candidate path: /home/madan/a/labels/converted_json/72f.json
2025-11-14 09:35:23 - root._get_json_classname_for_box - DEBUG <-> _get_json_classname_for_box: found file: /home/madan/a/labels/converted_json/72f.json
2025-11-14 09:35:23 - root._get_json_classname_for_box - DEBUG <-> _get_json_classname_for_box: checking object with keys: ['bbox', 'category_id']
2025-11-14 09:35:23 - root.update_labels_panel - DEBUG <-> Label panel: box idx=0 numeric class_idx=1 -> class_name='helmet'
2025-11-14 09:35:23 - root._get_json_classname_for_box - DEBUG <-> _get_json_classname_for_box: checking candidate path: /home/madan/a/labels/converted_json/72f.json
2025-11-14 09:35:23 - root._get_json_classname_for_box - DEBUG <-> _get_json_classname_for_box: found file: /home/madan/a/labels/converted_json/72f.json
2025-11-14 09:35:23 - root._get_json_classname_for_box - DEBUG <-> _get_json_classname_for_box: checking object with keys: ['bbox', 'category_id']
2025-11-14 09:35:23 - root.update_labels_panel - DEBUG <-> Label panel: box idx=1 numeric class_idx=0 -> class_name='person'
2025-11-14 09:35:23 - root._get_json_classname_for_box - DEBUG <-> _get_json_classname_for_box: checking candidate path: /home/madan/a/labels/converted_json/72f.json
2025-11-14 09:35:23 - root._get_json_classname_for_box - DEBUG <-> _get_json_classname_for_box: found file: /home/madan/a/labels/converted_json/72f.json
2025-11-14 09:35:23 - root._get_json_classname_for_box - DEBUG <-> _get_json_classname_for_box: checking object with keys: ['bbox', 'category_id']
2025-11-14 09:35:23 - root.update_labels_panel - DEBUG <-> Label panel: box idx=2 numeric class_idx=4 -> class_name='no savety vest'
2025-11-14 09:35:23 - root.update_labels_panel - DEBUG <-> Setting canvas.selected_boxes to {0, 1, 2}
2025-11-14 09:35:24 - root._extract_boxes_from_item - DEBUG <-> JSON object fields: className=None, classId=None, category_id=3, category_name=None
2025-11-14 09:35:24 - root._extract_boxes_from_item - DEBUG <-> Parsed numeric category_id -> 3
2025-11-14 09:35:24 - root._extract_boxes_from_item - DEBUG <-> Appending box: x=0.526442,y=0.604567,w=0.0625,h=0.122596, resolved_class_id=3
2025-11-14 09:35:24 - root._extract_boxes_from_item - DEBUG <-> JSON object fields: className=None, classId=None, category_id=3, category_name=None
2025-11-14 09:35:24 - root._extract_boxes_from_item - DEBUG <-> Parsed numeric category_id -> 3
2025-11-14 09:35:24 - root._extract_boxes_from_item - DEBUG <-> Appending box: x=0.328125,y=0.674279,w=0.074519,h=0.146635, resolved_class_id=3
2025-11-14 09:35:24 - root._extract_boxes_from_item - DEBUG <-> JSON object fields: className=None, classId=None, category_id=4, category_name=None
2025-11-14 09:35:24 - root._extract_boxes_from_item - DEBUG <-> Parsed numeric category_id -> 4
2025-11-14 09:35:24 - root._extract_boxes_from_item - DEBUG <-> Appending box: x=0.341346,y=0.840144,w=0.110577,h=0.242788, resolved_class_id=4
2025-11-14 09:35:24 - root._extract_boxes_from_item - DEBUG <-> JSON object fields: className=None, classId=None, category_id=0, category_name=None
2025-11-14 09:35:24 - root._extract_boxes_from_item - DEBUG <-> Parsed numeric category_id -> 0
2025-11-14 09:35:24 - root._extract_boxes_from_item - DEBUG <-> Appending box: x=0.498798,y=0.769231,w=0.175481,h=0.461538, resolved_class_id=0
2025-11-14 09:35:24 - root._extract_boxes_from_item - DEBUG <-> JSON object fields: className=None, classId=None, category_id=0, category_name=None
2025-11-14 09:35:24 - root._extract_boxes_from_item - DEBUG <-> Parsed numeric category_id -> 0
2025-11-14 09:35:24 - root._extract_boxes_from_item - DEBUG <-> Appending box: x=0.34375,y=0.792067,w=0.153846,h=0.401442, resolved_class_id=0
2025-11-14 09:35:24 - root._extract_boxes_from_item - DEBUG <-> JSON object fields: className=None, classId=None, category_id=2, category_name=None
2025-11-14 09:35:24 - root._extract_boxes_from_item - DEBUG <-> Parsed numeric category_id -> 2
2025-11-14 09:35:24 - root._extract_boxes_from_item - DEBUG <-> Appending box: x=0.53125,y=0.748798,w=0.100962,h=0.185096, resolved_class_id=2
2025-11-14 09:35:24 - root._get_json_classname_for_box - DEBUG <-> _get_json_classname_for_box: checking candidate path: /home/madan/a/labels/converted_json/37.json
2025-11-14 09:35:24 - root._get_json_classname_for_box - DEBUG <-> _get_json_classname_for_box: found file: /home/madan/a/labels/converted_json/37.json
2025-11-14 09:35:24 - root._get_json_classname_for_box - DEBUG <-> _get_json_classname_for_box: checking object with keys: ['bbox', 'category_id']
2025-11-14 09:35:24 - root.update_labels_panel - DEBUG <-> Label panel: box idx=0 numeric class_idx=3 -> class_name='no helmet'
2025-11-14 09:35:24 - root._get_json_classname_for_box - DEBUG <-> _get_json_classname_for_box: checking candidate path: /home/madan/a/labels/converted_json/37.json
2025-11-14 09:35:24 - root._get_json_classname_for_box - DEBUG <-> _get_json_classname_for_box: found file: /home/madan/a/labels/converted_json/37.json
2025-11-14 09:35:24 - root._get_json_classname_for_box - DEBUG <-> _get_json_classname_for_box: checking object with keys: ['bbox', 'category_id']
2025-11-14 09:35:24 - root.update_labels_panel - DEBUG <-> Label panel: box idx=1 numeric class_idx=3 -> class_name='no helmet'
2025-11-14 09:35:24 - root._get_json_classname_for_box - DEBUG <-> _get_json_classname_for_box: checking candidate path: /home/madan/a/labels/converted_json/37.json
2025-11-14 09:35:24 - root._get_json_classname_for_box - DEBUG <-> _get_json_classname_for_box: found file: /home/madan/a/labels/converted_json/37.json
2025-11-14 09:35:24 - root._get_json_classname_for_box - DEBUG <-> _get_json_classname_for_box: checking object with keys: ['bbox', 'category_id']
2025-11-14 09:35:24 - root.update_labels_panel - DEBUG <-> Label panel: box idx=2 numeric class_idx=4 -> class_name='no savety vest'
2025-11-14 09:35:24 - root._get_json_classname_for_box - DEBUG <-> _get_json_classname_for_box: checking candidate path: /home/madan/a/labels/converted_json/37.json
2025-11-14 09:35:24 - root._get_json_classname_for_box - DEBUG <-> _get_json_classname_for_box: found file: /home/madan/a/labels/converted_json/37.json
2025-11-14 09:35:24 - root._get_json_classname_for_box - DEBUG <-> _get_json_classname_for_box: checking object with keys: ['bbox', 'category_id']
2025-11-14 09:35:24 - root.update_labels_panel - DEBUG <-> Label panel: box idx=3 numeric class_idx=0 -> class_name='person'
2025-11-14 09:35:24 - root._get_json_classname_for_box - DEBUG <-> _get_json_classname_for_box: checking candidate path: /home/madan/a/labels/converted_json/37.json
2025-11-14 09:35:24 - root._get_json_classname_for_box - DEBUG <-> _get_json_classname_for_box: found file: /home/madan/a/labels/converted_json/37.json
2025-11-14 09:35:24 - root._get_json_classname_for_box - DEBUG <-> _get_json_classname_for_box: checking object with keys: ['bbox', 'category_id']
2025-11-14 09:35:24 - root.update_labels_panel - DEBUG <-> Label panel: box idx=4 numeric class_idx=0 -> class_name='person'
2025-11-14 09:35:24 - root._get_json_classname_for_box - DEBUG <-> _get_json_classname_for_box: checking candidate path: /home/madan/a/labels/converted_json/37.json
2025-11-14 09:35:24 - root._get_json_classname_for_box - DEBUG <-> _get_json_classname_for_box: found file: /home/madan/a/labels/converted_json/37.json
2025-11-14 09:35:24 - root._get_json_classname_for_box - DEBUG <-> _get_json_classname_for_box: checking object with keys: ['bbox', 'category_id']
2025-11-14 09:35:24 - root.update_labels_panel - DEBUG <-> Label panel: box idx=5 numeric class_idx=2 -> class_name='savety vest'
2025-11-14 09:35:24 - root.update_labels_panel - DEBUG <-> Setting canvas.selected_boxes to {0, 1, 2, 3, 4, 5}
2025-11-14 09:35:24 - root._extract_boxes_from_item - DEBUG <-> JSON object fields: className=None, classId=None, category_id=1, category_name=None
2025-11-14 09:35:24 - root._extract_boxes_from_item - DEBUG <-> Parsed numeric category_id -> 1
2025-11-14 09:35:24 - root._extract_boxes_from_item - DEBUG <-> Appending box: x=0.188672,y=0.25,w=0.074219,h=0.0625, resolved_class_id=1
2025-11-14 09:35:24 - root._extract_boxes_from_item - DEBUG <-> JSON object fields: className=None, classId=None, category_id=1, category_name=None
2025-11-14 09:35:24 - root._extract_boxes_from_item - DEBUG <-> Parsed numeric category_id -> 1
2025-11-14 09:35:24 - root._extract_boxes_from_item - DEBUG <-> Appending box: x=0.554297,y=0.208854,w=0.053906,h=0.057292, resolved_class_id=1
2025-11-14 09:35:24 - root._extract_boxes_from_item - DEBUG <-> JSON object fields: className=None, classId=None, category_id=1, category_name=None
2025-11-14 09:35:24 - root._extract_boxes_from_item - DEBUG <-> Parsed numeric category_id -> 1
2025-11-14 09:35:24 - root._extract_boxes_from_item - DEBUG <-> Appending box: x=0.3375,y=0.272396,w=0.05625,h=0.055208, resolved_class_id=1
2025-11-14 09:35:24 - root._extract_boxes_from_item - DEBUG <-> JSON object fields: className=None, classId=None, category_id=1, category_name=None
2025-11-14 09:35:24 - root._extract_boxes_from_item - DEBUG <-> Parsed numeric category_id -> 1
2025-11-14 09:35:24 - root._extract_boxes_from_item - DEBUG <-> Appending box: x=0.463281,y=0.270833,w=0.048438,h=0.045833, resolved_class_id=1
2025-11-14 09:35:24 - root._extract_boxes_from_item - DEBUG <-> JSON object fields: className=None, classId=None, category_id=1, category_name=None
2025-11-14 09:35:24 - root._extract_boxes_from_item - DEBUG <-> Parsed numeric category_id -> 1
2025-11-14 09:35:24 - root._extract_boxes_from_item - DEBUG <-> Appending box: x=0.821094,y=0.213542,w=0.151562,h=0.1375, resolved_class_id=1
2025-11-14 09:35:24 - root._extract_boxes_from_item - DEBUG <-> JSON object fields: className=None, classId=None, category_id=1, category_name=None
2025-11-14 09:35:24 - root._extract_boxes_from_item - DEBUG <-> Parsed numeric category_id -> 1
2025-11-14 09:35:24 - root._extract_boxes_from_item - DEBUG <-> Appending box: x=0.66875,y=0.239063,w=0.042188,h=0.040625, resolved_class_id=1
2025-11-14 09:35:24 - root._extract_boxes_from_item - DEBUG <-> JSON object fields: className=None, classId=None, category_id=0, category_name=None
2025-11-14 09:35:24 - root._extract_boxes_from_item - DEBUG <-> Parsed numeric category_id -> 0
2025-11-14 09:35:24 - root._extract_boxes_from_item - DEBUG <-> Appending box: x=0.2125,y=0.493229,w=0.176563,h=0.634375, resolved_class_id=0
2025-11-14 09:35:24 - root._extract_boxes_from_item - DEBUG <-> JSON object fields: className=None, classId=None, category_id=0, category_name=None
2025-11-14 09:35:24 - root._extract_boxes_from_item - DEBUG <-> Parsed numeric category_id -> 0
2025-11-14 09:35:24 - root._extract_boxes_from_item - DEBUG <-> Appending box: x=0.350781,y=0.4875,w=0.170313,h=0.525, resolved_class_id=0
2025-11-14 09:35:24 - root._extract_boxes_from_item - DEBUG <-> JSON object fields: className=None, classId=None, category_id=0, category_name=None
2025-11-14 09:35:24 - root._extract_boxes_from_item - DEBUG <-> Parsed numeric category_id -> 0
2025-11-14 09:35:24 - root._extract_boxes_from_item - DEBUG <-> Appending box: x=0.835938,y=0.572396,w=0.267188,h=0.855208, resolved_class_id=0
2025-11-14 09:35:24 - root._extract_boxes_from_item - DEBUG <-> JSON object fields: className=None, classId=None, category_id=0, category_name=None
2025-11-14 09:35:24 - root._extract_boxes_from_item - DEBUG <-> Parsed numeric category_id -> 0
2025-11-14 09:35:24 - root._extract_boxes_from_item - DEBUG <-> Appending box: x=0.476562,y=0.455208,w=0.128125,h=0.43125, resolved_class_id=0
2025-11-14 09:35:24 - root._extract_boxes_from_item - DEBUG <-> JSON object fields: className=None, classId=None, category_id=0, category_name=None
2025-11-14 09:35:24 - root._extract_boxes_from_item - DEBUG <-> Parsed numeric category_id -> 0
2025-11-14 09:35:24 - root._extract_boxes_from_item - DEBUG <-> Appending box: x=0.560547,y=0.395313,w=0.114844,h=0.446875, resolved_class_id=0
2025-11-14 09:35:24 - root._extract_boxes_from_item - DEBUG <-> JSON object fields: className=None, classId=None, category_id=0, category_name=None
2025-11-14 09:35:24 - root._extract_boxes_from_item - DEBUG <-> Parsed numeric category_id -> 0
2025-11-14 09:35:24 - root._extract_boxes_from_item - DEBUG <-> Appending box: x=0.665234,y=0.404167,w=0.089844,h=0.404167, resolved_class_id=0
2025-11-14 09:35:24 - root._extract_boxes_from_item - DEBUG <-> JSON object fields: className=None, classId=None, category_id=2, category_name=None
2025-11-14 09:35:24 - root._extract_boxes_from_item - DEBUG <-> Parsed numeric category_id -> 2
2025-11-14 09:35:24 - root._extract_boxes_from_item - DEBUG <-> Appending box: x=0.851562,y=0.545833,w=0.229687,h=0.36875, resolved_class_id=2
2025-11-14 09:35:24 - root._extract_boxes_from_item - DEBUG <-> JSON object fields: className=None, classId=None, category_id=4, category_name=None
2025-11-14 09:35:24 - root._extract_boxes_from_item - DEBUG <-> Parsed numeric category_id -> 4
2025-11-14 09:35:24 - root._extract_boxes_from_item - DEBUG <-> Appending box: x=0.201953,y=0.429167,w=0.128906,h=0.2125, resolved_class_id=4
2025-11-14 09:35:24 - root._extract_boxes_from_item - DEBUG <-> JSON object fields: className=None, classId=None, category_id=2, category_name=None
2025-11-14 09:35:24 - root._extract_boxes_from_item - DEBUG <-> Parsed numeric category_id -> 2
2025-11-14 09:35:24 - root._extract_boxes_from_item - DEBUG <-> Appending box: x=0.354687,y=0.414583,w=0.129688,h=0.19375, resolved_class_id=2
2025-11-14 09:35:24 - root._extract_boxes_from_item - DEBUG <-> JSON object fields: className=None, classId=None, category_id=4, category_name=None
2025-11-14 09:35:24 - root._extract_boxes_from_item - DEBUG <-> Parsed numeric category_id -> 4
2025-11-14 09:35:24 - root._extract_boxes_from_item - DEBUG <-> Appending box: x=0.46875,y=0.401562,w=0.078125,h=0.157292, resolved_class_id=4
2025-11-14 09:35:24 - root._extract_boxes_from_item - DEBUG <-> JSON object fields: className=None, classId=None, category_id=4, category_name=None
2025-11-14 09:35:24 - root._extract_boxes_from_item - DEBUG <-> Parsed numeric category_id -> 4
2025-11-14 09:35:24 - root._extract_boxes_from_item - DEBUG <-> Appending box: x=0.555078,y=0.333854,w=0.091406,h=0.138542, resolved_class_id=4
2025-11-14 09:35:24 - root._extract_boxes_from_item - DEBUG <-> JSON object fields: className=None, classId=None, category_id=2, category_name=None
2025-11-14 09:35:24 - root._extract_boxes_from_item - DEBUG <-> Parsed numeric category_id -> 2
2025-11-14 09:35:24 - root._extract_boxes_from_item - DEBUG <-> Appending box: x=0.669141,y=0.352604,w=0.078906,h=0.151042, resolved_class_id=2
2025-11-14 09:35:24 - root._get_json_classname_for_box - DEBUG <-> _get_json_classname_for_box: checking candidate path: /home/madan/a/labels/converted_json/6f.json
2025-11-14 09:35:24 - root._get_json_classname_for_box - DEBUG <-> _get_json_classname_for_box: found file: /home/madan/a/labels/converted_json/6f.json
2025-11-14 09:35:24 - root._get_json_classname_for_box - DEBUG <-> _get_json_classname_for_box: checking object with keys: ['bbox', 'category_id']
2025-11-14 09:35:24 - root.update_labels_panel - DEBUG <-> Label panel: box idx=0 numeric class_idx=1 -> class_name='helmet'
2025-11-14 09:35:24 - root._get_json_classname_for_box - DEBUG <-> _get_json_classname_for_box: checking candidate path: /home/madan/a/labels/converted_json/6f.json
2025-11-14 09:35:24 - root._get_json_classname_for_box - DEBUG <-> _get_json_classname_for_box: found file: /home/madan/a/labels/converted_json/6f.json
2025-11-14 09:35:24 - root._get_json_classname_for_box - DEBUG <-> _get_json_classname_for_box: checking object with keys: ['bbox', 'category_id']
2025-11-14 09:35:24 - root.update_labels_panel - DEBUG <-> Label panel: box idx=1 numeric class_idx=1 -> class_name='helmet'
2025-11-14 09:35:24 - root._get_json_classname_for_box - DEBUG <-> _get_json_classname_for_box: checking candidate path: /home/madan/a/labels/converted_json/6f.json
2025-11-14 09:35:24 - root._get_json_classname_for_box - DEBUG <-> _get_json_classname_for_box: found file: /home/madan/a/labels/converted_json/6f.json
2025-11-14 09:35:24 - root._get_json_classname_for_box - DEBUG <-> _get_json_classname_for_box: checking object with keys: ['bbox', 'category_id']
2025-11-14 09:35:24 - root.update_labels_panel - DEBUG <-> Label panel: box idx=2 numeric class_idx=1 -> class_name='helmet'
2025-11-14 09:35:24 - root._get_json_classname_for_box - DEBUG <-> _get_json_classname_for_box: checking candidate path: /home/madan/a/labels/converted_json/6f.json
2025-11-14 09:35:24 - root._get_json_classname_for_box - DEBUG <-> _get_json_classname_for_box: found file: /home/madan/a/labels/converted_json/6f.json
2025-11-14 09:35:24 - root._get_json_classname_for_box - DEBUG <-> _get_json_classname_for_box: checking object with keys: ['bbox', 'category_id']
2025-11-14 09:35:24 - root.update_labels_panel - DEBUG <-> Label panel: box idx=3 numeric class_idx=1 -> class_name='helmet'
2025-11-14 09:35:24 - root._get_json_classname_for_box - DEBUG <-> _get_json_classname_for_box: checking candidate path: /home/madan/a/labels/converted_json/6f.json
2025-11-14 09:35:24 - root._get_json_classname_for_box - DEBUG <-> _get_json_classname_for_box: found file: /home/madan/a/labels/converted_json/6f.json
2025-11-14 09:35:24 - root._get_json_classname_for_box - DEBUG <-> _get_json_classname_for_box: checking object with keys: ['bbox', 'category_id']
2025-11-14 09:35:24 - root.update_labels_panel - DEBUG <-> Label panel: box idx=4 numeric class_idx=1 -> class_name='helmet'
2025-11-14 09:35:24 - root._get_json_classname_for_box - DEBUG <-> _get_json_classname_for_box: checking candidate path: /home/madan/a/labels/converted_json/6f.json
2025-11-14 09:35:24 - root._get_json_classname_for_box - DEBUG <-> _get_json_classname_for_box: found file: /home/madan/a/labels/converted_json/6f.json
2025-11-14 09:35:24 - root._get_json_classname_for_box - DEBUG <-> _get_json_classname_for_box: checking object with keys: ['bbox', 'category_id']
2025-11-14 09:35:24 - root.update_labels_panel - DEBUG <-> Label panel: box idx=5 numeric class_idx=1 -> class_name='helmet'
2025-11-14 09:35:24 - root._get_json_classname_for_box - DEBUG <-> _get_json_classname_for_box: checking candidate path: /home/madan/a/labels/converted_json/6f.json
2025-11-14 09:35:24 - root._get_json_classname_for_box - DEBUG <-> _get_json_classname_for_box: found file: /home/madan/a/labels/converted_json/6f.json
2025-11-14 09:35:24 - root._get_json_classname_for_box - DEBUG <-> _get_json_classname_for_box: checking object with keys: ['bbox', 'category_id']
2025-11-14 09:35:24 - root.update_labels_panel - DEBUG <-> Label panel: box idx=6 numeric class_idx=0 -> class_name='person'
2025-11-14 09:35:24 - root._get_json_classname_for_box - DEBUG <-> _get_json_classname_for_box: checking candidate path: /home/madan/a/labels/converted_json/6f.json
2025-11-14 09:35:24 - root._get_json_classname_for_box - DEBUG <-> _get_json_classname_for_box: found file: /home/madan/a/labels/converted_json/6f.json
2025-11-14 09:35:24 - root._get_json_classname_for_box - DEBUG <-> _get_json_classname_for_box: checking object with keys: ['bbox', 'category_id']
2025-11-14 09:35:24 - root.update_labels_panel - DEBUG <-> Label panel: box idx=7 numeric class_idx=0 -> class_name='person'
2025-11-14 09:35:24 - root._get_json_classname_for_box - DEBUG <-> _get_json_classname_for_box: checking candidate path: /home/madan/a/labels/converted_json/6f.json
2025-11-14 09:35:24 - root._get_json_classname_for_box - DEBUG <-> _get_json_classname_for_box: found file: /home/madan/a/labels/converted_json/6f.json
2025-11-14 09:35:24 - root._get_json_classname_for_box - DEBUG <-> _get_json_classname_for_box: checking object with keys: ['bbox', 'category_id']
2025-11-14 09:35:24 - root.update_labels_panel - DEBUG <-> Label panel: box idx=8 numeric class_idx=0 -> class_name='person'
2025-11-14 09:35:24 - root._get_json_classname_for_box - DEBUG <-> _get_json_classname_for_box: checking candidate path: /home/madan/a/labels/converted_json/6f.json
2025-11-14 09:35:24 - root._get_json_classname_for_box - DEBUG <-> _get_json_classname_for_box: found file: /home/madan/a/labels/converted_json/6f.json
2025-11-14 09:35:24 - root._get_json_classname_for_box - DEBUG <-> _get_json_classname_for_box: checking object with keys: ['bbox', 'category_id']
2025-11-14 09:35:24 - root.update_labels_panel - DEBUG <-> Label panel: box idx=9 numeric class_idx=0 -> class_name='person'
2025-11-14 09:35:24 - root._get_json_classname_for_box - DEBUG <-> _get_json_classname_for_box: checking candidate path: /home/madan/a/labels/converted_json/6f.json
2025-11-14 09:35:24 - root._get_json_classname_for_box - DEBUG <-> _get_json_classname_for_box: found file: /home/madan/a/labels/converted_json/6f.json
2025-11-14 09:35:24 - root._get_json_classname_for_box - DEBUG <-> _get_json_classname_for_box: checking object with keys: ['bbox', 'category_id']
2025-11-14 09:35:24 - root.update_labels_panel - DEBUG <-> Label panel: box idx=10 numeric class_idx=0 -> class_name='person'
2025-11-14 09:35:24 - root._get_json_classname_for_box - DEBUG <-> _get_json_classname_for_box: checking candidate path: /home/madan/a/labels/converted_json/6f.json
2025-11-14 09:35:24 - root._get_json_classname_for_box - DEBUG <-> _get_json_classname_for_box: found file: /home/madan/a/labels/converted_json/6f.json
2025-11-14 09:35:24 - root._get_json_classname_for_box - DEBUG <-> _get_json_classname_for_box: checking object with keys: ['bbox', 'category_id']
2025-11-14 09:35:24 - root.update_labels_panel - DEBUG <-> Label panel: box idx=11 numeric class_idx=0 -> class_name='person'
2025-11-14 09:35:24 - root._get_json_classname_for_box - DEBUG <-> _get_json_classname_for_box: checking candidate path: /home/madan/a/labels/converted_json/6f.json
2025-11-14 09:35:24 - root._get_json_classname_for_box - DEBUG <-> _get_json_classname_for_box: found file: /home/madan/a/labels/converted_json/6f.json
2025-11-14 09:35:24 - root._get_json_classname_for_box - DEBUG <-> _get_json_classname_for_box: checking object with keys: ['bbox', 'category_id']
2025-11-14 09:35:24 - root.update_labels_panel - DEBUG <-> Label panel: box idx=12 numeric class_idx=2 -> class_name='savety vest'
2025-11-14 09:35:24 - root._get_json_classname_for_box - DEBUG <-> _get_json_classname_for_box: checking candidate path: /home/madan/a/labels/converted_json/6f.json
2025-11-14 09:35:24 - root._get_json_classname_for_box - DEBUG <-> _get_json_classname_for_box: found file: /home/madan/a/labels/converted_json/6f.json
2025-11-14 09:35:24 - root._get_json_classname_for_box - DEBUG <-> _get_json_classname_for_box: checking object with keys: ['bbox', 'category_id']
2025-11-14 09:35:24 - root.update_labels_panel - DEBUG <-> Label panel: box idx=13 numeric class_idx=4 -> class_name='no savety vest'
2025-11-14 09:35:24 - root._get_json_classname_for_box - DEBUG <-> _get_json_classname_for_box: checking candidate path: /home/madan/a/labels/converted_json/6f.json
2025-11-14 09:35:24 - root._get_json_classname_for_box - DEBUG <-> _get_json_classname_for_box: found file: /home/madan/a/labels/converted_json/6f.json
2025-11-14 09:35:24 - root._get_json_classname_for_box - DEBUG <-> _get_json_classname_for_box: checking object with keys: ['bbox', 'category_id']
2025-11-14 09:35:24 - root.update_labels_panel - DEBUG <-> Label panel: box idx=14 numeric class_idx=2 -> class_name='savety vest'
2025-11-14 09:35:25 - root._get_json_classname_for_box - DEBUG <-> _get_json_classname_for_box: checking candidate path: /home/madan/a/labels/converted_json/6f.json
2025-11-14 09:35:25 - root._get_json_classname_for_box - DEBUG <-> _get_json_classname_for_box: found file: /home/madan/a/labels/converted_json/6f.json
2025-11-14 09:35:25 - root._get_json_classname_for_box - DEBUG <-> _get_json_classname_for_box: checking object with keys: ['bbox', 'category_id']
2025-11-14 09:35:25 - root.update_labels_panel - DEBUG <-> Label panel: box idx=15 numeric class_idx=4 -> class_name='no savety vest'
2025-11-14 09:35:25 - root._get_json_classname_for_box - DEBUG <-> _get_json_classname_for_box: checking candidate path: /home/madan/a/labels/converted_json/6f.json
2025-11-14 09:35:25 - root._get_json_classname_for_box - DEBUG <-> _get_json_classname_for_box: found file: /home/madan/a/labels/converted_json/6f.json
2025-11-14 09:35:25 - root._get_json_classname_for_box - DEBUG <-> _get_json_classname_for_box: checking object with keys: ['bbox', 'category_id']
2025-11-14 09:35:25 - root.update_labels_panel - DEBUG <-> Label panel: box idx=16 numeric class_idx=4 -> class_name='no savety vest'
2025-11-14 09:35:25 - root._get_json_classname_for_box - DEBUG <-> _get_json_classname_for_box: checking candidate path: /home/madan/a/labels/converted_json/6f.json
2025-11-14 09:35:25 - root._get_json_classname_for_box - DEBUG <-> _get_json_classname_for_box: found file: /home/madan/a/labels/converted_json/6f.json
2025-11-14 09:35:25 - root._get_json_classname_for_box - DEBUG <-> _get_json_classname_for_box: checking object with keys: ['bbox', 'category_id']
2025-11-14 09:35:25 - root.update_labels_panel - DEBUG <-> Label panel: box idx=17 numeric class_idx=2 -> class_name='savety vest'
2025-11-14 09:35:25 - root.update_labels_panel - DEBUG <-> Setting canvas.selected_boxes to {0, 1, 2, 3, 4, 5, 6, 7, 8, 9, 10, 11, 12, 13, 14, 15, 16, 17}
2025-11-14 09:35:25 - root._extract_boxes_from_item - DEBUG <-> JSON object fields: className=None, classId=None, category_id=3, category_name=None
2025-11-14 09:35:25 - root._extract_boxes_from_item - DEBUG <-> Parsed numeric category_id -> 3
2025-11-14 09:35:25 - root._extract_boxes_from_item - DEBUG <-> Appending box: x=0.526442,y=0.604567,w=0.0625,h=0.122596, resolved_class_id=3
2025-11-14 09:35:25 - root._extract_boxes_from_item - DEBUG <-> JSON object fields: className=None, classId=None, category_id=3, category_name=None
2025-11-14 09:35:25 - root._extract_boxes_from_item - DEBUG <-> Parsed numeric category_id -> 3
2025-11-14 09:35:25 - root._extract_boxes_from_item - DEBUG <-> Appending box: x=0.328125,y=0.674279,w=0.074519,h=0.146635, resolved_class_id=3
2025-11-14 09:35:25 - root._extract_boxes_from_item - DEBUG <-> JSON object fields: className=None, classId=None, category_id=4, category_name=None
2025-11-14 09:35:25 - root._extract_boxes_from_item - DEBUG <-> Parsed numeric category_id -> 4
2025-11-14 09:35:25 - root._extract_boxes_from_item - DEBUG <-> Appending box: x=0.341346,y=0.840144,w=0.110577,h=0.242788, resolved_class_id=4
2025-11-14 09:35:25 - root._extract_boxes_from_item - DEBUG <-> JSON object fields: className=None, classId=None, category_id=0, category_name=None
2025-11-14 09:35:25 - root._extract_boxes_from_item - DEBUG <-> Parsed numeric category_id -> 0
2025-11-14 09:35:25 - root._extract_boxes_from_item - DEBUG <-> Appending box: x=0.498798,y=0.769231,w=0.175481,h=0.461538, resolved_class_id=0
2025-11-14 09:35:25 - root._extract_boxes_from_item - DEBUG <-> JSON object fields: className=None, classId=None, category_id=0, category_name=None
2025-11-14 09:35:25 - root._extract_boxes_from_item - DEBUG <-> Parsed numeric category_id -> 0
2025-11-14 09:35:25 - root._extract_boxes_from_item - DEBUG <-> Appending box: x=0.34375,y=0.792067,w=0.153846,h=0.401442, resolved_class_id=0
2025-11-14 09:35:25 - root._extract_boxes_from_item - DEBUG <-> JSON object fields: className=None, classId=None, category_id=2, category_name=None
2025-11-14 09:35:25 - root._extract_boxes_from_item - DEBUG <-> Parsed numeric category_id -> 2
2025-11-14 09:35:25 - root._extract_boxes_from_item - DEBUG <-> Appending box: x=0.53125,y=0.748798,w=0.100962,h=0.185096, resolved_class_id=2
2025-11-14 09:35:25 - root._get_json_classname_for_box - DEBUG <-> _get_json_classname_for_box: checking candidate path: /home/madan/a/labels/converted_json/37.json
2025-11-14 09:35:25 - root._get_json_classname_for_box - DEBUG <-> _get_json_classname_for_box: found file: /home/madan/a/labels/converted_json/37.json
2025-11-14 09:35:25 - root._get_json_classname_for_box - DEBUG <-> _get_json_classname_for_box: checking object with keys: ['bbox', 'category_id']
2025-11-14 09:35:25 - root.update_labels_panel - DEBUG <-> Label panel: box idx=0 numeric class_idx=3 -> class_name='no helmet'
2025-11-14 09:35:25 - root._get_json_classname_for_box - DEBUG <-> _get_json_classname_for_box: checking candidate path: /home/madan/a/labels/converted_json/37.json
2025-11-14 09:35:25 - root._get_json_classname_for_box - DEBUG <-> _get_json_classname_for_box: found file: /home/madan/a/labels/converted_json/37.json
2025-11-14 09:35:25 - root._get_json_classname_for_box - DEBUG <-> _get_json_classname_for_box: checking object with keys: ['bbox', 'category_id']
2025-11-14 09:35:25 - root.update_labels_panel - DEBUG <-> Label panel: box idx=1 numeric class_idx=3 -> class_name='no helmet'
2025-11-14 09:35:25 - root._get_json_classname_for_box - DEBUG <-> _get_json_classname_for_box: checking candidate path: /home/madan/a/labels/converted_json/37.json
2025-11-14 09:35:25 - root._get_json_classname_for_box - DEBUG <-> _get_json_classname_for_box: found file: /home/madan/a/labels/converted_json/37.json
2025-11-14 09:35:25 - root._get_json_classname_for_box - DEBUG <-> _get_json_classname_for_box: checking object with keys: ['bbox', 'category_id']
2025-11-14 09:35:25 - root.update_labels_panel - DEBUG <-> Label panel: box idx=2 numeric class_idx=4 -> class_name='no savety vest'
2025-11-14 09:35:25 - root._get_json_classname_for_box - DEBUG <-> _get_json_classname_for_box: checking candidate path: /home/madan/a/labels/converted_json/37.json
2025-11-14 09:35:25 - root._get_json_classname_for_box - DEBUG <-> _get_json_classname_for_box: found file: /home/madan/a/labels/converted_json/37.json
2025-11-14 09:35:25 - root._get_json_classname_for_box - DEBUG <-> _get_json_classname_for_box: checking object with keys: ['bbox', 'category_id']
2025-11-14 09:35:25 - root.update_labels_panel - DEBUG <-> Label panel: box idx=3 numeric class_idx=0 -> class_name='person'
2025-11-14 09:35:25 - root._get_json_classname_for_box - DEBUG <-> _get_json_classname_for_box: checking candidate path: /home/madan/a/labels/converted_json/37.json
2025-11-14 09:35:25 - root._get_json_classname_for_box - DEBUG <-> _get_json_classname_for_box: found file: /home/madan/a/labels/converted_json/37.json
2025-11-14 09:35:25 - root._get_json_classname_for_box - DEBUG <-> _get_json_classname_for_box: checking object with keys: ['bbox', 'category_id']
2025-11-14 09:35:25 - root.update_labels_panel - DEBUG <-> Label panel: box idx=4 numeric class_idx=0 -> class_name='person'
2025-11-14 09:35:25 - root._get_json_classname_for_box - DEBUG <-> _get_json_classname_for_box: checking candidate path: /home/madan/a/labels/converted_json/37.json
2025-11-14 09:35:25 - root._get_json_classname_for_box - DEBUG <-> _get_json_classname_for_box: found file: /home/madan/a/labels/converted_json/37.json
2025-11-14 09:35:25 - root._get_json_classname_for_box - DEBUG <-> _get_json_classname_for_box: checking object with keys: ['bbox', 'category_id']
2025-11-14 09:35:25 - root.update_labels_panel - DEBUG <-> Label panel: box idx=5 numeric class_idx=2 -> class_name='savety vest'
2025-11-14 09:35:25 - root.update_labels_panel - DEBUG <-> Setting canvas.selected_boxes to {0, 1, 2, 3, 4, 5}
2025-11-14 09:35:25 - root._extract_boxes_from_item - DEBUG <-> JSON object fields: className=None, classId=None, category_id=1, category_name=None
2025-11-14 09:35:25 - root._extract_boxes_from_item - DEBUG <-> Parsed numeric category_id -> 1
2025-11-14 09:35:25 - root._extract_boxes_from_item - DEBUG <-> Appending box: x=0.084603,y=0.582689,w=0.070185,h=0.084139, resolved_class_id=1
2025-11-14 09:35:25 - root._extract_boxes_from_item - DEBUG <-> JSON object fields: className=None, classId=None, category_id=0, category_name=None
2025-11-14 09:35:25 - root._extract_boxes_from_item - DEBUG <-> Parsed numeric category_id -> 0
2025-11-14 09:35:25 - root._extract_boxes_from_item - DEBUG <-> Appending box: x=0.098749,y=0.673114,w=0.196409,h=0.276596, resolved_class_id=0
2025-11-14 09:35:25 - root._extract_boxes_from_item - DEBUG <-> JSON object fields: className=None, classId=None, category_id=4, category_name=None
2025-11-14 09:35:25 - root._extract_boxes_from_item - DEBUG <-> Parsed numeric category_id -> 4
2025-11-14 09:35:25 - root._extract_boxes_from_item - DEBUG <-> Appending box: x=0.107454,y=0.698259,w=0.169206,h=0.141199, resolved_class_id=4
2025-11-14 09:35:25 - root._get_json_classname_for_box - DEBUG <-> _get_json_classname_for_box: checking candidate path: /home/madan/a/labels/converted_json/72f.json
2025-11-14 09:35:25 - root._get_json_classname_for_box - DEBUG <-> _get_json_classname_for_box: found file: /home/madan/a/labels/converted_json/72f.json
2025-11-14 09:35:25 - root._get_json_classname_for_box - DEBUG <-> _get_json_classname_for_box: checking object with keys: ['bbox', 'category_id']
2025-11-14 09:35:25 - root.update_labels_panel - DEBUG <-> Label panel: box idx=0 numeric class_idx=1 -> class_name='helmet'
2025-11-14 09:35:25 - root._get_json_classname_for_box - DEBUG <-> _get_json_classname_for_box: checking candidate path: /home/madan/a/labels/converted_json/72f.json
2025-11-14 09:35:25 - root._get_json_classname_for_box - DEBUG <-> _get_json_classname_for_box: found file: /home/madan/a/labels/converted_json/72f.json
2025-11-14 09:35:25 - root._get_json_classname_for_box - DEBUG <-> _get_json_classname_for_box: checking object with keys: ['bbox', 'category_id']
2025-11-14 09:35:25 - root.update_labels_panel - DEBUG <-> Label panel: box idx=1 numeric class_idx=0 -> class_name='person'
2025-11-14 09:35:25 - root._get_json_classname_for_box - DEBUG <-> _get_json_classname_for_box: checking candidate path: /home/madan/a/labels/converted_json/72f.json
2025-11-14 09:35:25 - root._get_json_classname_for_box - DEBUG <-> _get_json_classname_for_box: found file: /home/madan/a/labels/converted_json/72f.json
2025-11-14 09:35:25 - root._get_json_classname_for_box - DEBUG <-> _get_json_classname_for_box: checking object with keys: ['bbox', 'category_id']
2025-11-14 09:35:25 - root.update_labels_panel - DEBUG <-> Label panel: box idx=2 numeric class_idx=4 -> class_name='no savety vest'
2025-11-14 09:35:25 - root.update_labels_panel - DEBUG <-> Setting canvas.selected_boxes to {0, 1, 2}
2025-11-14 09:35:26 - root._extract_boxes_from_item - DEBUG <-> JSON object fields: className=None, classId=None, category_id=1, category_name=None
2025-11-14 09:35:26 - root._extract_boxes_from_item - DEBUG <-> Parsed numeric category_id -> 1
2025-11-14 09:35:26 - root._extract_boxes_from_item - DEBUG <-> Appending box: x=0.494922,y=0.352778,w=0.050781,h=0.061111, resolved_class_id=1
2025-11-14 09:35:26 - root._extract_boxes_from_item - DEBUG <-> JSON object fields: className=None, classId=None, category_id=1, category_name=None
2025-11-14 09:35:26 - root._extract_boxes_from_item - DEBUG <-> Parsed numeric category_id -> 1
2025-11-14 09:35:26 - root._extract_boxes_from_item - DEBUG <-> Appending box: x=0.305859,y=0.256944,w=0.075781,h=0.077778, resolved_class_id=1
2025-11-14 09:35:26 - root._extract_boxes_from_item - DEBUG <-> JSON object fields: className=None, classId=None, category_id=1, category_name=None
2025-11-14 09:35:26 - root._extract_boxes_from_item - DEBUG <-> Parsed numeric category_id -> 1
2025-11-14 09:35:26 - root._extract_boxes_from_item - DEBUG <-> Appending box: x=0.415625,y=0.345139,w=0.05,h=0.054167, resolved_class_id=1
2025-11-14 09:35:26 - root._extract_boxes_from_item - DEBUG <-> JSON object fields: className=None, classId=None, category_id=1, category_name=None
2025-11-14 09:35:26 - root._extract_boxes_from_item - DEBUG <-> Parsed numeric category_id -> 1
2025-11-14 09:35:26 - root._extract_boxes_from_item - DEBUG <-> Appending box: x=0.614062,y=0.343056,w=0.067187,h=0.077778, resolved_class_id=1
2025-11-14 09:35:26 - root._extract_boxes_from_item - DEBUG <-> JSON object fields: className=None, classId=None, category_id=0, category_name=None
2025-11-14 09:35:26 - root._extract_boxes_from_item - DEBUG <-> Parsed numeric category_id -> 0
2025-11-14 09:35:26 - root._extract_boxes_from_item - DEBUG <-> Appending box: x=0.620703,y=0.647222,w=0.105469,h=0.705556, resolved_class_id=0
2025-11-14 09:35:26 - root._extract_boxes_from_item - DEBUG <-> JSON object fields: className=None, classId=None, category_id=0, category_name=None
2025-11-14 09:35:26 - root._extract_boxes_from_item - DEBUG <-> Parsed numeric category_id -> 0
2025-11-14 09:35:26 - root._extract_boxes_from_item - DEBUG <-> Appending box: x=0.504297,y=0.620139,w=0.094531,h=0.606944, resolved_class_id=0
2025-11-14 09:35:26 - root._extract_boxes_from_item - DEBUG <-> JSON object fields: className=None, classId=None, category_id=0, category_name=None
2025-11-14 09:35:26 - root._extract_boxes_from_item - DEBUG <-> Parsed numeric category_id -> 0
2025-11-14 09:35:26 - root._extract_boxes_from_item - DEBUG <-> Appending box: x=0.423828,y=0.597917,w=0.085156,h=0.576389, resolved_class_id=0
2025-11-14 09:35:26 - root._extract_boxes_from_item - DEBUG <-> JSON object fields: className=None, classId=None, category_id=0, category_name=None
2025-11-14 09:35:26 - root._extract_boxes_from_item - DEBUG <-> Parsed numeric category_id -> 0
2025-11-14 09:35:26 - root._extract_boxes_from_item - DEBUG <-> Appending box: x=0.324609,y=0.580556,w=0.147656,h=0.738889, resolved_class_id=0
2025-11-14 09:35:26 - root._extract_boxes_from_item - DEBUG <-> JSON object fields: className=None, classId=None, category_id=4, category_name=None
2025-11-14 09:35:26 - root._extract_boxes_from_item - DEBUG <-> Parsed numeric category_id -> 4
2025-11-14 09:35:26 - root._extract_boxes_from_item - DEBUG <-> Appending box: x=0.621875,y=0.564583,w=0.092188,h=0.281944, resolved_class_id=4
2025-11-14 09:35:26 - root._extract_boxes_from_item - DEBUG <-> JSON object fields: className=None, classId=None, category_id=4, category_name=None
2025-11-14 09:35:26 - root._extract_boxes_from_item - DEBUG <-> Parsed numeric category_id -> 4
2025-11-14 09:35:26 - root._extract_boxes_from_item - DEBUG <-> Appending box: x=0.504687,y=0.539583,w=0.096875,h=0.201389, resolved_class_id=4
2025-11-14 09:35:26 - root._extract_boxes_from_item - DEBUG <-> JSON object fields: className=None, classId=None, category_id=4, category_name=None
2025-11-14 09:35:26 - root._extract_boxes_from_item - DEBUG <-> Parsed numeric category_id -> 4
2025-11-14 09:35:26 - root._extract_boxes_from_item - DEBUG <-> Appending box: x=0.425391,y=0.50625,w=0.072656,h=0.176389, resolved_class_id=4
2025-11-14 09:35:26 - root._extract_boxes_from_item - DEBUG <-> JSON object fields: className=None, classId=None, category_id=2, category_name=None
2025-11-14 09:35:26 - root._extract_boxes_from_item - DEBUG <-> Parsed numeric category_id -> 2
2025-11-14 09:35:26 - root._extract_boxes_from_item - DEBUG <-> Appending box: x=0.305859,y=0.503472,w=0.113281,h=0.281944, resolved_class_id=2
2025-11-14 09:35:26 - root._get_json_classname_for_box - DEBUG <-> _get_json_classname_for_box: checking candidate path: /home/madan/a/labels/converted_json/84f.json
2025-11-14 09:35:26 - root._get_json_classname_for_box - DEBUG <-> _get_json_classname_for_box: found file: /home/madan/a/labels/converted_json/84f.json
2025-11-14 09:35:26 - root._get_json_classname_for_box - DEBUG <-> _get_json_classname_for_box: checking object with keys: ['bbox', 'category_id']
2025-11-14 09:35:26 - root.update_labels_panel - DEBUG <-> Label panel: box idx=0 numeric class_idx=1 -> class_name='helmet'
2025-11-14 09:35:26 - root._get_json_classname_for_box - DEBUG <-> _get_json_classname_for_box: checking candidate path: /home/madan/a/labels/converted_json/84f.json
2025-11-14 09:35:26 - root._get_json_classname_for_box - DEBUG <-> _get_json_classname_for_box: found file: /home/madan/a/labels/converted_json/84f.json
2025-11-14 09:35:26 - root._get_json_classname_for_box - DEBUG <-> _get_json_classname_for_box: checking object with keys: ['bbox', 'category_id']
2025-11-14 09:35:26 - root.update_labels_panel - DEBUG <-> Label panel: box idx=1 numeric class_idx=1 -> class_name='helmet'
2025-11-14 09:35:26 - root._get_json_classname_for_box - DEBUG <-> _get_json_classname_for_box: checking candidate path: /home/madan/a/labels/converted_json/84f.json
2025-11-14 09:35:26 - root._get_json_classname_for_box - DEBUG <-> _get_json_classname_for_box: found file: /home/madan/a/labels/converted_json/84f.json
2025-11-14 09:35:26 - root._get_json_classname_for_box - DEBUG <-> _get_json_classname_for_box: checking object with keys: ['bbox', 'category_id']
2025-11-14 09:35:26 - root.update_labels_panel - DEBUG <-> Label panel: box idx=2 numeric class_idx=1 -> class_name='helmet'
2025-11-14 09:35:26 - root._get_json_classname_for_box - DEBUG <-> _get_json_classname_for_box: checking candidate path: /home/madan/a/labels/converted_json/84f.json
2025-11-14 09:35:26 - root._get_json_classname_for_box - DEBUG <-> _get_json_classname_for_box: found file: /home/madan/a/labels/converted_json/84f.json
2025-11-14 09:35:26 - root._get_json_classname_for_box - DEBUG <-> _get_json_classname_for_box: checking object with keys: ['bbox', 'category_id']
2025-11-14 09:35:26 - root.update_labels_panel - DEBUG <-> Label panel: box idx=3 numeric class_idx=1 -> class_name='helmet'
2025-11-14 09:35:26 - root._get_json_classname_for_box - DEBUG <-> _get_json_classname_for_box: checking candidate path: /home/madan/a/labels/converted_json/84f.json
2025-11-14 09:35:26 - root._get_json_classname_for_box - DEBUG <-> _get_json_classname_for_box: found file: /home/madan/a/labels/converted_json/84f.json
2025-11-14 09:35:26 - root._get_json_classname_for_box - DEBUG <-> _get_json_classname_for_box: checking object with keys: ['bbox', 'category_id']
2025-11-14 09:35:26 - root.update_labels_panel - DEBUG <-> Label panel: box idx=4 numeric class_idx=0 -> class_name='person'
2025-11-14 09:35:26 - root._get_json_classname_for_box - DEBUG <-> _get_json_classname_for_box: checking candidate path: /home/madan/a/labels/converted_json/84f.json
2025-11-14 09:35:26 - root._get_json_classname_for_box - DEBUG <-> _get_json_classname_for_box: found file: /home/madan/a/labels/converted_json/84f.json
2025-11-14 09:35:26 - root._get_json_classname_for_box - DEBUG <-> _get_json_classname_for_box: checking object with keys: ['bbox', 'category_id']
2025-11-14 09:35:26 - root.update_labels_panel - DEBUG <-> Label panel: box idx=5 numeric class_idx=0 -> class_name='person'
2025-11-14 09:35:26 - root._get_json_classname_for_box - DEBUG <-> _get_json_classname_for_box: checking candidate path: /home/madan/a/labels/converted_json/84f.json
2025-11-14 09:35:26 - root._get_json_classname_for_box - DEBUG <-> _get_json_classname_for_box: found file: /home/madan/a/labels/converted_json/84f.json
2025-11-14 09:35:26 - root._get_json_classname_for_box - DEBUG <-> _get_json_classname_for_box: checking object with keys: ['bbox', 'category_id']
2025-11-14 09:35:26 - root.update_labels_panel - DEBUG <-> Label panel: box idx=6 numeric class_idx=0 -> class_name='person'
2025-11-14 09:35:26 - root._get_json_classname_for_box - DEBUG <-> _get_json_classname_for_box: checking candidate path: /home/madan/a/labels/converted_json/84f.json
2025-11-14 09:35:26 - root._get_json_classname_for_box - DEBUG <-> _get_json_classname_for_box: found file: /home/madan/a/labels/converted_json/84f.json
2025-11-14 09:35:26 - root._get_json_classname_for_box - DEBUG <-> _get_json_classname_for_box: checking object with keys: ['bbox', 'category_id']
2025-11-14 09:35:26 - root.update_labels_panel - DEBUG <-> Label panel: box idx=7 numeric class_idx=0 -> class_name='person'
2025-11-14 09:35:26 - root._get_json_classname_for_box - DEBUG <-> _get_json_classname_for_box: checking candidate path: /home/madan/a/labels/converted_json/84f.json
2025-11-14 09:35:26 - root._get_json_classname_for_box - DEBUG <-> _get_json_classname_for_box: found file: /home/madan/a/labels/converted_json/84f.json
2025-11-14 09:35:26 - root._get_json_classname_for_box - DEBUG <-> _get_json_classname_for_box: checking object with keys: ['bbox', 'category_id']
2025-11-14 09:35:26 - root.update_labels_panel - DEBUG <-> Label panel: box idx=8 numeric class_idx=4 -> class_name='no savety vest'
2025-11-14 09:35:26 - root._get_json_classname_for_box - DEBUG <-> _get_json_classname_for_box: checking candidate path: /home/madan/a/labels/converted_json/84f.json
2025-11-14 09:35:26 - root._get_json_classname_for_box - DEBUG <-> _get_json_classname_for_box: found file: /home/madan/a/labels/converted_json/84f.json
2025-11-14 09:35:26 - root._get_json_classname_for_box - DEBUG <-> _get_json_classname_for_box: checking object with keys: ['bbox', 'category_id']
2025-11-14 09:35:26 - root.update_labels_panel - DEBUG <-> Label panel: box idx=9 numeric class_idx=4 -> class_name='no savety vest'
2025-11-14 09:35:26 - root._get_json_classname_for_box - DEBUG <-> _get_json_classname_for_box: checking candidate path: /home/madan/a/labels/converted_json/84f.json
2025-11-14 09:35:26 - root._get_json_classname_for_box - DEBUG <-> _get_json_classname_for_box: found file: /home/madan/a/labels/converted_json/84f.json
2025-11-14 09:35:26 - root._get_json_classname_for_box - DEBUG <-> _get_json_classname_for_box: checking object with keys: ['bbox', 'category_id']
2025-11-14 09:35:26 - root.update_labels_panel - DEBUG <-> Label panel: box idx=10 numeric class_idx=4 -> class_name='no savety vest'
2025-11-14 09:35:26 - root._get_json_classname_for_box - DEBUG <-> _get_json_classname_for_box: checking candidate path: /home/madan/a/labels/converted_json/84f.json
2025-11-14 09:35:26 - root._get_json_classname_for_box - DEBUG <-> _get_json_classname_for_box: found file: /home/madan/a/labels/converted_json/84f.json
2025-11-14 09:35:26 - root._get_json_classname_for_box - DEBUG <-> _get_json_classname_for_box: checking object with keys: ['bbox', 'category_id']
2025-11-14 09:35:26 - root.update_labels_panel - DEBUG <-> Label panel: box idx=11 numeric class_idx=2 -> class_name='savety vest'
2025-11-14 09:35:26 - root.update_labels_panel - DEBUG <-> Setting canvas.selected_boxes to {0, 1, 2, 3, 4, 5, 6, 7, 8, 9, 10, 11}
2025-11-14 09:35:26 - root._extract_boxes_from_item - DEBUG <-> JSON object fields: className=None, classId=None, category_id=0, category_name=None
2025-11-14 09:35:26 - root._extract_boxes_from_item - DEBUG <-> Parsed numeric category_id -> 0
2025-11-14 09:35:26 - root._extract_boxes_from_item - DEBUG <-> Appending box: x=0.51695,y=0.489437,w=0.214689,h=0.992958, resolved_class_id=0
2025-11-14 09:35:26 - root._extract_boxes_from_item - DEBUG <-> JSON object fields: className=None, classId=None, category_id=4, category_name=None
2025-11-14 09:35:26 - root._extract_boxes_from_item - DEBUG <-> Parsed numeric category_id -> 4
2025-11-14 09:35:26 - root._extract_boxes_from_item - DEBUG <-> Appending box: x=0.526836,y=0.566902,w=0.155367,h=0.640846, resolved_class_id=4
2025-11-14 09:35:26 - root._extract_boxes_from_item - DEBUG <-> JSON object fields: className=None, classId=None, category_id=1, category_name=None
2025-11-14 09:35:26 - root._extract_boxes_from_item - DEBUG <-> Parsed numeric category_id -> 1
2025-11-14 09:35:26 - root._extract_boxes_from_item - DEBUG <-> Appending box: x=0.501412,y=0.066901,w=0.09887,h=0.133803, resolved_class_id=1
2025-11-14 09:35:26 - root._get_json_classname_for_box - DEBUG <-> _get_json_classname_for_box: checking candidate path: /home/madan/a/labels/converted_json/148f.json
2025-11-14 09:35:26 - root._get_json_classname_for_box - DEBUG <-> _get_json_classname_for_box: found file: /home/madan/a/labels/converted_json/148f.json
2025-11-14 09:35:26 - root._get_json_classname_for_box - DEBUG <-> _get_json_classname_for_box: checking object with keys: ['bbox', 'category_id']
2025-11-14 09:35:26 - root.update_labels_panel - DEBUG <-> Label panel: box idx=0 numeric class_idx=0 -> class_name='person'
2025-11-14 09:35:26 - root._get_json_classname_for_box - DEBUG <-> _get_json_classname_for_box: checking candidate path: /home/madan/a/labels/converted_json/148f.json
2025-11-14 09:35:26 - root._get_json_classname_for_box - DEBUG <-> _get_json_classname_for_box: found file: /home/madan/a/labels/converted_json/148f.json
2025-11-14 09:35:26 - root._get_json_classname_for_box - DEBUG <-> _get_json_classname_for_box: checking object with keys: ['bbox', 'category_id']
2025-11-14 09:35:26 - root.update_labels_panel - DEBUG <-> Label panel: box idx=1 numeric class_idx=4 -> class_name='no savety vest'
2025-11-14 09:35:26 - root._get_json_classname_for_box - DEBUG <-> _get_json_classname_for_box: checking candidate path: /home/madan/a/labels/converted_json/148f.json
2025-11-14 09:35:26 - root._get_json_classname_for_box - DEBUG <-> _get_json_classname_for_box: found file: /home/madan/a/labels/converted_json/148f.json
2025-11-14 09:35:26 - root._get_json_classname_for_box - DEBUG <-> _get_json_classname_for_box: checking object with keys: ['bbox', 'category_id']
2025-11-14 09:35:26 - root.update_labels_panel - DEBUG <-> Label panel: box idx=2 numeric class_idx=1 -> class_name='helmet'
2025-11-14 09:35:26 - root.update_labels_panel - DEBUG <-> Setting canvas.selected_boxes to {0, 1, 2}
2025-11-14 09:35:27 - root._extract_boxes_from_item - DEBUG <-> JSON object fields: className=None, classId=None, category_id=3, category_name=None
2025-11-14 09:35:27 - root._extract_boxes_from_item - DEBUG <-> Parsed numeric category_id -> 3
2025-11-14 09:35:27 - root._extract_boxes_from_item - DEBUG <-> Appending box: x=0.430288,y=0.757212,w=0.024038,h=0.081731, resolved_class_id=3
2025-11-14 09:35:27 - root._extract_boxes_from_item - DEBUG <-> JSON object fields: className=None, classId=None, category_id=4, category_name=None
2025-11-14 09:35:27 - root._extract_boxes_from_item - DEBUG <-> Parsed numeric category_id -> 4
2025-11-14 09:35:27 - root._extract_boxes_from_item - DEBUG <-> Appending box: x=0.4375,y=0.680288,w=0.048077,h=0.105769, resolved_class_id=4
2025-11-14 09:35:27 - root._extract_boxes_from_item - DEBUG <-> JSON object fields: className=None, classId=None, category_id=0, category_name=None
2025-11-14 09:35:27 - root._extract_boxes_from_item - DEBUG <-> Parsed numeric category_id -> 0
2025-11-14 09:35:27 - root._extract_boxes_from_item - DEBUG <-> Appending box: x=0.442308,y=0.653846,w=0.081731,h=0.317308, resolved_class_id=0
2025-11-14 09:35:27 - root._get_json_classname_for_box - DEBUG <-> _get_json_classname_for_box: checking candidate path: /home/madan/a/labels/converted_json/149.json
2025-11-14 09:35:27 - root._get_json_classname_for_box - DEBUG <-> _get_json_classname_for_box: found file: /home/madan/a/labels/converted_json/149.json
2025-11-14 09:35:27 - root._get_json_classname_for_box - DEBUG <-> _get_json_classname_for_box: checking object with keys: ['bbox', 'category_id']
2025-11-14 09:35:27 - root.update_labels_panel - DEBUG <-> Label panel: box idx=0 numeric class_idx=3 -> class_name='no helmet'
2025-11-14 09:35:27 - root._get_json_classname_for_box - DEBUG <-> _get_json_classname_for_box: checking candidate path: /home/madan/a/labels/converted_json/149.json
2025-11-14 09:35:27 - root._get_json_classname_for_box - DEBUG <-> _get_json_classname_for_box: found file: /home/madan/a/labels/converted_json/149.json
2025-11-14 09:35:27 - root._get_json_classname_for_box - DEBUG <-> _get_json_classname_for_box: checking object with keys: ['bbox', 'category_id']
2025-11-14 09:35:27 - root.update_labels_panel - DEBUG <-> Label panel: box idx=1 numeric class_idx=4 -> class_name='no savety vest'
2025-11-14 09:35:27 - root._get_json_classname_for_box - DEBUG <-> _get_json_classname_for_box: checking candidate path: /home/madan/a/labels/converted_json/149.json
2025-11-14 09:35:27 - root._get_json_classname_for_box - DEBUG <-> _get_json_classname_for_box: found file: /home/madan/a/labels/converted_json/149.json
2025-11-14 09:35:27 - root._get_json_classname_for_box - DEBUG <-> _get_json_classname_for_box: checking object with keys: ['bbox', 'category_id']
2025-11-14 09:35:27 - root.update_labels_panel - DEBUG <-> Label panel: box idx=2 numeric class_idx=0 -> class_name='person'
2025-11-14 09:35:27 - root.update_labels_panel - DEBUG <-> Setting canvas.selected_boxes to {0, 1, 2}
2025-11-14 09:35:38 - root.update_labels_panel - DEBUG <-> Label panel: box idx=0 numeric class_idx=3 -> class_name='no helmet'
2025-11-14 09:35:38 - root.update_labels_panel - DEBUG <-> Label panel: box idx=1 numeric class_idx=4 -> class_name='no savety vest'
2025-11-14 09:35:38 - root.update_labels_panel - DEBUG <-> Label panel: box idx=2 numeric class_idx=0 -> class_name='person'
2025-11-14 09:35:38 - root.update_labels_panel - DEBUG <-> Setting canvas.selected_boxes to {0, 1, 2}
2025-11-14 09:35:44 - root._load_coco_boxes - DEBUG <-> COCO file has 166 images. Looking for: '6f.jpg'
2025-11-14 09:35:44 - root._load_coco_boxes - DEBUG <-> Found exact match for '6f.jpg' with image_id=27
2025-11-14 09:35:44 - root._load_coco_boxes - DEBUG <-> Loaded 18 annotations for '6f.jpg'
2025-11-14 09:35:44 - root.update_labels_panel - DEBUG <-> Label panel: box idx=0 numeric class_idx=1 -> class_name='helmet'
2025-11-14 09:35:44 - root.update_labels_panel - DEBUG <-> Label panel: box idx=1 numeric class_idx=1 -> class_name='helmet'
2025-11-14 09:35:44 - root.update_labels_panel - DEBUG <-> Label panel: box idx=2 numeric class_idx=1 -> class_name='helmet'
2025-11-14 09:35:44 - root.update_labels_panel - DEBUG <-> Label panel: box idx=3 numeric class_idx=1 -> class_name='helmet'
2025-11-14 09:35:44 - root.update_labels_panel - DEBUG <-> Label panel: box idx=4 numeric class_idx=1 -> class_name='helmet'
2025-11-14 09:35:44 - root.update_labels_panel - DEBUG <-> Label panel: box idx=5 numeric class_idx=1 -> class_name='helmet'
2025-11-14 09:35:44 - root.update_labels_panel - DEBUG <-> Label panel: box idx=6 numeric class_idx=0 -> class_name='person'
2025-11-14 09:35:44 - root.update_labels_panel - DEBUG <-> Label panel: box idx=7 numeric class_idx=0 -> class_name='person'
2025-11-14 09:35:44 - root.update_labels_panel - DEBUG <-> Label panel: box idx=8 numeric class_idx=0 -> class_name='person'
2025-11-14 09:35:44 - root.update_labels_panel - DEBUG <-> Label panel: box idx=9 numeric class_idx=0 -> class_name='person'
2025-11-14 09:35:44 - root.update_labels_panel - DEBUG <-> Label panel: box idx=10 numeric class_idx=0 -> class_name='person'
2025-11-14 09:35:44 - root.update_labels_panel - DEBUG <-> Label panel: box idx=11 numeric class_idx=0 -> class_name='person'
2025-11-14 09:35:44 - root.update_labels_panel - DEBUG <-> Label panel: box idx=12 numeric class_idx=2 -> class_name='savety vest'
2025-11-14 09:35:44 - root.update_labels_panel - DEBUG <-> Label panel: box idx=13 numeric class_idx=4 -> class_name='no savety vest'
2025-11-14 09:35:44 - root.update_labels_panel - DEBUG <-> Label panel: box idx=14 numeric class_idx=2 -> class_name='savety vest'
2025-11-14 09:35:44 - root.update_labels_panel - DEBUG <-> Label panel: box idx=15 numeric class_idx=4 -> class_name='no savety vest'
2025-11-14 09:35:44 - root.update_labels_panel - DEBUG <-> Label panel: box idx=16 numeric class_idx=4 -> class_name='no savety vest'
2025-11-14 09:35:44 - root.update_labels_panel - DEBUG <-> Label panel: box idx=17 numeric class_idx=2 -> class_name='savety vest'
2025-11-14 09:35:44 - root.update_labels_panel - DEBUG <-> Setting canvas.selected_boxes to {0, 1, 2, 3, 4, 5, 6, 7, 8, 9, 10, 11, 12, 13, 14, 15, 16, 17}
2025-11-14 09:35:45 - root._load_coco_boxes - DEBUG <-> COCO file has 166 images. Looking for: '37.jpg'
2025-11-14 09:35:45 - root._load_coco_boxes - DEBUG <-> Found exact match for '37.jpg' with image_id=17
2025-11-14 09:35:45 - root._load_coco_boxes - DEBUG <-> Loaded 6 annotations for '37.jpg'
2025-11-14 09:35:45 - root.update_labels_panel - DEBUG <-> Label panel: box idx=0 numeric class_idx=3 -> class_name='no helmet'
2025-11-14 09:35:45 - root.update_labels_panel - DEBUG <-> Label panel: box idx=1 numeric class_idx=3 -> class_name='no helmet'
2025-11-14 09:35:45 - root.update_labels_panel - DEBUG <-> Label panel: box idx=2 numeric class_idx=4 -> class_name='no savety vest'
2025-11-14 09:35:45 - root.update_labels_panel - DEBUG <-> Label panel: box idx=3 numeric class_idx=0 -> class_name='person'
2025-11-14 09:35:45 - root.update_labels_panel - DEBUG <-> Label panel: box idx=4 numeric class_idx=0 -> class_name='person'
2025-11-14 09:35:45 - root.update_labels_panel - DEBUG <-> Label panel: box idx=5 numeric class_idx=2 -> class_name='savety vest'
2025-11-14 09:35:45 - root.update_labels_panel - DEBUG <-> Setting canvas.selected_boxes to {0, 1, 2, 3, 4, 5}
2025-11-14 09:35:46 - root._load_coco_boxes - DEBUG <-> COCO file has 166 images. Looking for: '72f.jpg'
2025-11-14 09:35:46 - root._load_coco_boxes - DEBUG <-> Found exact match for '72f.jpg' with image_id=28
2025-11-14 09:35:46 - root._load_coco_boxes - DEBUG <-> Loaded 3 annotations for '72f.jpg'
2025-11-14 09:35:46 - root.update_labels_panel - DEBUG <-> Label panel: box idx=0 numeric class_idx=1 -> class_name='helmet'
2025-11-14 09:35:46 - root.update_labels_panel - DEBUG <-> Label panel: box idx=1 numeric class_idx=0 -> class_name='person'
2025-11-14 09:35:46 - root.update_labels_panel - DEBUG <-> Label panel: box idx=2 numeric class_idx=4 -> class_name='no savety vest'
2025-11-14 09:35:46 - root.update_labels_panel - DEBUG <-> Setting canvas.selected_boxes to {0, 1, 2}
2025-11-14 09:35:47 - root._load_coco_boxes - DEBUG <-> COCO file has 166 images. Looking for: '84f.jpg'
2025-11-14 09:35:47 - root._load_coco_boxes - DEBUG <-> Found exact match for '84f.jpg' with image_id=36
2025-11-14 09:35:47 - root._load_coco_boxes - DEBUG <-> Loaded 12 annotations for '84f.jpg'
2025-11-14 09:35:47 - root.update_labels_panel - DEBUG <-> Label panel: box idx=0 numeric class_idx=1 -> class_name='helmet'
2025-11-14 09:35:47 - root.update_labels_panel - DEBUG <-> Label panel: box idx=1 numeric class_idx=1 -> class_name='helmet'
2025-11-14 09:35:47 - root.update_labels_panel - DEBUG <-> Label panel: box idx=2 numeric class_idx=1 -> class_name='helmet'
2025-11-14 09:35:47 - root.update_labels_panel - DEBUG <-> Label panel: box idx=3 numeric class_idx=1 -> class_name='helmet'
2025-11-14 09:35:47 - root.update_labels_panel - DEBUG <-> Label panel: box idx=4 numeric class_idx=0 -> class_name='person'
2025-11-14 09:35:47 - root.update_labels_panel - DEBUG <-> Label panel: box idx=5 numeric class_idx=0 -> class_name='person'
2025-11-14 09:35:47 - root.update_labels_panel - DEBUG <-> Label panel: box idx=6 numeric class_idx=0 -> class_name='person'
2025-11-14 09:35:47 - root.update_labels_panel - DEBUG <-> Label panel: box idx=7 numeric class_idx=0 -> class_name='person'
2025-11-14 09:35:47 - root.update_labels_panel - DEBUG <-> Label panel: box idx=8 numeric class_idx=4 -> class_name='no savety vest'
2025-11-14 09:35:47 - root.update_labels_panel - DEBUG <-> Label panel: box idx=9 numeric class_idx=4 -> class_name='no savety vest'
2025-11-14 09:35:47 - root.update_labels_panel - DEBUG <-> Label panel: box idx=10 numeric class_idx=4 -> class_name='no savety vest'
2025-11-14 09:35:47 - root.update_labels_panel - DEBUG <-> Label panel: box idx=11 numeric class_idx=2 -> class_name='savety vest'
2025-11-14 09:35:47 - root.update_labels_panel - DEBUG <-> Setting canvas.selected_boxes to {0, 1, 2, 3, 4, 5, 6, 7, 8, 9, 10, 11}
2025-11-14 09:36:47 - root._extract_boxes_from_item - DEBUG <-> JSON object fields: className=None, classId=None, category_id=1, category_name=None
2025-11-14 09:36:47 - root._extract_boxes_from_item - DEBUG <-> Parsed numeric category_id -> 1
2025-11-14 09:36:47 - root._extract_boxes_from_item - DEBUG <-> Appending box: x=0.188672,y=0.25,w=0.074219,h=0.0625, resolved_class_id=1
2025-11-14 09:36:47 - root._extract_boxes_from_item - DEBUG <-> JSON object fields: className=None, classId=None, category_id=1, category_name=None
2025-11-14 09:36:47 - root._extract_boxes_from_item - DEBUG <-> Parsed numeric category_id -> 1
2025-11-14 09:36:47 - root._extract_boxes_from_item - DEBUG <-> Appending box: x=0.554297,y=0.208854,w=0.053906,h=0.057292, resolved_class_id=1
2025-11-14 09:36:47 - root._extract_boxes_from_item - DEBUG <-> JSON object fields: className=None, classId=None, category_id=1, category_name=None
2025-11-14 09:36:47 - root._extract_boxes_from_item - DEBUG <-> Parsed numeric category_id -> 1
2025-11-14 09:36:47 - root._extract_boxes_from_item - DEBUG <-> Appending box: x=0.3375,y=0.272396,w=0.05625,h=0.055208, resolved_class_id=1
2025-11-14 09:36:47 - root._extract_boxes_from_item - DEBUG <-> JSON object fields: className=None, classId=None, category_id=1, category_name=None
2025-11-14 09:36:47 - root._extract_boxes_from_item - DEBUG <-> Parsed numeric category_id -> 1
2025-11-14 09:36:47 - root._extract_boxes_from_item - DEBUG <-> Appending box: x=0.463281,y=0.270833,w=0.048438,h=0.045833, resolved_class_id=1
2025-11-14 09:36:47 - root._extract_boxes_from_item - DEBUG <-> JSON object fields: className=None, classId=None, category_id=1, category_name=None
2025-11-14 09:36:47 - root._extract_boxes_from_item - DEBUG <-> Parsed numeric category_id -> 1
2025-11-14 09:36:47 - root._extract_boxes_from_item - DEBUG <-> Appending box: x=0.821094,y=0.213542,w=0.151562,h=0.1375, resolved_class_id=1
2025-11-14 09:36:47 - root._extract_boxes_from_item - DEBUG <-> JSON object fields: className=None, classId=None, category_id=1, category_name=None
2025-11-14 09:36:47 - root._extract_boxes_from_item - DEBUG <-> Parsed numeric category_id -> 1
2025-11-14 09:36:47 - root._extract_boxes_from_item - DEBUG <-> Appending box: x=0.66875,y=0.239063,w=0.042188,h=0.040625, resolved_class_id=1
2025-11-14 09:36:47 - root._extract_boxes_from_item - DEBUG <-> JSON object fields: className=None, classId=None, category_id=0, category_name=None
2025-11-14 09:36:47 - root._extract_boxes_from_item - DEBUG <-> Parsed numeric category_id -> 0
2025-11-14 09:36:47 - root._extract_boxes_from_item - DEBUG <-> Appending box: x=0.2125,y=0.493229,w=0.176563,h=0.634375, resolved_class_id=0
2025-11-14 09:36:47 - root._extract_boxes_from_item - DEBUG <-> JSON object fields: className=None, classId=None, category_id=0, category_name=None
2025-11-14 09:36:47 - root._extract_boxes_from_item - DEBUG <-> Parsed numeric category_id -> 0
2025-11-14 09:36:47 - root._extract_boxes_from_item - DEBUG <-> Appending box: x=0.350781,y=0.4875,w=0.170313,h=0.525, resolved_class_id=0
2025-11-14 09:36:47 - root._extract_boxes_from_item - DEBUG <-> JSON object fields: className=None, classId=None, category_id=0, category_name=None
2025-11-14 09:36:47 - root._extract_boxes_from_item - DEBUG <-> Parsed numeric category_id -> 0
2025-11-14 09:36:47 - root._extract_boxes_from_item - DEBUG <-> Appending box: x=0.835938,y=0.572396,w=0.267188,h=0.855208, resolved_class_id=0
2025-11-14 09:36:47 - root._extract_boxes_from_item - DEBUG <-> JSON object fields: className=None, classId=None, category_id=0, category_name=None
2025-11-14 09:36:47 - root._extract_boxes_from_item - DEBUG <-> Parsed numeric category_id -> 0
2025-11-14 09:36:47 - root._extract_boxes_from_item - DEBUG <-> Appending box: x=0.476562,y=0.455208,w=0.128125,h=0.43125, resolved_class_id=0
2025-11-14 09:36:47 - root._extract_boxes_from_item - DEBUG <-> JSON object fields: className=None, classId=None, category_id=0, category_name=None
2025-11-14 09:36:47 - root._extract_boxes_from_item - DEBUG <-> Parsed numeric category_id -> 0
2025-11-14 09:36:47 - root._extract_boxes_from_item - DEBUG <-> Appending box: x=0.560547,y=0.395313,w=0.114844,h=0.446875, resolved_class_id=0
2025-11-14 09:36:47 - root._extract_boxes_from_item - DEBUG <-> JSON object fields: className=None, classId=None, category_id=0, category_name=None
2025-11-14 09:36:47 - root._extract_boxes_from_item - DEBUG <-> Parsed numeric category_id -> 0
2025-11-14 09:36:47 - root._extract_boxes_from_item - DEBUG <-> Appending box: x=0.665234,y=0.404167,w=0.089844,h=0.404167, resolved_class_id=0
2025-11-14 09:36:47 - root._extract_boxes_from_item - DEBUG <-> JSON object fields: className=None, classId=None, category_id=2, category_name=None
2025-11-14 09:36:47 - root._extract_boxes_from_item - DEBUG <-> Parsed numeric category_id -> 2
2025-11-14 09:36:47 - root._extract_boxes_from_item - DEBUG <-> Appending box: x=0.851562,y=0.545833,w=0.229687,h=0.36875, resolved_class_id=2
2025-11-14 09:36:47 - root._extract_boxes_from_item - DEBUG <-> JSON object fields: className=None, classId=None, category_id=4, category_name=None
2025-11-14 09:36:47 - root._extract_boxes_from_item - DEBUG <-> Parsed numeric category_id -> 4
2025-11-14 09:36:47 - root._extract_boxes_from_item - DEBUG <-> Appending box: x=0.201953,y=0.429167,w=0.128906,h=0.2125, resolved_class_id=4
2025-11-14 09:36:47 - root._extract_boxes_from_item - DEBUG <-> JSON object fields: className=None, classId=None, category_id=2, category_name=None
2025-11-14 09:36:47 - root._extract_boxes_from_item - DEBUG <-> Parsed numeric category_id -> 2
2025-11-14 09:36:47 - root._extract_boxes_from_item - DEBUG <-> Appending box: x=0.354687,y=0.414583,w=0.129688,h=0.19375, resolved_class_id=2
2025-11-14 09:36:47 - root._extract_boxes_from_item - DEBUG <-> JSON object fields: className=None, classId=None, category_id=4, category_name=None
2025-11-14 09:36:47 - root._extract_boxes_from_item - DEBUG <-> Parsed numeric category_id -> 4
2025-11-14 09:36:47 - root._extract_boxes_from_item - DEBUG <-> Appending box: x=0.46875,y=0.401562,w=0.078125,h=0.157292, resolved_class_id=4
2025-11-14 09:36:47 - root._extract_boxes_from_item - DEBUG <-> JSON object fields: className=None, classId=None, category_id=4, category_name=None
2025-11-14 09:36:47 - root._extract_boxes_from_item - DEBUG <-> Parsed numeric category_id -> 4
2025-11-14 09:36:47 - root._extract_boxes_from_item - DEBUG <-> Appending box: x=0.555078,y=0.333854,w=0.091406,h=0.138542, resolved_class_id=4
2025-11-14 09:36:47 - root._extract_boxes_from_item - DEBUG <-> JSON object fields: className=None, classId=None, category_id=2, category_name=None
2025-11-14 09:36:47 - root._extract_boxes_from_item - DEBUG <-> Parsed numeric category_id -> 2
2025-11-14 09:36:47 - root._extract_boxes_from_item - DEBUG <-> Appending box: x=0.669141,y=0.352604,w=0.078906,h=0.151042, resolved_class_id=2
2025-11-14 09:36:47 - root._get_json_classname_for_box - DEBUG <-> _get_json_classname_for_box: checking candidate path: /home/madan/a/labels/converted_json/6f.json
2025-11-14 09:36:47 - root._get_json_classname_for_box - DEBUG <-> _get_json_classname_for_box: found file: /home/madan/a/labels/converted_json/6f.json
2025-11-14 09:36:47 - root._get_json_classname_for_box - DEBUG <-> _get_json_classname_for_box: checking object with keys: ['bbox', 'category_id']
2025-11-14 09:36:47 - root.update_labels_panel - DEBUG <-> Label panel: box idx=0 numeric class_idx=1 -> class_name='helmet'
2025-11-14 09:36:47 - root._get_json_classname_for_box - DEBUG <-> _get_json_classname_for_box: checking candidate path: /home/madan/a/labels/converted_json/6f.json
2025-11-14 09:36:47 - root._get_json_classname_for_box - DEBUG <-> _get_json_classname_for_box: found file: /home/madan/a/labels/converted_json/6f.json
2025-11-14 09:36:47 - root._get_json_classname_for_box - DEBUG <-> _get_json_classname_for_box: checking object with keys: ['bbox', 'category_id']
2025-11-14 09:36:47 - root.update_labels_panel - DEBUG <-> Label panel: box idx=1 numeric class_idx=1 -> class_name='helmet'
2025-11-14 09:36:47 - root._get_json_classname_for_box - DEBUG <-> _get_json_classname_for_box: checking candidate path: /home/madan/a/labels/converted_json/6f.json
2025-11-14 09:36:47 - root._get_json_classname_for_box - DEBUG <-> _get_json_classname_for_box: found file: /home/madan/a/labels/converted_json/6f.json
2025-11-14 09:36:47 - root._get_json_classname_for_box - DEBUG <-> _get_json_classname_for_box: checking object with keys: ['bbox', 'category_id']
2025-11-14 09:36:47 - root.update_labels_panel - DEBUG <-> Label panel: box idx=2 numeric class_idx=1 -> class_name='helmet'
2025-11-14 09:36:47 - root._get_json_classname_for_box - DEBUG <-> _get_json_classname_for_box: checking candidate path: /home/madan/a/labels/converted_json/6f.json
2025-11-14 09:36:47 - root._get_json_classname_for_box - DEBUG <-> _get_json_classname_for_box: found file: /home/madan/a/labels/converted_json/6f.json
2025-11-14 09:36:47 - root._get_json_classname_for_box - DEBUG <-> _get_json_classname_for_box: checking object with keys: ['bbox', 'category_id']
2025-11-14 09:36:47 - root.update_labels_panel - DEBUG <-> Label panel: box idx=3 numeric class_idx=1 -> class_name='helmet'
2025-11-14 09:36:47 - root._get_json_classname_for_box - DEBUG <-> _get_json_classname_for_box: checking candidate path: /home/madan/a/labels/converted_json/6f.json
2025-11-14 09:36:47 - root._get_json_classname_for_box - DEBUG <-> _get_json_classname_for_box: found file: /home/madan/a/labels/converted_json/6f.json
2025-11-14 09:36:47 - root._get_json_classname_for_box - DEBUG <-> _get_json_classname_for_box: checking object with keys: ['bbox', 'category_id']
2025-11-14 09:36:47 - root.update_labels_panel - DEBUG <-> Label panel: box idx=4 numeric class_idx=1 -> class_name='helmet'
2025-11-14 09:36:47 - root._get_json_classname_for_box - DEBUG <-> _get_json_classname_for_box: checking candidate path: /home/madan/a/labels/converted_json/6f.json
2025-11-14 09:36:47 - root._get_json_classname_for_box - DEBUG <-> _get_json_classname_for_box: found file: /home/madan/a/labels/converted_json/6f.json
2025-11-14 09:36:47 - root._get_json_classname_for_box - DEBUG <-> _get_json_classname_for_box: checking object with keys: ['bbox', 'category_id']
2025-11-14 09:36:47 - root.update_labels_panel - DEBUG <-> Label panel: box idx=5 numeric class_idx=1 -> class_name='helmet'
2025-11-14 09:36:47 - root._get_json_classname_for_box - DEBUG <-> _get_json_classname_for_box: checking candidate path: /home/madan/a/labels/converted_json/6f.json
2025-11-14 09:36:47 - root._get_json_classname_for_box - DEBUG <-> _get_json_classname_for_box: found file: /home/madan/a/labels/converted_json/6f.json
2025-11-14 09:36:47 - root._get_json_classname_for_box - DEBUG <-> _get_json_classname_for_box: checking object with keys: ['bbox', 'category_id']
2025-11-14 09:36:47 - root.update_labels_panel - DEBUG <-> Label panel: box idx=6 numeric class_idx=0 -> class_name='person'
2025-11-14 09:36:47 - root._get_json_classname_for_box - DEBUG <-> _get_json_classname_for_box: checking candidate path: /home/madan/a/labels/converted_json/6f.json
2025-11-14 09:36:47 - root._get_json_classname_for_box - DEBUG <-> _get_json_classname_for_box: found file: /home/madan/a/labels/converted_json/6f.json
2025-11-14 09:36:47 - root._get_json_classname_for_box - DEBUG <-> _get_json_classname_for_box: checking object with keys: ['bbox', 'category_id']
2025-11-14 09:36:47 - root.update_labels_panel - DEBUG <-> Label panel: box idx=7 numeric class_idx=0 -> class_name='person'
2025-11-14 09:36:47 - root._get_json_classname_for_box - DEBUG <-> _get_json_classname_for_box: checking candidate path: /home/madan/a/labels/converted_json/6f.json
2025-11-14 09:36:47 - root._get_json_classname_for_box - DEBUG <-> _get_json_classname_for_box: found file: /home/madan/a/labels/converted_json/6f.json
2025-11-14 09:36:47 - root._get_json_classname_for_box - DEBUG <-> _get_json_classname_for_box: checking object with keys: ['bbox', 'category_id']
2025-11-14 09:36:47 - root.update_labels_panel - DEBUG <-> Label panel: box idx=8 numeric class_idx=0 -> class_name='person'
2025-11-14 09:36:47 - root._get_json_classname_for_box - DEBUG <-> _get_json_classname_for_box: checking candidate path: /home/madan/a/labels/converted_json/6f.json
2025-11-14 09:36:47 - root._get_json_classname_for_box - DEBUG <-> _get_json_classname_for_box: found file: /home/madan/a/labels/converted_json/6f.json
2025-11-14 09:36:47 - root._get_json_classname_for_box - DEBUG <-> _get_json_classname_for_box: checking object with keys: ['bbox', 'category_id']
2025-11-14 09:36:47 - root.update_labels_panel - DEBUG <-> Label panel: box idx=9 numeric class_idx=0 -> class_name='person'
2025-11-14 09:36:47 - root._get_json_classname_for_box - DEBUG <-> _get_json_classname_for_box: checking candidate path: /home/madan/a/labels/converted_json/6f.json
2025-11-14 09:36:47 - root._get_json_classname_for_box - DEBUG <-> _get_json_classname_for_box: found file: /home/madan/a/labels/converted_json/6f.json
2025-11-14 09:36:47 - root._get_json_classname_for_box - DEBUG <-> _get_json_classname_for_box: checking object with keys: ['bbox', 'category_id']
2025-11-14 09:36:47 - root.update_labels_panel - DEBUG <-> Label panel: box idx=10 numeric class_idx=0 -> class_name='person'
2025-11-14 09:36:47 - root._get_json_classname_for_box - DEBUG <-> _get_json_classname_for_box: checking candidate path: /home/madan/a/labels/converted_json/6f.json
2025-11-14 09:36:47 - root._get_json_classname_for_box - DEBUG <-> _get_json_classname_for_box: found file: /home/madan/a/labels/converted_json/6f.json
2025-11-14 09:36:47 - root._get_json_classname_for_box - DEBUG <-> _get_json_classname_for_box: checking object with keys: ['bbox', 'category_id']
2025-11-14 09:36:47 - root.update_labels_panel - DEBUG <-> Label panel: box idx=11 numeric class_idx=0 -> class_name='person'
2025-11-14 09:36:47 - root._get_json_classname_for_box - DEBUG <-> _get_json_classname_for_box: checking candidate path: /home/madan/a/labels/converted_json/6f.json
2025-11-14 09:36:47 - root._get_json_classname_for_box - DEBUG <-> _get_json_classname_for_box: found file: /home/madan/a/labels/converted_json/6f.json
2025-11-14 09:36:47 - root._get_json_classname_for_box - DEBUG <-> _get_json_classname_for_box: checking object with keys: ['bbox', 'category_id']
2025-11-14 09:36:47 - root.update_labels_panel - DEBUG <-> Label panel: box idx=12 numeric class_idx=2 -> class_name='savety vest'
2025-11-14 09:36:47 - root._get_json_classname_for_box - DEBUG <-> _get_json_classname_for_box: checking candidate path: /home/madan/a/labels/converted_json/6f.json
2025-11-14 09:36:47 - root._get_json_classname_for_box - DEBUG <-> _get_json_classname_for_box: found file: /home/madan/a/labels/converted_json/6f.json
2025-11-14 09:36:47 - root._get_json_classname_for_box - DEBUG <-> _get_json_classname_for_box: checking object with keys: ['bbox', 'category_id']
2025-11-14 09:36:47 - root.update_labels_panel - DEBUG <-> Label panel: box idx=13 numeric class_idx=4 -> class_name='no savety vest'
2025-11-14 09:36:47 - root._get_json_classname_for_box - DEBUG <-> _get_json_classname_for_box: checking candidate path: /home/madan/a/labels/converted_json/6f.json
2025-11-14 09:36:47 - root._get_json_classname_for_box - DEBUG <-> _get_json_classname_for_box: found file: /home/madan/a/labels/converted_json/6f.json
2025-11-14 09:36:47 - root._get_json_classname_for_box - DEBUG <-> _get_json_classname_for_box: checking object with keys: ['bbox', 'category_id']
2025-11-14 09:36:47 - root.update_labels_panel - DEBUG <-> Label panel: box idx=14 numeric class_idx=2 -> class_name='savety vest'
2025-11-14 09:36:47 - root._get_json_classname_for_box - DEBUG <-> _get_json_classname_for_box: checking candidate path: /home/madan/a/labels/converted_json/6f.json
2025-11-14 09:36:47 - root._get_json_classname_for_box - DEBUG <-> _get_json_classname_for_box: found file: /home/madan/a/labels/converted_json/6f.json
2025-11-14 09:36:47 - root._get_json_classname_for_box - DEBUG <-> _get_json_classname_for_box: checking object with keys: ['bbox', 'category_id']
2025-11-14 09:36:47 - root.update_labels_panel - DEBUG <-> Label panel: box idx=15 numeric class_idx=4 -> class_name='no savety vest'
2025-11-14 09:36:47 - root._get_json_classname_for_box - DEBUG <-> _get_json_classname_for_box: checking candidate path: /home/madan/a/labels/converted_json/6f.json
2025-11-14 09:36:47 - root._get_json_classname_for_box - DEBUG <-> _get_json_classname_for_box: found file: /home/madan/a/labels/converted_json/6f.json
2025-11-14 09:36:47 - root._get_json_classname_for_box - DEBUG <-> _get_json_classname_for_box: checking object with keys: ['bbox', 'category_id']
2025-11-14 09:36:47 - root.update_labels_panel - DEBUG <-> Label panel: box idx=16 numeric class_idx=4 -> class_name='no savety vest'
2025-11-14 09:36:47 - root._get_json_classname_for_box - DEBUG <-> _get_json_classname_for_box: checking candidate path: /home/madan/a/labels/converted_json/6f.json
2025-11-14 09:36:47 - root._get_json_classname_for_box - DEBUG <-> _get_json_classname_for_box: found file: /home/madan/a/labels/converted_json/6f.json
2025-11-14 09:36:47 - root._get_json_classname_for_box - DEBUG <-> _get_json_classname_for_box: checking object with keys: ['bbox', 'category_id']
2025-11-14 09:36:47 - root.update_labels_panel - DEBUG <-> Label panel: box idx=17 numeric class_idx=2 -> class_name='savety vest'
2025-11-14 09:36:47 - root.update_labels_panel - DEBUG <-> Setting canvas.selected_boxes to {0, 1, 2, 3, 4, 5, 6, 7, 8, 9, 10, 11, 12, 13, 14, 15, 16, 17}
2025-11-14 09:38:56 - root._extract_boxes_from_item - DEBUG <-> JSON object fields: className=None, classId=None, category_id=3, category_name=None
2025-11-14 09:38:56 - root._extract_boxes_from_item - DEBUG <-> Parsed numeric category_id -> 3
2025-11-14 09:38:56 - root._extract_boxes_from_item - DEBUG <-> Appending box: x=0.526442,y=0.604567,w=0.0625,h=0.122596, resolved_class_id=3
2025-11-14 09:38:56 - root._extract_boxes_from_item - DEBUG <-> JSON object fields: className=None, classId=None, category_id=3, category_name=None
2025-11-14 09:38:56 - root._extract_boxes_from_item - DEBUG <-> Parsed numeric category_id -> 3
2025-11-14 09:38:56 - root._extract_boxes_from_item - DEBUG <-> Appending box: x=0.328125,y=0.674279,w=0.074519,h=0.146635, resolved_class_id=3
2025-11-14 09:38:56 - root._extract_boxes_from_item - DEBUG <-> JSON object fields: className=None, classId=None, category_id=4, category_name=None
2025-11-14 09:38:56 - root._extract_boxes_from_item - DEBUG <-> Parsed numeric category_id -> 4
2025-11-14 09:38:56 - root._extract_boxes_from_item - DEBUG <-> Appending box: x=0.341346,y=0.840144,w=0.110577,h=0.242788, resolved_class_id=4
2025-11-14 09:38:56 - root._extract_boxes_from_item - DEBUG <-> JSON object fields: className=None, classId=None, category_id=0, category_name=None
2025-11-14 09:38:56 - root._extract_boxes_from_item - DEBUG <-> Parsed numeric category_id -> 0
2025-11-14 09:38:56 - root._extract_boxes_from_item - DEBUG <-> Appending box: x=0.498798,y=0.769231,w=0.175481,h=0.461538, resolved_class_id=0
2025-11-14 09:38:56 - root._extract_boxes_from_item - DEBUG <-> JSON object fields: className=None, classId=None, category_id=0, category_name=None
2025-11-14 09:38:56 - root._extract_boxes_from_item - DEBUG <-> Parsed numeric category_id -> 0
2025-11-14 09:38:56 - root._extract_boxes_from_item - DEBUG <-> Appending box: x=0.34375,y=0.792067,w=0.153846,h=0.401442, resolved_class_id=0
2025-11-14 09:38:56 - root._extract_boxes_from_item - DEBUG <-> JSON object fields: className=None, classId=None, category_id=2, category_name=None
2025-11-14 09:38:56 - root._extract_boxes_from_item - DEBUG <-> Parsed numeric category_id -> 2
2025-11-14 09:38:56 - root._extract_boxes_from_item - DEBUG <-> Appending box: x=0.53125,y=0.748798,w=0.100962,h=0.185096, resolved_class_id=2
2025-11-14 09:38:56 - root._get_json_classname_for_box - DEBUG <-> _get_json_classname_for_box: checking candidate path: /home/madan/a/labels/converted_json/37.json
2025-11-14 09:38:56 - root._get_json_classname_for_box - DEBUG <-> _get_json_classname_for_box: found file: /home/madan/a/labels/converted_json/37.json
2025-11-14 09:38:56 - root._get_json_classname_for_box - DEBUG <-> _get_json_classname_for_box: checking object with keys: ['bbox', 'category_id']
2025-11-14 09:38:56 - root.update_labels_panel - DEBUG <-> Label panel: box idx=0 numeric class_idx=3 -> class_name='no helmet'
2025-11-14 09:38:56 - root._get_json_classname_for_box - DEBUG <-> _get_json_classname_for_box: checking candidate path: /home/madan/a/labels/converted_json/37.json
2025-11-14 09:38:56 - root._get_json_classname_for_box - DEBUG <-> _get_json_classname_for_box: found file: /home/madan/a/labels/converted_json/37.json
2025-11-14 09:38:56 - root._get_json_classname_for_box - DEBUG <-> _get_json_classname_for_box: checking object with keys: ['bbox', 'category_id']
2025-11-14 09:38:56 - root.update_labels_panel - DEBUG <-> Label panel: box idx=1 numeric class_idx=3 -> class_name='no helmet'
2025-11-14 09:38:56 - root._get_json_classname_for_box - DEBUG <-> _get_json_classname_for_box: checking candidate path: /home/madan/a/labels/converted_json/37.json
2025-11-14 09:38:56 - root._get_json_classname_for_box - DEBUG <-> _get_json_classname_for_box: found file: /home/madan/a/labels/converted_json/37.json
2025-11-14 09:38:56 - root._get_json_classname_for_box - DEBUG <-> _get_json_classname_for_box: checking object with keys: ['bbox', 'category_id']
2025-11-14 09:38:56 - root.update_labels_panel - DEBUG <-> Label panel: box idx=2 numeric class_idx=4 -> class_name='no savety vest'
2025-11-14 09:38:56 - root._get_json_classname_for_box - DEBUG <-> _get_json_classname_for_box: checking candidate path: /home/madan/a/labels/converted_json/37.json
2025-11-14 09:38:56 - root._get_json_classname_for_box - DEBUG <-> _get_json_classname_for_box: found file: /home/madan/a/labels/converted_json/37.json
2025-11-14 09:38:56 - root._get_json_classname_for_box - DEBUG <-> _get_json_classname_for_box: checking object with keys: ['bbox', 'category_id']
2025-11-14 09:38:56 - root.update_labels_panel - DEBUG <-> Label panel: box idx=3 numeric class_idx=0 -> class_name='person'
2025-11-14 09:38:56 - root._get_json_classname_for_box - DEBUG <-> _get_json_classname_for_box: checking candidate path: /home/madan/a/labels/converted_json/37.json
2025-11-14 09:38:56 - root._get_json_classname_for_box - DEBUG <-> _get_json_classname_for_box: found file: /home/madan/a/labels/converted_json/37.json
2025-11-14 09:38:56 - root._get_json_classname_for_box - DEBUG <-> _get_json_classname_for_box: checking object with keys: ['bbox', 'category_id']
2025-11-14 09:38:56 - root.update_labels_panel - DEBUG <-> Label panel: box idx=4 numeric class_idx=0 -> class_name='person'
2025-11-14 09:38:56 - root._get_json_classname_for_box - DEBUG <-> _get_json_classname_for_box: checking candidate path: /home/madan/a/labels/converted_json/37.json
2025-11-14 09:38:56 - root._get_json_classname_for_box - DEBUG <-> _get_json_classname_for_box: found file: /home/madan/a/labels/converted_json/37.json
2025-11-14 09:38:56 - root._get_json_classname_for_box - DEBUG <-> _get_json_classname_for_box: checking object with keys: ['bbox', 'category_id']
2025-11-14 09:38:56 - root.update_labels_panel - DEBUG <-> Label panel: box idx=5 numeric class_idx=2 -> class_name='savety vest'
2025-11-14 09:38:56 - root.update_labels_panel - DEBUG <-> Setting canvas.selected_boxes to {0, 1, 2, 3, 4, 5}
2025-11-14 09:38:56 - root._extract_boxes_from_item - DEBUG <-> JSON object fields: className=None, classId=None, category_id=1, category_name=None
2025-11-14 09:38:56 - root._extract_boxes_from_item - DEBUG <-> Parsed numeric category_id -> 1
2025-11-14 09:38:56 - root._extract_boxes_from_item - DEBUG <-> Appending box: x=0.084603,y=0.582689,w=0.070185,h=0.084139, resolved_class_id=1
2025-11-14 09:38:56 - root._extract_boxes_from_item - DEBUG <-> JSON object fields: className=None, classId=None, category_id=0, category_name=None
2025-11-14 09:38:56 - root._extract_boxes_from_item - DEBUG <-> Parsed numeric category_id -> 0
2025-11-14 09:38:56 - root._extract_boxes_from_item - DEBUG <-> Appending box: x=0.098749,y=0.673114,w=0.196409,h=0.276596, resolved_class_id=0
2025-11-14 09:38:56 - root._extract_boxes_from_item - DEBUG <-> JSON object fields: className=None, classId=None, category_id=4, category_name=None
2025-11-14 09:38:56 - root._extract_boxes_from_item - DEBUG <-> Parsed numeric category_id -> 4
2025-11-14 09:38:56 - root._extract_boxes_from_item - DEBUG <-> Appending box: x=0.107454,y=0.698259,w=0.169206,h=0.141199, resolved_class_id=4
2025-11-14 09:38:56 - root._get_json_classname_for_box - DEBUG <-> _get_json_classname_for_box: checking candidate path: /home/madan/a/labels/converted_json/72f.json
2025-11-14 09:38:56 - root._get_json_classname_for_box - DEBUG <-> _get_json_classname_for_box: found file: /home/madan/a/labels/converted_json/72f.json
2025-11-14 09:38:56 - root._get_json_classname_for_box - DEBUG <-> _get_json_classname_for_box: checking object with keys: ['bbox', 'category_id']
2025-11-14 09:38:56 - root.update_labels_panel - DEBUG <-> Label panel: box idx=0 numeric class_idx=1 -> class_name='helmet'
2025-11-14 09:38:56 - root._get_json_classname_for_box - DEBUG <-> _get_json_classname_for_box: checking candidate path: /home/madan/a/labels/converted_json/72f.json
2025-11-14 09:38:56 - root._get_json_classname_for_box - DEBUG <-> _get_json_classname_for_box: found file: /home/madan/a/labels/converted_json/72f.json
2025-11-14 09:38:56 - root._get_json_classname_for_box - DEBUG <-> _get_json_classname_for_box: checking object with keys: ['bbox', 'category_id']
2025-11-14 09:38:56 - root.update_labels_panel - DEBUG <-> Label panel: box idx=1 numeric class_idx=0 -> class_name='person'
2025-11-14 09:38:56 - root._get_json_classname_for_box - DEBUG <-> _get_json_classname_for_box: checking candidate path: /home/madan/a/labels/converted_json/72f.json
2025-11-14 09:38:56 - root._get_json_classname_for_box - DEBUG <-> _get_json_classname_for_box: found file: /home/madan/a/labels/converted_json/72f.json
2025-11-14 09:38:56 - root._get_json_classname_for_box - DEBUG <-> _get_json_classname_for_box: checking object with keys: ['bbox', 'category_id']
2025-11-14 09:38:56 - root.update_labels_panel - DEBUG <-> Label panel: box idx=2 numeric class_idx=4 -> class_name='no savety vest'
2025-11-14 09:38:56 - root.update_labels_panel - DEBUG <-> Setting canvas.selected_boxes to {0, 1, 2}
2025-11-14 09:38:56 - root._extract_boxes_from_item - DEBUG <-> JSON object fields: className=None, classId=None, category_id=1, category_name=None
2025-11-14 09:38:56 - root._extract_boxes_from_item - DEBUG <-> Parsed numeric category_id -> 1
2025-11-14 09:38:56 - root._extract_boxes_from_item - DEBUG <-> Appending box: x=0.494922,y=0.352778,w=0.050781,h=0.061111, resolved_class_id=1
2025-11-14 09:38:56 - root._extract_boxes_from_item - DEBUG <-> JSON object fields: className=None, classId=None, category_id=1, category_name=None
2025-11-14 09:38:56 - root._extract_boxes_from_item - DEBUG <-> Parsed numeric category_id -> 1
2025-11-14 09:38:56 - root._extract_boxes_from_item - DEBUG <-> Appending box: x=0.305859,y=0.256944,w=0.075781,h=0.077778, resolved_class_id=1
2025-11-14 09:38:56 - root._extract_boxes_from_item - DEBUG <-> JSON object fields: className=None, classId=None, category_id=1, category_name=None
2025-11-14 09:38:56 - root._extract_boxes_from_item - DEBUG <-> Parsed numeric category_id -> 1
2025-11-14 09:38:56 - root._extract_boxes_from_item - DEBUG <-> Appending box: x=0.415625,y=0.345139,w=0.05,h=0.054167, resolved_class_id=1
2025-11-14 09:38:56 - root._extract_boxes_from_item - DEBUG <-> JSON object fields: className=None, classId=None, category_id=1, category_name=None
2025-11-14 09:38:56 - root._extract_boxes_from_item - DEBUG <-> Parsed numeric category_id -> 1
2025-11-14 09:38:56 - root._extract_boxes_from_item - DEBUG <-> Appending box: x=0.614062,y=0.343056,w=0.067187,h=0.077778, resolved_class_id=1
2025-11-14 09:38:56 - root._extract_boxes_from_item - DEBUG <-> JSON object fields: className=None, classId=None, category_id=0, category_name=None
2025-11-14 09:38:56 - root._extract_boxes_from_item - DEBUG <-> Parsed numeric category_id -> 0
2025-11-14 09:38:56 - root._extract_boxes_from_item - DEBUG <-> Appending box: x=0.620703,y=0.647222,w=0.105469,h=0.705556, resolved_class_id=0
2025-11-14 09:38:56 - root._extract_boxes_from_item - DEBUG <-> JSON object fields: className=None, classId=None, category_id=0, category_name=None
2025-11-14 09:38:56 - root._extract_boxes_from_item - DEBUG <-> Parsed numeric category_id -> 0
2025-11-14 09:38:56 - root._extract_boxes_from_item - DEBUG <-> Appending box: x=0.504297,y=0.620139,w=0.094531,h=0.606944, resolved_class_id=0
2025-11-14 09:38:56 - root._extract_boxes_from_item - DEBUG <-> JSON object fields: className=None, classId=None, category_id=0, category_name=None
2025-11-14 09:38:56 - root._extract_boxes_from_item - DEBUG <-> Parsed numeric category_id -> 0
2025-11-14 09:38:56 - root._extract_boxes_from_item - DEBUG <-> Appending box: x=0.423828,y=0.597917,w=0.085156,h=0.576389, resolved_class_id=0
2025-11-14 09:38:56 - root._extract_boxes_from_item - DEBUG <-> JSON object fields: className=None, classId=None, category_id=0, category_name=None
2025-11-14 09:38:56 - root._extract_boxes_from_item - DEBUG <-> Parsed numeric category_id -> 0
2025-11-14 09:38:56 - root._extract_boxes_from_item - DEBUG <-> Appending box: x=0.324609,y=0.580556,w=0.147656,h=0.738889, resolved_class_id=0
2025-11-14 09:38:56 - root._extract_boxes_from_item - DEBUG <-> JSON object fields: className=None, classId=None, category_id=4, category_name=None
2025-11-14 09:38:56 - root._extract_boxes_from_item - DEBUG <-> Parsed numeric category_id -> 4
2025-11-14 09:38:56 - root._extract_boxes_from_item - DEBUG <-> Appending box: x=0.621875,y=0.564583,w=0.092188,h=0.281944, resolved_class_id=4
2025-11-14 09:38:56 - root._extract_boxes_from_item - DEBUG <-> JSON object fields: className=None, classId=None, category_id=4, category_name=None
2025-11-14 09:38:56 - root._extract_boxes_from_item - DEBUG <-> Parsed numeric category_id -> 4
2025-11-14 09:38:56 - root._extract_boxes_from_item - DEBUG <-> Appending box: x=0.504687,y=0.539583,w=0.096875,h=0.201389, resolved_class_id=4
2025-11-14 09:38:56 - root._extract_boxes_from_item - DEBUG <-> JSON object fields: className=None, classId=None, category_id=4, category_name=None
2025-11-14 09:38:56 - root._extract_boxes_from_item - DEBUG <-> Parsed numeric category_id -> 4
2025-11-14 09:38:56 - root._extract_boxes_from_item - DEBUG <-> Appending box: x=0.425391,y=0.50625,w=0.072656,h=0.176389, resolved_class_id=4
2025-11-14 09:38:56 - root._extract_boxes_from_item - DEBUG <-> JSON object fields: className=None, classId=None, category_id=2, category_name=None
2025-11-14 09:38:56 - root._extract_boxes_from_item - DEBUG <-> Parsed numeric category_id -> 2
2025-11-14 09:38:56 - root._extract_boxes_from_item - DEBUG <-> Appending box: x=0.305859,y=0.503472,w=0.113281,h=0.281944, resolved_class_id=2
2025-11-14 09:38:56 - root._get_json_classname_for_box - DEBUG <-> _get_json_classname_for_box: checking candidate path: /home/madan/a/labels/converted_json/84f.json
2025-11-14 09:38:56 - root._get_json_classname_for_box - DEBUG <-> _get_json_classname_for_box: found file: /home/madan/a/labels/converted_json/84f.json
2025-11-14 09:38:56 - root._get_json_classname_for_box - DEBUG <-> _get_json_classname_for_box: checking object with keys: ['bbox', 'category_id']
2025-11-14 09:38:56 - root.update_labels_panel - DEBUG <-> Label panel: box idx=0 numeric class_idx=1 -> class_name='helmet'
2025-11-14 09:38:56 - root._get_json_classname_for_box - DEBUG <-> _get_json_classname_for_box: checking candidate path: /home/madan/a/labels/converted_json/84f.json
2025-11-14 09:38:56 - root._get_json_classname_for_box - DEBUG <-> _get_json_classname_for_box: found file: /home/madan/a/labels/converted_json/84f.json
2025-11-14 09:38:56 - root._get_json_classname_for_box - DEBUG <-> _get_json_classname_for_box: checking object with keys: ['bbox', 'category_id']
2025-11-14 09:38:56 - root.update_labels_panel - DEBUG <-> Label panel: box idx=1 numeric class_idx=1 -> class_name='helmet'
2025-11-14 09:38:56 - root._get_json_classname_for_box - DEBUG <-> _get_json_classname_for_box: checking candidate path: /home/madan/a/labels/converted_json/84f.json
2025-11-14 09:38:56 - root._get_json_classname_for_box - DEBUG <-> _get_json_classname_for_box: found file: /home/madan/a/labels/converted_json/84f.json
2025-11-14 09:38:56 - root._get_json_classname_for_box - DEBUG <-> _get_json_classname_for_box: checking object with keys: ['bbox', 'category_id']
2025-11-14 09:38:56 - root.update_labels_panel - DEBUG <-> Label panel: box idx=2 numeric class_idx=1 -> class_name='helmet'
2025-11-14 09:38:56 - root._get_json_classname_for_box - DEBUG <-> _get_json_classname_for_box: checking candidate path: /home/madan/a/labels/converted_json/84f.json
2025-11-14 09:38:56 - root._get_json_classname_for_box - DEBUG <-> _get_json_classname_for_box: found file: /home/madan/a/labels/converted_json/84f.json
2025-11-14 09:38:56 - root._get_json_classname_for_box - DEBUG <-> _get_json_classname_for_box: checking object with keys: ['bbox', 'category_id']
2025-11-14 09:38:56 - root.update_labels_panel - DEBUG <-> Label panel: box idx=3 numeric class_idx=1 -> class_name='helmet'
2025-11-14 09:38:56 - root._get_json_classname_for_box - DEBUG <-> _get_json_classname_for_box: checking candidate path: /home/madan/a/labels/converted_json/84f.json
2025-11-14 09:38:56 - root._get_json_classname_for_box - DEBUG <-> _get_json_classname_for_box: found file: /home/madan/a/labels/converted_json/84f.json
2025-11-14 09:38:56 - root._get_json_classname_for_box - DEBUG <-> _get_json_classname_for_box: checking object with keys: ['bbox', 'category_id']
2025-11-14 09:38:56 - root.update_labels_panel - DEBUG <-> Label panel: box idx=4 numeric class_idx=0 -> class_name='person'
2025-11-14 09:38:56 - root._get_json_classname_for_box - DEBUG <-> _get_json_classname_for_box: checking candidate path: /home/madan/a/labels/converted_json/84f.json
2025-11-14 09:38:56 - root._get_json_classname_for_box - DEBUG <-> _get_json_classname_for_box: found file: /home/madan/a/labels/converted_json/84f.json
2025-11-14 09:38:56 - root._get_json_classname_for_box - DEBUG <-> _get_json_classname_for_box: checking object with keys: ['bbox', 'category_id']
2025-11-14 09:38:56 - root.update_labels_panel - DEBUG <-> Label panel: box idx=5 numeric class_idx=0 -> class_name='person'
2025-11-14 09:38:56 - root._get_json_classname_for_box - DEBUG <-> _get_json_classname_for_box: checking candidate path: /home/madan/a/labels/converted_json/84f.json
2025-11-14 09:38:56 - root._get_json_classname_for_box - DEBUG <-> _get_json_classname_for_box: found file: /home/madan/a/labels/converted_json/84f.json
2025-11-14 09:38:56 - root._get_json_classname_for_box - DEBUG <-> _get_json_classname_for_box: checking object with keys: ['bbox', 'category_id']
2025-11-14 09:38:56 - root.update_labels_panel - DEBUG <-> Label panel: box idx=6 numeric class_idx=0 -> class_name='person'
2025-11-14 09:38:56 - root._get_json_classname_for_box - DEBUG <-> _get_json_classname_for_box: checking candidate path: /home/madan/a/labels/converted_json/84f.json
2025-11-14 09:38:56 - root._get_json_classname_for_box - DEBUG <-> _get_json_classname_for_box: found file: /home/madan/a/labels/converted_json/84f.json
2025-11-14 09:38:56 - root._get_json_classname_for_box - DEBUG <-> _get_json_classname_for_box: checking object with keys: ['bbox', 'category_id']
2025-11-14 09:38:56 - root.update_labels_panel - DEBUG <-> Label panel: box idx=7 numeric class_idx=0 -> class_name='person'
2025-11-14 09:38:56 - root._get_json_classname_for_box - DEBUG <-> _get_json_classname_for_box: checking candidate path: /home/madan/a/labels/converted_json/84f.json
2025-11-14 09:38:56 - root._get_json_classname_for_box - DEBUG <-> _get_json_classname_for_box: found file: /home/madan/a/labels/converted_json/84f.json
2025-11-14 09:38:56 - root._get_json_classname_for_box - DEBUG <-> _get_json_classname_for_box: checking object with keys: ['bbox', 'category_id']
2025-11-14 09:38:56 - root.update_labels_panel - DEBUG <-> Label panel: box idx=8 numeric class_idx=4 -> class_name='no savety vest'
2025-11-14 09:38:56 - root._get_json_classname_for_box - DEBUG <-> _get_json_classname_for_box: checking candidate path: /home/madan/a/labels/converted_json/84f.json
2025-11-14 09:38:56 - root._get_json_classname_for_box - DEBUG <-> _get_json_classname_for_box: found file: /home/madan/a/labels/converted_json/84f.json
2025-11-14 09:38:56 - root._get_json_classname_for_box - DEBUG <-> _get_json_classname_for_box: checking object with keys: ['bbox', 'category_id']
2025-11-14 09:38:56 - root.update_labels_panel - DEBUG <-> Label panel: box idx=9 numeric class_idx=4 -> class_name='no savety vest'
2025-11-14 09:38:56 - root._get_json_classname_for_box - DEBUG <-> _get_json_classname_for_box: checking candidate path: /home/madan/a/labels/converted_json/84f.json
2025-11-14 09:38:56 - root._get_json_classname_for_box - DEBUG <-> _get_json_classname_for_box: found file: /home/madan/a/labels/converted_json/84f.json
2025-11-14 09:38:56 - root._get_json_classname_for_box - DEBUG <-> _get_json_classname_for_box: checking object with keys: ['bbox', 'category_id']
2025-11-14 09:38:56 - root.update_labels_panel - DEBUG <-> Label panel: box idx=10 numeric class_idx=4 -> class_name='no savety vest'
2025-11-14 09:38:56 - root._get_json_classname_for_box - DEBUG <-> _get_json_classname_for_box: checking candidate path: /home/madan/a/labels/converted_json/84f.json
2025-11-14 09:38:56 - root._get_json_classname_for_box - DEBUG <-> _get_json_classname_for_box: found file: /home/madan/a/labels/converted_json/84f.json
2025-11-14 09:38:56 - root._get_json_classname_for_box - DEBUG <-> _get_json_classname_for_box: checking object with keys: ['bbox', 'category_id']
2025-11-14 09:38:56 - root.update_labels_panel - DEBUG <-> Label panel: box idx=11 numeric class_idx=2 -> class_name='savety vest'
2025-11-14 09:38:56 - root.update_labels_panel - DEBUG <-> Setting canvas.selected_boxes to {0, 1, 2, 3, 4, 5, 6, 7, 8, 9, 10, 11}
2025-11-14 09:38:57 - root._extract_boxes_from_item - DEBUG <-> JSON object fields: className=None, classId=None, category_id=0, category_name=None
2025-11-14 09:38:57 - root._extract_boxes_from_item - DEBUG <-> Parsed numeric category_id -> 0
2025-11-14 09:38:57 - root._extract_boxes_from_item - DEBUG <-> Appending box: x=0.51695,y=0.489437,w=0.214689,h=0.992958, resolved_class_id=0
2025-11-14 09:38:57 - root._extract_boxes_from_item - DEBUG <-> JSON object fields: className=None, classId=None, category_id=4, category_name=None
2025-11-14 09:38:57 - root._extract_boxes_from_item - DEBUG <-> Parsed numeric category_id -> 4
2025-11-14 09:38:57 - root._extract_boxes_from_item - DEBUG <-> Appending box: x=0.526836,y=0.566902,w=0.155367,h=0.640846, resolved_class_id=4
2025-11-14 09:38:57 - root._extract_boxes_from_item - DEBUG <-> JSON object fields: className=None, classId=None, category_id=1, category_name=None
2025-11-14 09:38:57 - root._extract_boxes_from_item - DEBUG <-> Parsed numeric category_id -> 1
2025-11-14 09:38:57 - root._extract_boxes_from_item - DEBUG <-> Appending box: x=0.501412,y=0.066901,w=0.09887,h=0.133803, resolved_class_id=1
2025-11-14 09:38:57 - root._get_json_classname_for_box - DEBUG <-> _get_json_classname_for_box: checking candidate path: /home/madan/a/labels/converted_json/148f.json
2025-11-14 09:38:57 - root._get_json_classname_for_box - DEBUG <-> _get_json_classname_for_box: found file: /home/madan/a/labels/converted_json/148f.json
2025-11-14 09:38:57 - root._get_json_classname_for_box - DEBUG <-> _get_json_classname_for_box: checking object with keys: ['bbox', 'category_id']
2025-11-14 09:38:57 - root.update_labels_panel - DEBUG <-> Label panel: box idx=0 numeric class_idx=0 -> class_name='person'
2025-11-14 09:38:57 - root._get_json_classname_for_box - DEBUG <-> _get_json_classname_for_box: checking candidate path: /home/madan/a/labels/converted_json/148f.json
2025-11-14 09:38:57 - root._get_json_classname_for_box - DEBUG <-> _get_json_classname_for_box: found file: /home/madan/a/labels/converted_json/148f.json
2025-11-14 09:38:57 - root._get_json_classname_for_box - DEBUG <-> _get_json_classname_for_box: checking object with keys: ['bbox', 'category_id']
2025-11-14 09:38:57 - root.update_labels_panel - DEBUG <-> Label panel: box idx=1 numeric class_idx=4 -> class_name='no savety vest'
2025-11-14 09:38:57 - root._get_json_classname_for_box - DEBUG <-> _get_json_classname_for_box: checking candidate path: /home/madan/a/labels/converted_json/148f.json
2025-11-14 09:38:57 - root._get_json_classname_for_box - DEBUG <-> _get_json_classname_for_box: found file: /home/madan/a/labels/converted_json/148f.json
2025-11-14 09:38:57 - root._get_json_classname_for_box - DEBUG <-> _get_json_classname_for_box: checking object with keys: ['bbox', 'category_id']
2025-11-14 09:38:57 - root.update_labels_panel - DEBUG <-> Label panel: box idx=2 numeric class_idx=1 -> class_name='helmet'
2025-11-14 09:38:57 - root.update_labels_panel - DEBUG <-> Setting canvas.selected_boxes to {0, 1, 2}
2025-11-14 09:38:57 - root._extract_boxes_from_item - DEBUG <-> JSON object fields: className=None, classId=None, category_id=3, category_name=None
2025-11-14 09:38:57 - root._extract_boxes_from_item - DEBUG <-> Parsed numeric category_id -> 3
2025-11-14 09:38:57 - root._extract_boxes_from_item - DEBUG <-> Appending box: x=0.430288,y=0.757212,w=0.024038,h=0.081731, resolved_class_id=3
2025-11-14 09:38:57 - root._extract_boxes_from_item - DEBUG <-> JSON object fields: className=None, classId=None, category_id=4, category_name=None
2025-11-14 09:38:57 - root._extract_boxes_from_item - DEBUG <-> Parsed numeric category_id -> 4
2025-11-14 09:38:57 - root._extract_boxes_from_item - DEBUG <-> Appending box: x=0.4375,y=0.680288,w=0.048077,h=0.105769, resolved_class_id=4
2025-11-14 09:38:57 - root._extract_boxes_from_item - DEBUG <-> JSON object fields: className=None, classId=None, category_id=0, category_name=None
2025-11-14 09:38:57 - root._extract_boxes_from_item - DEBUG <-> Parsed numeric category_id -> 0
2025-11-14 09:38:57 - root._extract_boxes_from_item - DEBUG <-> Appending box: x=0.442308,y=0.653846,w=0.081731,h=0.317308, resolved_class_id=0
2025-11-14 09:38:57 - root._get_json_classname_for_box - DEBUG <-> _get_json_classname_for_box: checking candidate path: /home/madan/a/labels/converted_json/149.json
2025-11-14 09:38:57 - root._get_json_classname_for_box - DEBUG <-> _get_json_classname_for_box: found file: /home/madan/a/labels/converted_json/149.json
2025-11-14 09:38:57 - root._get_json_classname_for_box - DEBUG <-> _get_json_classname_for_box: checking object with keys: ['bbox', 'category_id']
2025-11-14 09:38:57 - root.update_labels_panel - DEBUG <-> Label panel: box idx=0 numeric class_idx=3 -> class_name='no helmet'
2025-11-14 09:38:57 - root._get_json_classname_for_box - DEBUG <-> _get_json_classname_for_box: checking candidate path: /home/madan/a/labels/converted_json/149.json
2025-11-14 09:38:57 - root._get_json_classname_for_box - DEBUG <-> _get_json_classname_for_box: found file: /home/madan/a/labels/converted_json/149.json
2025-11-14 09:38:57 - root._get_json_classname_for_box - DEBUG <-> _get_json_classname_for_box: checking object with keys: ['bbox', 'category_id']
2025-11-14 09:38:57 - root.update_labels_panel - DEBUG <-> Label panel: box idx=1 numeric class_idx=4 -> class_name='no savety vest'
2025-11-14 09:38:57 - root._get_json_classname_for_box - DEBUG <-> _get_json_classname_for_box: checking candidate path: /home/madan/a/labels/converted_json/149.json
2025-11-14 09:38:57 - root._get_json_classname_for_box - DEBUG <-> _get_json_classname_for_box: found file: /home/madan/a/labels/converted_json/149.json
2025-11-14 09:38:57 - root._get_json_classname_for_box - DEBUG <-> _get_json_classname_for_box: checking object with keys: ['bbox', 'category_id']
2025-11-14 09:38:57 - root.update_labels_panel - DEBUG <-> Label panel: box idx=2 numeric class_idx=0 -> class_name='person'
2025-11-14 09:38:57 - root.update_labels_panel - DEBUG <-> Setting canvas.selected_boxes to {0, 1, 2}
2025-11-14 09:38:57 - root._extract_boxes_from_item - DEBUG <-> JSON object fields: className=None, classId=None, category_id=4, category_name=None
2025-11-14 09:38:57 - root._extract_boxes_from_item - DEBUG <-> Parsed numeric category_id -> 4
2025-11-14 09:38:57 - root._extract_boxes_from_item - DEBUG <-> Appending box: x=0.698438,y=0.444444,w=0.028125,h=0.052778, resolved_class_id=4
2025-11-14 09:38:57 - root._extract_boxes_from_item - DEBUG <-> JSON object fields: className=None, classId=None, category_id=0, category_name=None
2025-11-14 09:38:57 - root._extract_boxes_from_item - DEBUG <-> Parsed numeric category_id -> 0
2025-11-14 09:38:57 - root._extract_boxes_from_item - DEBUG <-> Appending box: x=0.691406,y=0.461806,w=0.05,h=0.151389, resolved_class_id=0
2025-11-14 09:38:57 - root._get_json_classname_for_box - DEBUG <-> _get_json_classname_for_box: checking candidate path: /home/madan/a/labels/converted_json/153f.json
2025-11-14 09:38:57 - root._get_json_classname_for_box - DEBUG <-> _get_json_classname_for_box: found file: /home/madan/a/labels/converted_json/153f.json
2025-11-14 09:38:57 - root._get_json_classname_for_box - DEBUG <-> _get_json_classname_for_box: checking object with keys: ['bbox', 'category_id']
2025-11-14 09:38:57 - root.update_labels_panel - DEBUG <-> Label panel: box idx=0 numeric class_idx=4 -> class_name='no savety vest'
2025-11-14 09:38:57 - root._get_json_classname_for_box - DEBUG <-> _get_json_classname_for_box: checking candidate path: /home/madan/a/labels/converted_json/153f.json
2025-11-14 09:38:57 - root._get_json_classname_for_box - DEBUG <-> _get_json_classname_for_box: found file: /home/madan/a/labels/converted_json/153f.json
2025-11-14 09:38:57 - root._get_json_classname_for_box - DEBUG <-> _get_json_classname_for_box: checking object with keys: ['bbox', 'category_id']
2025-11-14 09:38:57 - root.update_labels_panel - DEBUG <-> Label panel: box idx=1 numeric class_idx=0 -> class_name='person'
2025-11-14 09:38:57 - root.update_labels_panel - DEBUG <-> Setting canvas.selected_boxes to {0, 1}
2025-11-14 09:38:58 - root._extract_boxes_from_item - DEBUG <-> JSON object fields: className=None, classId=None, category_id=4, category_name=None
2025-11-14 09:38:58 - root._extract_boxes_from_item - DEBUG <-> Parsed numeric category_id -> 4
2025-11-14 09:38:58 - root._extract_boxes_from_item - DEBUG <-> Appending box: x=0.58841,y=0.641075,w=0.032689,h=0.069098, resolved_class_id=4
2025-11-14 09:38:58 - root._extract_boxes_from_item - DEBUG <-> JSON object fields: className=None, classId=None, category_id=0, category_name=None
2025-11-14 09:38:58 - root._extract_boxes_from_item - DEBUG <-> Parsed numeric category_id -> 0
2025-11-14 09:38:58 - root._extract_boxes_from_item - DEBUG <-> Appending box: x=0.585438,y=0.65547,w=0.065379,h=0.15547, resolved_class_id=0
2025-11-14 09:38:58 - root._get_json_classname_for_box - DEBUG <-> _get_json_classname_for_box: checking candidate path: /home/madan/a/labels/converted_json/164f.json
2025-11-14 09:38:58 - root._get_json_classname_for_box - DEBUG <-> _get_json_classname_for_box: found file: /home/madan/a/labels/converted_json/164f.json
2025-11-14 09:38:58 - root._get_json_classname_for_box - DEBUG <-> _get_json_classname_for_box: checking object with keys: ['bbox', 'category_id']
2025-11-14 09:38:58 - root.update_labels_panel - DEBUG <-> Label panel: box idx=0 numeric class_idx=4 -> class_name='no savety vest'
2025-11-14 09:38:58 - root._get_json_classname_for_box - DEBUG <-> _get_json_classname_for_box: checking candidate path: /home/madan/a/labels/converted_json/164f.json
2025-11-14 09:38:58 - root._get_json_classname_for_box - DEBUG <-> _get_json_classname_for_box: found file: /home/madan/a/labels/converted_json/164f.json
2025-11-14 09:38:58 - root._get_json_classname_for_box - DEBUG <-> _get_json_classname_for_box: checking object with keys: ['bbox', 'category_id']
2025-11-14 09:38:58 - root.update_labels_panel - DEBUG <-> Label panel: box idx=1 numeric class_idx=0 -> class_name='person'
2025-11-14 09:38:58 - root.update_labels_panel - DEBUG <-> Setting canvas.selected_boxes to {0, 1}
2025-11-14 09:42:07 - root._extract_boxes_from_item - DEBUG <-> JSON object fields: className=None, classId=None, category_id=1, category_name=None
2025-11-14 09:42:07 - root._extract_boxes_from_item - DEBUG <-> Parsed numeric category_id -> 1
2025-11-14 09:42:07 - root._extract_boxes_from_item - DEBUG <-> Appending box: x=0.188672,y=0.25,w=0.074219,h=0.0625, resolved_class_id=1
2025-11-14 09:42:07 - root._extract_boxes_from_item - DEBUG <-> JSON object fields: className=None, classId=None, category_id=1, category_name=None
2025-11-14 09:42:07 - root._extract_boxes_from_item - DEBUG <-> Parsed numeric category_id -> 1
2025-11-14 09:42:07 - root._extract_boxes_from_item - DEBUG <-> Appending box: x=0.554297,y=0.208854,w=0.053906,h=0.057292, resolved_class_id=1
2025-11-14 09:42:07 - root._extract_boxes_from_item - DEBUG <-> JSON object fields: className=None, classId=None, category_id=1, category_name=None
2025-11-14 09:42:07 - root._extract_boxes_from_item - DEBUG <-> Parsed numeric category_id -> 1
2025-11-14 09:42:07 - root._extract_boxes_from_item - DEBUG <-> Appending box: x=0.3375,y=0.272396,w=0.05625,h=0.055208, resolved_class_id=1
2025-11-14 09:42:07 - root._extract_boxes_from_item - DEBUG <-> JSON object fields: className=None, classId=None, category_id=1, category_name=None
2025-11-14 09:42:07 - root._extract_boxes_from_item - DEBUG <-> Parsed numeric category_id -> 1
2025-11-14 09:42:07 - root._extract_boxes_from_item - DEBUG <-> Appending box: x=0.463281,y=0.270833,w=0.048438,h=0.045833, resolved_class_id=1
2025-11-14 09:42:07 - root._extract_boxes_from_item - DEBUG <-> JSON object fields: className=None, classId=None, category_id=1, category_name=None
2025-11-14 09:42:07 - root._extract_boxes_from_item - DEBUG <-> Parsed numeric category_id -> 1
2025-11-14 09:42:07 - root._extract_boxes_from_item - DEBUG <-> Appending box: x=0.821094,y=0.213542,w=0.151562,h=0.1375, resolved_class_id=1
2025-11-14 09:42:07 - root._extract_boxes_from_item - DEBUG <-> JSON object fields: className=None, classId=None, category_id=1, category_name=None
2025-11-14 09:42:07 - root._extract_boxes_from_item - DEBUG <-> Parsed numeric category_id -> 1
2025-11-14 09:42:07 - root._extract_boxes_from_item - DEBUG <-> Appending box: x=0.66875,y=0.239063,w=0.042188,h=0.040625, resolved_class_id=1
2025-11-14 09:42:07 - root._extract_boxes_from_item - DEBUG <-> JSON object fields: className=None, classId=None, category_id=0, category_name=None
2025-11-14 09:42:07 - root._extract_boxes_from_item - DEBUG <-> Parsed numeric category_id -> 0
2025-11-14 09:42:07 - root._extract_boxes_from_item - DEBUG <-> Appending box: x=0.2125,y=0.493229,w=0.176563,h=0.634375, resolved_class_id=0
2025-11-14 09:42:07 - root._extract_boxes_from_item - DEBUG <-> JSON object fields: className=None, classId=None, category_id=0, category_name=None
2025-11-14 09:42:07 - root._extract_boxes_from_item - DEBUG <-> Parsed numeric category_id -> 0
2025-11-14 09:42:07 - root._extract_boxes_from_item - DEBUG <-> Appending box: x=0.350781,y=0.4875,w=0.170313,h=0.525, resolved_class_id=0
2025-11-14 09:42:07 - root._extract_boxes_from_item - DEBUG <-> JSON object fields: className=None, classId=None, category_id=0, category_name=None
2025-11-14 09:42:07 - root._extract_boxes_from_item - DEBUG <-> Parsed numeric category_id -> 0
2025-11-14 09:42:07 - root._extract_boxes_from_item - DEBUG <-> Appending box: x=0.835938,y=0.572396,w=0.267188,h=0.855208, resolved_class_id=0
2025-11-14 09:42:07 - root._extract_boxes_from_item - DEBUG <-> JSON object fields: className=None, classId=None, category_id=0, category_name=None
2025-11-14 09:42:07 - root._extract_boxes_from_item - DEBUG <-> Parsed numeric category_id -> 0
2025-11-14 09:42:07 - root._extract_boxes_from_item - DEBUG <-> Appending box: x=0.476562,y=0.455208,w=0.128125,h=0.43125, resolved_class_id=0
2025-11-14 09:42:07 - root._extract_boxes_from_item - DEBUG <-> JSON object fields: className=None, classId=None, category_id=0, category_name=None
2025-11-14 09:42:07 - root._extract_boxes_from_item - DEBUG <-> Parsed numeric category_id -> 0
2025-11-14 09:42:07 - root._extract_boxes_from_item - DEBUG <-> Appending box: x=0.560547,y=0.395313,w=0.114844,h=0.446875, resolved_class_id=0
2025-11-14 09:42:07 - root._extract_boxes_from_item - DEBUG <-> JSON object fields: className=None, classId=None, category_id=0, category_name=None
2025-11-14 09:42:07 - root._extract_boxes_from_item - DEBUG <-> Parsed numeric category_id -> 0
2025-11-14 09:42:07 - root._extract_boxes_from_item - DEBUG <-> Appending box: x=0.665234,y=0.404167,w=0.089844,h=0.404167, resolved_class_id=0
2025-11-14 09:42:07 - root._extract_boxes_from_item - DEBUG <-> JSON object fields: className=None, classId=None, category_id=2, category_name=None
2025-11-14 09:42:07 - root._extract_boxes_from_item - DEBUG <-> Parsed numeric category_id -> 2
2025-11-14 09:42:07 - root._extract_boxes_from_item - DEBUG <-> Appending box: x=0.851562,y=0.545833,w=0.229687,h=0.36875, resolved_class_id=2
2025-11-14 09:42:07 - root._extract_boxes_from_item - DEBUG <-> JSON object fields: className=None, classId=None, category_id=4, category_name=None
2025-11-14 09:42:07 - root._extract_boxes_from_item - DEBUG <-> Parsed numeric category_id -> 4
2025-11-14 09:42:07 - root._extract_boxes_from_item - DEBUG <-> Appending box: x=0.201953,y=0.429167,w=0.128906,h=0.2125, resolved_class_id=4
2025-11-14 09:42:07 - root._extract_boxes_from_item - DEBUG <-> JSON object fields: className=None, classId=None, category_id=2, category_name=None
2025-11-14 09:42:07 - root._extract_boxes_from_item - DEBUG <-> Parsed numeric category_id -> 2
2025-11-14 09:42:07 - root._extract_boxes_from_item - DEBUG <-> Appending box: x=0.354687,y=0.414583,w=0.129688,h=0.19375, resolved_class_id=2
2025-11-14 09:42:07 - root._extract_boxes_from_item - DEBUG <-> JSON object fields: className=None, classId=None, category_id=4, category_name=None
2025-11-14 09:42:07 - root._extract_boxes_from_item - DEBUG <-> Parsed numeric category_id -> 4
2025-11-14 09:42:07 - root._extract_boxes_from_item - DEBUG <-> Appending box: x=0.46875,y=0.401562,w=0.078125,h=0.157292, resolved_class_id=4
2025-11-14 09:42:07 - root._extract_boxes_from_item - DEBUG <-> JSON object fields: className=None, classId=None, category_id=4, category_name=None
2025-11-14 09:42:07 - root._extract_boxes_from_item - DEBUG <-> Parsed numeric category_id -> 4
2025-11-14 09:42:07 - root._extract_boxes_from_item - DEBUG <-> Appending box: x=0.555078,y=0.333854,w=0.091406,h=0.138542, resolved_class_id=4
2025-11-14 09:42:07 - root._extract_boxes_from_item - DEBUG <-> JSON object fields: className=None, classId=None, category_id=2, category_name=None
2025-11-14 09:42:07 - root._extract_boxes_from_item - DEBUG <-> Parsed numeric category_id -> 2
2025-11-14 09:42:07 - root._extract_boxes_from_item - DEBUG <-> Appending box: x=0.669141,y=0.352604,w=0.078906,h=0.151042, resolved_class_id=2
2025-11-14 09:42:07 - root._load_json_boxes - DEBUG <-> Detected normalized per-image JSON bboxes — converting to pixel coords
2025-11-14 09:42:07 - root._get_json_classname_for_box - DEBUG <-> _get_json_classname_for_box: checking candidate path: /home/madan/a/labels/converted_json/6f.json
2025-11-14 09:42:07 - root._get_json_classname_for_box - DEBUG <-> _get_json_classname_for_box: found file: /home/madan/a/labels/converted_json/6f.json
2025-11-14 09:42:07 - root._get_json_classname_for_box - DEBUG <-> _get_json_classname_for_box: checking object with keys: ['bbox', 'category_id']
2025-11-14 09:42:07 - root._get_json_classname_for_box - DEBUG <-> _get_json_classname_for_box: checking object with keys: ['bbox', 'category_id']
2025-11-14 09:42:07 - root._get_json_classname_for_box - DEBUG <-> _get_json_classname_for_box: checking object with keys: ['bbox', 'category_id']
2025-11-14 09:42:07 - root._get_json_classname_for_box - DEBUG <-> _get_json_classname_for_box: checking object with keys: ['bbox', 'category_id']
2025-11-14 09:42:07 - root._get_json_classname_for_box - DEBUG <-> _get_json_classname_for_box: checking object with keys: ['bbox', 'category_id']
2025-11-14 09:42:07 - root._get_json_classname_for_box - DEBUG <-> _get_json_classname_for_box: checking object with keys: ['bbox', 'category_id']
2025-11-14 09:42:07 - root._get_json_classname_for_box - DEBUG <-> _get_json_classname_for_box: checking object with keys: ['bbox', 'category_id']
2025-11-14 09:42:07 - root._get_json_classname_for_box - DEBUG <-> _get_json_classname_for_box: checking object with keys: ['bbox', 'category_id']
2025-11-14 09:42:07 - root._get_json_classname_for_box - DEBUG <-> _get_json_classname_for_box: checking object with keys: ['bbox', 'category_id']
2025-11-14 09:42:07 - root._get_json_classname_for_box - DEBUG <-> _get_json_classname_for_box: checking object with keys: ['bbox', 'category_id']
2025-11-14 09:42:07 - root._get_json_classname_for_box - DEBUG <-> _get_json_classname_for_box: checking object with keys: ['bbox', 'category_id']
2025-11-14 09:42:07 - root._get_json_classname_for_box - DEBUG <-> _get_json_classname_for_box: checking object with keys: ['bbox', 'category_id']
2025-11-14 09:42:07 - root._get_json_classname_for_box - DEBUG <-> _get_json_classname_for_box: checking object with keys: ['bbox', 'category_id']
2025-11-14 09:42:07 - root._get_json_classname_for_box - DEBUG <-> _get_json_classname_for_box: checking object with keys: ['bbox', 'category_id']
2025-11-14 09:42:07 - root._get_json_classname_for_box - DEBUG <-> _get_json_classname_for_box: checking object with keys: ['bbox', 'category_id']
2025-11-14 09:42:07 - root._get_json_classname_for_box - DEBUG <-> _get_json_classname_for_box: checking object with keys: ['bbox', 'category_id']
2025-11-14 09:42:07 - root._get_json_classname_for_box - DEBUG <-> _get_json_classname_for_box: checking object with keys: ['bbox', 'category_id']
2025-11-14 09:42:07 - root._get_json_classname_for_box - DEBUG <-> _get_json_classname_for_box: checking object with keys: ['bbox', 'category_id']
2025-11-14 09:42:07 - root.update_labels_panel - DEBUG <-> Label panel: box idx=0 numeric class_idx=1 -> class_name='helmet'
2025-11-14 09:42:07 - root._get_json_classname_for_box - DEBUG <-> _get_json_classname_for_box: checking candidate path: /home/madan/a/labels/converted_json/6f.json
2025-11-14 09:42:07 - root._get_json_classname_for_box - DEBUG <-> _get_json_classname_for_box: found file: /home/madan/a/labels/converted_json/6f.json
2025-11-14 09:42:07 - root._get_json_classname_for_box - DEBUG <-> _get_json_classname_for_box: checking object with keys: ['bbox', 'category_id']
2025-11-14 09:42:07 - root._get_json_classname_for_box - DEBUG <-> _get_json_classname_for_box: checking object with keys: ['bbox', 'category_id']
2025-11-14 09:42:07 - root._get_json_classname_for_box - DEBUG <-> _get_json_classname_for_box: checking object with keys: ['bbox', 'category_id']
2025-11-14 09:42:07 - root._get_json_classname_for_box - DEBUG <-> _get_json_classname_for_box: checking object with keys: ['bbox', 'category_id']
2025-11-14 09:42:07 - root._get_json_classname_for_box - DEBUG <-> _get_json_classname_for_box: checking object with keys: ['bbox', 'category_id']
2025-11-14 09:42:07 - root._get_json_classname_for_box - DEBUG <-> _get_json_classname_for_box: checking object with keys: ['bbox', 'category_id']
2025-11-14 09:42:07 - root._get_json_classname_for_box - DEBUG <-> _get_json_classname_for_box: checking object with keys: ['bbox', 'category_id']
2025-11-14 09:42:07 - root._get_json_classname_for_box - DEBUG <-> _get_json_classname_for_box: checking object with keys: ['bbox', 'category_id']
2025-11-14 09:42:07 - root._get_json_classname_for_box - DEBUG <-> _get_json_classname_for_box: checking object with keys: ['bbox', 'category_id']
2025-11-14 09:42:07 - root._get_json_classname_for_box - DEBUG <-> _get_json_classname_for_box: checking object with keys: ['bbox', 'category_id']
2025-11-14 09:42:07 - root._get_json_classname_for_box - DEBUG <-> _get_json_classname_for_box: checking object with keys: ['bbox', 'category_id']
2025-11-14 09:42:07 - root._get_json_classname_for_box - DEBUG <-> _get_json_classname_for_box: checking object with keys: ['bbox', 'category_id']
2025-11-14 09:42:07 - root._get_json_classname_for_box - DEBUG <-> _get_json_classname_for_box: checking object with keys: ['bbox', 'category_id']
2025-11-14 09:42:07 - root._get_json_classname_for_box - DEBUG <-> _get_json_classname_for_box: checking object with keys: ['bbox', 'category_id']
2025-11-14 09:42:07 - root._get_json_classname_for_box - DEBUG <-> _get_json_classname_for_box: checking object with keys: ['bbox', 'category_id']
2025-11-14 09:42:07 - root._get_json_classname_for_box - DEBUG <-> _get_json_classname_for_box: checking object with keys: ['bbox', 'category_id']
2025-11-14 09:42:07 - root._get_json_classname_for_box - DEBUG <-> _get_json_classname_for_box: checking object with keys: ['bbox', 'category_id']
2025-11-14 09:42:07 - root._get_json_classname_for_box - DEBUG <-> _get_json_classname_for_box: checking object with keys: ['bbox', 'category_id']
2025-11-14 09:42:07 - root.update_labels_panel - DEBUG <-> Label panel: box idx=1 numeric class_idx=1 -> class_name='helmet'
2025-11-14 09:42:07 - root._get_json_classname_for_box - DEBUG <-> _get_json_classname_for_box: checking candidate path: /home/madan/a/labels/converted_json/6f.json
2025-11-14 09:42:07 - root._get_json_classname_for_box - DEBUG <-> _get_json_classname_for_box: found file: /home/madan/a/labels/converted_json/6f.json
2025-11-14 09:42:07 - root._get_json_classname_for_box - DEBUG <-> _get_json_classname_for_box: checking object with keys: ['bbox', 'category_id']
2025-11-14 09:42:07 - root._get_json_classname_for_box - DEBUG <-> _get_json_classname_for_box: checking object with keys: ['bbox', 'category_id']
2025-11-14 09:42:07 - root._get_json_classname_for_box - DEBUG <-> _get_json_classname_for_box: checking object with keys: ['bbox', 'category_id']
2025-11-14 09:42:07 - root._get_json_classname_for_box - DEBUG <-> _get_json_classname_for_box: checking object with keys: ['bbox', 'category_id']
2025-11-14 09:42:07 - root._get_json_classname_for_box - DEBUG <-> _get_json_classname_for_box: checking object with keys: ['bbox', 'category_id']
2025-11-14 09:42:07 - root._get_json_classname_for_box - DEBUG <-> _get_json_classname_for_box: checking object with keys: ['bbox', 'category_id']
2025-11-14 09:42:07 - root._get_json_classname_for_box - DEBUG <-> _get_json_classname_for_box: checking object with keys: ['bbox', 'category_id']
2025-11-14 09:42:07 - root._get_json_classname_for_box - DEBUG <-> _get_json_classname_for_box: checking object with keys: ['bbox', 'category_id']
2025-11-14 09:42:07 - root._get_json_classname_for_box - DEBUG <-> _get_json_classname_for_box: checking object with keys: ['bbox', 'category_id']
2025-11-14 09:42:07 - root._get_json_classname_for_box - DEBUG <-> _get_json_classname_for_box: checking object with keys: ['bbox', 'category_id']
2025-11-14 09:42:07 - root._get_json_classname_for_box - DEBUG <-> _get_json_classname_for_box: checking object with keys: ['bbox', 'category_id']
2025-11-14 09:42:07 - root._get_json_classname_for_box - DEBUG <-> _get_json_classname_for_box: checking object with keys: ['bbox', 'category_id']
2025-11-14 09:42:07 - root._get_json_classname_for_box - DEBUG <-> _get_json_classname_for_box: checking object with keys: ['bbox', 'category_id']
2025-11-14 09:42:07 - root._get_json_classname_for_box - DEBUG <-> _get_json_classname_for_box: checking object with keys: ['bbox', 'category_id']
2025-11-14 09:42:07 - root._get_json_classname_for_box - DEBUG <-> _get_json_classname_for_box: checking object with keys: ['bbox', 'category_id']
2025-11-14 09:42:07 - root._get_json_classname_for_box - DEBUG <-> _get_json_classname_for_box: checking object with keys: ['bbox', 'category_id']
2025-11-14 09:42:07 - root._get_json_classname_for_box - DEBUG <-> _get_json_classname_for_box: checking object with keys: ['bbox', 'category_id']
2025-11-14 09:42:07 - root._get_json_classname_for_box - DEBUG <-> _get_json_classname_for_box: checking object with keys: ['bbox', 'category_id']
2025-11-14 09:42:07 - root.update_labels_panel - DEBUG <-> Label panel: box idx=2 numeric class_idx=1 -> class_name='helmet'
2025-11-14 09:42:07 - root._get_json_classname_for_box - DEBUG <-> _get_json_classname_for_box: checking candidate path: /home/madan/a/labels/converted_json/6f.json
2025-11-14 09:42:07 - root._get_json_classname_for_box - DEBUG <-> _get_json_classname_for_box: found file: /home/madan/a/labels/converted_json/6f.json
2025-11-14 09:42:07 - root._get_json_classname_for_box - DEBUG <-> _get_json_classname_for_box: checking object with keys: ['bbox', 'category_id']
2025-11-14 09:42:07 - root._get_json_classname_for_box - DEBUG <-> _get_json_classname_for_box: checking object with keys: ['bbox', 'category_id']
2025-11-14 09:42:07 - root._get_json_classname_for_box - DEBUG <-> _get_json_classname_for_box: checking object with keys: ['bbox', 'category_id']
2025-11-14 09:42:07 - root._get_json_classname_for_box - DEBUG <-> _get_json_classname_for_box: checking object with keys: ['bbox', 'category_id']
2025-11-14 09:42:07 - root._get_json_classname_for_box - DEBUG <-> _get_json_classname_for_box: checking object with keys: ['bbox', 'category_id']
2025-11-14 09:42:07 - root._get_json_classname_for_box - DEBUG <-> _get_json_classname_for_box: checking object with keys: ['bbox', 'category_id']
2025-11-14 09:42:07 - root._get_json_classname_for_box - DEBUG <-> _get_json_classname_for_box: checking object with keys: ['bbox', 'category_id']
2025-11-14 09:42:07 - root._get_json_classname_for_box - DEBUG <-> _get_json_classname_for_box: checking object with keys: ['bbox', 'category_id']
2025-11-14 09:42:07 - root._get_json_classname_for_box - DEBUG <-> _get_json_classname_for_box: checking object with keys: ['bbox', 'category_id']
2025-11-14 09:42:07 - root._get_json_classname_for_box - DEBUG <-> _get_json_classname_for_box: checking object with keys: ['bbox', 'category_id']
2025-11-14 09:42:07 - root._get_json_classname_for_box - DEBUG <-> _get_json_classname_for_box: checking object with keys: ['bbox', 'category_id']
2025-11-14 09:42:07 - root._get_json_classname_for_box - DEBUG <-> _get_json_classname_for_box: checking object with keys: ['bbox', 'category_id']
2025-11-14 09:42:07 - root._get_json_classname_for_box - DEBUG <-> _get_json_classname_for_box: checking object with keys: ['bbox', 'category_id']
2025-11-14 09:42:07 - root._get_json_classname_for_box - DEBUG <-> _get_json_classname_for_box: checking object with keys: ['bbox', 'category_id']
2025-11-14 09:42:07 - root._get_json_classname_for_box - DEBUG <-> _get_json_classname_for_box: checking object with keys: ['bbox', 'category_id']
2025-11-14 09:42:07 - root._get_json_classname_for_box - DEBUG <-> _get_json_classname_for_box: checking object with keys: ['bbox', 'category_id']
2025-11-14 09:42:07 - root._get_json_classname_for_box - DEBUG <-> _get_json_classname_for_box: checking object with keys: ['bbox', 'category_id']
2025-11-14 09:42:07 - root._get_json_classname_for_box - DEBUG <-> _get_json_classname_for_box: checking object with keys: ['bbox', 'category_id']
2025-11-14 09:42:07 - root.update_labels_panel - DEBUG <-> Label panel: box idx=3 numeric class_idx=1 -> class_name='helmet'
2025-11-14 09:42:07 - root._get_json_classname_for_box - DEBUG <-> _get_json_classname_for_box: checking candidate path: /home/madan/a/labels/converted_json/6f.json
2025-11-14 09:42:07 - root._get_json_classname_for_box - DEBUG <-> _get_json_classname_for_box: found file: /home/madan/a/labels/converted_json/6f.json
2025-11-14 09:42:07 - root._get_json_classname_for_box - DEBUG <-> _get_json_classname_for_box: checking object with keys: ['bbox', 'category_id']
2025-11-14 09:42:07 - root._get_json_classname_for_box - DEBUG <-> _get_json_classname_for_box: checking object with keys: ['bbox', 'category_id']
2025-11-14 09:42:07 - root._get_json_classname_for_box - DEBUG <-> _get_json_classname_for_box: checking object with keys: ['bbox', 'category_id']
2025-11-14 09:42:07 - root._get_json_classname_for_box - DEBUG <-> _get_json_classname_for_box: checking object with keys: ['bbox', 'category_id']
2025-11-14 09:42:07 - root._get_json_classname_for_box - DEBUG <-> _get_json_classname_for_box: checking object with keys: ['bbox', 'category_id']
2025-11-14 09:42:07 - root._get_json_classname_for_box - DEBUG <-> _get_json_classname_for_box: checking object with keys: ['bbox', 'category_id']
2025-11-14 09:42:07 - root._get_json_classname_for_box - DEBUG <-> _get_json_classname_for_box: checking object with keys: ['bbox', 'category_id']
2025-11-14 09:42:07 - root._get_json_classname_for_box - DEBUG <-> _get_json_classname_for_box: checking object with keys: ['bbox', 'category_id']
2025-11-14 09:42:07 - root._get_json_classname_for_box - DEBUG <-> _get_json_classname_for_box: checking object with keys: ['bbox', 'category_id']
2025-11-14 09:42:07 - root._get_json_classname_for_box - DEBUG <-> _get_json_classname_for_box: checking object with keys: ['bbox', 'category_id']
2025-11-14 09:42:07 - root._get_json_classname_for_box - DEBUG <-> _get_json_classname_for_box: checking object with keys: ['bbox', 'category_id']
2025-11-14 09:42:07 - root._get_json_classname_for_box - DEBUG <-> _get_json_classname_for_box: checking object with keys: ['bbox', 'category_id']
2025-11-14 09:42:07 - root._get_json_classname_for_box - DEBUG <-> _get_json_classname_for_box: checking object with keys: ['bbox', 'category_id']
2025-11-14 09:42:07 - root._get_json_classname_for_box - DEBUG <-> _get_json_classname_for_box: checking object with keys: ['bbox', 'category_id']
2025-11-14 09:42:07 - root._get_json_classname_for_box - DEBUG <-> _get_json_classname_for_box: checking object with keys: ['bbox', 'category_id']
2025-11-14 09:42:07 - root._get_json_classname_for_box - DEBUG <-> _get_json_classname_for_box: checking object with keys: ['bbox', 'category_id']
2025-11-14 09:42:07 - root._get_json_classname_for_box - DEBUG <-> _get_json_classname_for_box: checking object with keys: ['bbox', 'category_id']
2025-11-14 09:42:07 - root._get_json_classname_for_box - DEBUG <-> _get_json_classname_for_box: checking object with keys: ['bbox', 'category_id']
2025-11-14 09:42:07 - root.update_labels_panel - DEBUG <-> Label panel: box idx=4 numeric class_idx=1 -> class_name='helmet'
2025-11-14 09:42:07 - root._get_json_classname_for_box - DEBUG <-> _get_json_classname_for_box: checking candidate path: /home/madan/a/labels/converted_json/6f.json
2025-11-14 09:42:07 - root._get_json_classname_for_box - DEBUG <-> _get_json_classname_for_box: found file: /home/madan/a/labels/converted_json/6f.json
2025-11-14 09:42:07 - root._get_json_classname_for_box - DEBUG <-> _get_json_classname_for_box: checking object with keys: ['bbox', 'category_id']
2025-11-14 09:42:07 - root._get_json_classname_for_box - DEBUG <-> _get_json_classname_for_box: checking object with keys: ['bbox', 'category_id']
2025-11-14 09:42:07 - root._get_json_classname_for_box - DEBUG <-> _get_json_classname_for_box: checking object with keys: ['bbox', 'category_id']
2025-11-14 09:42:07 - root._get_json_classname_for_box - DEBUG <-> _get_json_classname_for_box: checking object with keys: ['bbox', 'category_id']
2025-11-14 09:42:07 - root._get_json_classname_for_box - DEBUG <-> _get_json_classname_for_box: checking object with keys: ['bbox', 'category_id']
2025-11-14 09:42:07 - root._get_json_classname_for_box - DEBUG <-> _get_json_classname_for_box: checking object with keys: ['bbox', 'category_id']
2025-11-14 09:42:07 - root._get_json_classname_for_box - DEBUG <-> _get_json_classname_for_box: checking object with keys: ['bbox', 'category_id']
2025-11-14 09:42:07 - root._get_json_classname_for_box - DEBUG <-> _get_json_classname_for_box: checking object with keys: ['bbox', 'category_id']
2025-11-14 09:42:07 - root._get_json_classname_for_box - DEBUG <-> _get_json_classname_for_box: checking object with keys: ['bbox', 'category_id']
2025-11-14 09:42:07 - root._get_json_classname_for_box - DEBUG <-> _get_json_classname_for_box: checking object with keys: ['bbox', 'category_id']
2025-11-14 09:42:07 - root._get_json_classname_for_box - DEBUG <-> _get_json_classname_for_box: checking object with keys: ['bbox', 'category_id']
2025-11-14 09:42:07 - root._get_json_classname_for_box - DEBUG <-> _get_json_classname_for_box: checking object with keys: ['bbox', 'category_id']
2025-11-14 09:42:07 - root._get_json_classname_for_box - DEBUG <-> _get_json_classname_for_box: checking object with keys: ['bbox', 'category_id']
2025-11-14 09:42:07 - root._get_json_classname_for_box - DEBUG <-> _get_json_classname_for_box: checking object with keys: ['bbox', 'category_id']
2025-11-14 09:42:07 - root._get_json_classname_for_box - DEBUG <-> _get_json_classname_for_box: checking object with keys: ['bbox', 'category_id']
2025-11-14 09:42:07 - root._get_json_classname_for_box - DEBUG <-> _get_json_classname_for_box: checking object with keys: ['bbox', 'category_id']
2025-11-14 09:42:07 - root._get_json_classname_for_box - DEBUG <-> _get_json_classname_for_box: checking object with keys: ['bbox', 'category_id']
2025-11-14 09:42:07 - root._get_json_classname_for_box - DEBUG <-> _get_json_classname_for_box: checking object with keys: ['bbox', 'category_id']
2025-11-14 09:42:07 - root.update_labels_panel - DEBUG <-> Label panel: box idx=5 numeric class_idx=1 -> class_name='helmet'
2025-11-14 09:42:07 - root._get_json_classname_for_box - DEBUG <-> _get_json_classname_for_box: checking candidate path: /home/madan/a/labels/converted_json/6f.json
2025-11-14 09:42:07 - root._get_json_classname_for_box - DEBUG <-> _get_json_classname_for_box: found file: /home/madan/a/labels/converted_json/6f.json
2025-11-14 09:42:07 - root._get_json_classname_for_box - DEBUG <-> _get_json_classname_for_box: checking object with keys: ['bbox', 'category_id']
2025-11-14 09:42:07 - root._get_json_classname_for_box - DEBUG <-> _get_json_classname_for_box: checking object with keys: ['bbox', 'category_id']
2025-11-14 09:42:07 - root._get_json_classname_for_box - DEBUG <-> _get_json_classname_for_box: checking object with keys: ['bbox', 'category_id']
2025-11-14 09:42:07 - root._get_json_classname_for_box - DEBUG <-> _get_json_classname_for_box: checking object with keys: ['bbox', 'category_id']
2025-11-14 09:42:07 - root._get_json_classname_for_box - DEBUG <-> _get_json_classname_for_box: checking object with keys: ['bbox', 'category_id']
2025-11-14 09:42:07 - root._get_json_classname_for_box - DEBUG <-> _get_json_classname_for_box: checking object with keys: ['bbox', 'category_id']
2025-11-14 09:42:07 - root._get_json_classname_for_box - DEBUG <-> _get_json_classname_for_box: checking object with keys: ['bbox', 'category_id']
2025-11-14 09:42:07 - root._get_json_classname_for_box - DEBUG <-> _get_json_classname_for_box: checking object with keys: ['bbox', 'category_id']
2025-11-14 09:42:07 - root._get_json_classname_for_box - DEBUG <-> _get_json_classname_for_box: checking object with keys: ['bbox', 'category_id']
2025-11-14 09:42:07 - root._get_json_classname_for_box - DEBUG <-> _get_json_classname_for_box: checking object with keys: ['bbox', 'category_id']
2025-11-14 09:42:07 - root._get_json_classname_for_box - DEBUG <-> _get_json_classname_for_box: checking object with keys: ['bbox', 'category_id']
2025-11-14 09:42:07 - root._get_json_classname_for_box - DEBUG <-> _get_json_classname_for_box: checking object with keys: ['bbox', 'category_id']
2025-11-14 09:42:07 - root._get_json_classname_for_box - DEBUG <-> _get_json_classname_for_box: checking object with keys: ['bbox', 'category_id']
2025-11-14 09:42:07 - root._get_json_classname_for_box - DEBUG <-> _get_json_classname_for_box: checking object with keys: ['bbox', 'category_id']
2025-11-14 09:42:07 - root._get_json_classname_for_box - DEBUG <-> _get_json_classname_for_box: checking object with keys: ['bbox', 'category_id']
2025-11-14 09:42:07 - root._get_json_classname_for_box - DEBUG <-> _get_json_classname_for_box: checking object with keys: ['bbox', 'category_id']
2025-11-14 09:42:07 - root._get_json_classname_for_box - DEBUG <-> _get_json_classname_for_box: checking object with keys: ['bbox', 'category_id']
2025-11-14 09:42:07 - root._get_json_classname_for_box - DEBUG <-> _get_json_classname_for_box: checking object with keys: ['bbox', 'category_id']
2025-11-14 09:42:07 - root.update_labels_panel - DEBUG <-> Label panel: box idx=6 numeric class_idx=0 -> class_name='person'
2025-11-14 09:42:07 - root._get_json_classname_for_box - DEBUG <-> _get_json_classname_for_box: checking candidate path: /home/madan/a/labels/converted_json/6f.json
2025-11-14 09:42:07 - root._get_json_classname_for_box - DEBUG <-> _get_json_classname_for_box: found file: /home/madan/a/labels/converted_json/6f.json
2025-11-14 09:42:07 - root._get_json_classname_for_box - DEBUG <-> _get_json_classname_for_box: checking object with keys: ['bbox', 'category_id']
2025-11-14 09:42:07 - root._get_json_classname_for_box - DEBUG <-> _get_json_classname_for_box: checking object with keys: ['bbox', 'category_id']
2025-11-14 09:42:07 - root._get_json_classname_for_box - DEBUG <-> _get_json_classname_for_box: checking object with keys: ['bbox', 'category_id']
2025-11-14 09:42:07 - root._get_json_classname_for_box - DEBUG <-> _get_json_classname_for_box: checking object with keys: ['bbox', 'category_id']
2025-11-14 09:42:07 - root._get_json_classname_for_box - DEBUG <-> _get_json_classname_for_box: checking object with keys: ['bbox', 'category_id']
2025-11-14 09:42:07 - root._get_json_classname_for_box - DEBUG <-> _get_json_classname_for_box: checking object with keys: ['bbox', 'category_id']
2025-11-14 09:42:07 - root._get_json_classname_for_box - DEBUG <-> _get_json_classname_for_box: checking object with keys: ['bbox', 'category_id']
2025-11-14 09:42:07 - root._get_json_classname_for_box - DEBUG <-> _get_json_classname_for_box: checking object with keys: ['bbox', 'category_id']
2025-11-14 09:42:07 - root._get_json_classname_for_box - DEBUG <-> _get_json_classname_for_box: checking object with keys: ['bbox', 'category_id']
2025-11-14 09:42:07 - root._get_json_classname_for_box - DEBUG <-> _get_json_classname_for_box: checking object with keys: ['bbox', 'category_id']
2025-11-14 09:42:07 - root._get_json_classname_for_box - DEBUG <-> _get_json_classname_for_box: checking object with keys: ['bbox', 'category_id']
2025-11-14 09:42:07 - root._get_json_classname_for_box - DEBUG <-> _get_json_classname_for_box: checking object with keys: ['bbox', 'category_id']
2025-11-14 09:42:07 - root._get_json_classname_for_box - DEBUG <-> _get_json_classname_for_box: checking object with keys: ['bbox', 'category_id']
2025-11-14 09:42:07 - root._get_json_classname_for_box - DEBUG <-> _get_json_classname_for_box: checking object with keys: ['bbox', 'category_id']
2025-11-14 09:42:07 - root._get_json_classname_for_box - DEBUG <-> _get_json_classname_for_box: checking object with keys: ['bbox', 'category_id']
2025-11-14 09:42:07 - root._get_json_classname_for_box - DEBUG <-> _get_json_classname_for_box: checking object with keys: ['bbox', 'category_id']
2025-11-14 09:42:07 - root._get_json_classname_for_box - DEBUG <-> _get_json_classname_for_box: checking object with keys: ['bbox', 'category_id']
2025-11-14 09:42:07 - root._get_json_classname_for_box - DEBUG <-> _get_json_classname_for_box: checking object with keys: ['bbox', 'category_id']
2025-11-14 09:42:07 - root.update_labels_panel - DEBUG <-> Label panel: box idx=7 numeric class_idx=0 -> class_name='person'
2025-11-14 09:42:07 - root._get_json_classname_for_box - DEBUG <-> _get_json_classname_for_box: checking candidate path: /home/madan/a/labels/converted_json/6f.json
2025-11-14 09:42:07 - root._get_json_classname_for_box - DEBUG <-> _get_json_classname_for_box: found file: /home/madan/a/labels/converted_json/6f.json
2025-11-14 09:42:07 - root._get_json_classname_for_box - DEBUG <-> _get_json_classname_for_box: checking object with keys: ['bbox', 'category_id']
2025-11-14 09:42:07 - root._get_json_classname_for_box - DEBUG <-> _get_json_classname_for_box: checking object with keys: ['bbox', 'category_id']
2025-11-14 09:42:07 - root._get_json_classname_for_box - DEBUG <-> _get_json_classname_for_box: checking object with keys: ['bbox', 'category_id']
2025-11-14 09:42:07 - root._get_json_classname_for_box - DEBUG <-> _get_json_classname_for_box: checking object with keys: ['bbox', 'category_id']
2025-11-14 09:42:07 - root._get_json_classname_for_box - DEBUG <-> _get_json_classname_for_box: checking object with keys: ['bbox', 'category_id']
2025-11-14 09:42:07 - root._get_json_classname_for_box - DEBUG <-> _get_json_classname_for_box: checking object with keys: ['bbox', 'category_id']
2025-11-14 09:42:07 - root._get_json_classname_for_box - DEBUG <-> _get_json_classname_for_box: checking object with keys: ['bbox', 'category_id']
2025-11-14 09:42:07 - root._get_json_classname_for_box - DEBUG <-> _get_json_classname_for_box: checking object with keys: ['bbox', 'category_id']
2025-11-14 09:42:07 - root._get_json_classname_for_box - DEBUG <-> _get_json_classname_for_box: checking object with keys: ['bbox', 'category_id']
2025-11-14 09:42:07 - root._get_json_classname_for_box - DEBUG <-> _get_json_classname_for_box: checking object with keys: ['bbox', 'category_id']
2025-11-14 09:42:07 - root._get_json_classname_for_box - DEBUG <-> _get_json_classname_for_box: checking object with keys: ['bbox', 'category_id']
2025-11-14 09:42:07 - root._get_json_classname_for_box - DEBUG <-> _get_json_classname_for_box: checking object with keys: ['bbox', 'category_id']
2025-11-14 09:42:07 - root._get_json_classname_for_box - DEBUG <-> _get_json_classname_for_box: checking object with keys: ['bbox', 'category_id']
2025-11-14 09:42:07 - root._get_json_classname_for_box - DEBUG <-> _get_json_classname_for_box: checking object with keys: ['bbox', 'category_id']
2025-11-14 09:42:07 - root._get_json_classname_for_box - DEBUG <-> _get_json_classname_for_box: checking object with keys: ['bbox', 'category_id']
2025-11-14 09:42:07 - root._get_json_classname_for_box - DEBUG <-> _get_json_classname_for_box: checking object with keys: ['bbox', 'category_id']
2025-11-14 09:42:07 - root._get_json_classname_for_box - DEBUG <-> _get_json_classname_for_box: checking object with keys: ['bbox', 'category_id']
2025-11-14 09:42:07 - root._get_json_classname_for_box - DEBUG <-> _get_json_classname_for_box: checking object with keys: ['bbox', 'category_id']
2025-11-14 09:42:07 - root.update_labels_panel - DEBUG <-> Label panel: box idx=8 numeric class_idx=0 -> class_name='person'
2025-11-14 09:42:07 - root._get_json_classname_for_box - DEBUG <-> _get_json_classname_for_box: checking candidate path: /home/madan/a/labels/converted_json/6f.json
2025-11-14 09:42:07 - root._get_json_classname_for_box - DEBUG <-> _get_json_classname_for_box: found file: /home/madan/a/labels/converted_json/6f.json
2025-11-14 09:42:07 - root._get_json_classname_for_box - DEBUG <-> _get_json_classname_for_box: checking object with keys: ['bbox', 'category_id']
2025-11-14 09:42:07 - root._get_json_classname_for_box - DEBUG <-> _get_json_classname_for_box: checking object with keys: ['bbox', 'category_id']
2025-11-14 09:42:07 - root._get_json_classname_for_box - DEBUG <-> _get_json_classname_for_box: checking object with keys: ['bbox', 'category_id']
2025-11-14 09:42:07 - root._get_json_classname_for_box - DEBUG <-> _get_json_classname_for_box: checking object with keys: ['bbox', 'category_id']
2025-11-14 09:42:07 - root._get_json_classname_for_box - DEBUG <-> _get_json_classname_for_box: checking object with keys: ['bbox', 'category_id']
2025-11-14 09:42:07 - root._get_json_classname_for_box - DEBUG <-> _get_json_classname_for_box: checking object with keys: ['bbox', 'category_id']
2025-11-14 09:42:07 - root._get_json_classname_for_box - DEBUG <-> _get_json_classname_for_box: checking object with keys: ['bbox', 'category_id']
2025-11-14 09:42:07 - root._get_json_classname_for_box - DEBUG <-> _get_json_classname_for_box: checking object with keys: ['bbox', 'category_id']
2025-11-14 09:42:07 - root._get_json_classname_for_box - DEBUG <-> _get_json_classname_for_box: checking object with keys: ['bbox', 'category_id']
2025-11-14 09:42:07 - root._get_json_classname_for_box - DEBUG <-> _get_json_classname_for_box: checking object with keys: ['bbox', 'category_id']
2025-11-14 09:42:07 - root._get_json_classname_for_box - DEBUG <-> _get_json_classname_for_box: checking object with keys: ['bbox', 'category_id']
2025-11-14 09:42:07 - root._get_json_classname_for_box - DEBUG <-> _get_json_classname_for_box: checking object with keys: ['bbox', 'category_id']
2025-11-14 09:42:07 - root._get_json_classname_for_box - DEBUG <-> _get_json_classname_for_box: checking object with keys: ['bbox', 'category_id']
2025-11-14 09:42:07 - root._get_json_classname_for_box - DEBUG <-> _get_json_classname_for_box: checking object with keys: ['bbox', 'category_id']
2025-11-14 09:42:07 - root._get_json_classname_for_box - DEBUG <-> _get_json_classname_for_box: checking object with keys: ['bbox', 'category_id']
2025-11-14 09:42:07 - root._get_json_classname_for_box - DEBUG <-> _get_json_classname_for_box: checking object with keys: ['bbox', 'category_id']
2025-11-14 09:42:07 - root._get_json_classname_for_box - DEBUG <-> _get_json_classname_for_box: checking object with keys: ['bbox', 'category_id']
2025-11-14 09:42:07 - root._get_json_classname_for_box - DEBUG <-> _get_json_classname_for_box: checking object with keys: ['bbox', 'category_id']
2025-11-14 09:42:07 - root.update_labels_panel - DEBUG <-> Label panel: box idx=9 numeric class_idx=0 -> class_name='person'
2025-11-14 09:42:07 - root._get_json_classname_for_box - DEBUG <-> _get_json_classname_for_box: checking candidate path: /home/madan/a/labels/converted_json/6f.json
2025-11-14 09:42:07 - root._get_json_classname_for_box - DEBUG <-> _get_json_classname_for_box: found file: /home/madan/a/labels/converted_json/6f.json
2025-11-14 09:42:07 - root._get_json_classname_for_box - DEBUG <-> _get_json_classname_for_box: checking object with keys: ['bbox', 'category_id']
2025-11-14 09:42:07 - root._get_json_classname_for_box - DEBUG <-> _get_json_classname_for_box: checking object with keys: ['bbox', 'category_id']
2025-11-14 09:42:07 - root._get_json_classname_for_box - DEBUG <-> _get_json_classname_for_box: checking object with keys: ['bbox', 'category_id']
2025-11-14 09:42:07 - root._get_json_classname_for_box - DEBUG <-> _get_json_classname_for_box: checking object with keys: ['bbox', 'category_id']
2025-11-14 09:42:07 - root._get_json_classname_for_box - DEBUG <-> _get_json_classname_for_box: checking object with keys: ['bbox', 'category_id']
2025-11-14 09:42:07 - root._get_json_classname_for_box - DEBUG <-> _get_json_classname_for_box: checking object with keys: ['bbox', 'category_id']
2025-11-14 09:42:07 - root._get_json_classname_for_box - DEBUG <-> _get_json_classname_for_box: checking object with keys: ['bbox', 'category_id']
2025-11-14 09:42:07 - root._get_json_classname_for_box - DEBUG <-> _get_json_classname_for_box: checking object with keys: ['bbox', 'category_id']
2025-11-14 09:42:07 - root._get_json_classname_for_box - DEBUG <-> _get_json_classname_for_box: checking object with keys: ['bbox', 'category_id']
2025-11-14 09:42:07 - root._get_json_classname_for_box - DEBUG <-> _get_json_classname_for_box: checking object with keys: ['bbox', 'category_id']
2025-11-14 09:42:07 - root._get_json_classname_for_box - DEBUG <-> _get_json_classname_for_box: checking object with keys: ['bbox', 'category_id']
2025-11-14 09:42:07 - root._get_json_classname_for_box - DEBUG <-> _get_json_classname_for_box: checking object with keys: ['bbox', 'category_id']
2025-11-14 09:42:07 - root._get_json_classname_for_box - DEBUG <-> _get_json_classname_for_box: checking object with keys: ['bbox', 'category_id']
2025-11-14 09:42:07 - root._get_json_classname_for_box - DEBUG <-> _get_json_classname_for_box: checking object with keys: ['bbox', 'category_id']
2025-11-14 09:42:07 - root._get_json_classname_for_box - DEBUG <-> _get_json_classname_for_box: checking object with keys: ['bbox', 'category_id']
2025-11-14 09:42:07 - root._get_json_classname_for_box - DEBUG <-> _get_json_classname_for_box: checking object with keys: ['bbox', 'category_id']
2025-11-14 09:42:07 - root._get_json_classname_for_box - DEBUG <-> _get_json_classname_for_box: checking object with keys: ['bbox', 'category_id']
2025-11-14 09:42:07 - root._get_json_classname_for_box - DEBUG <-> _get_json_classname_for_box: checking object with keys: ['bbox', 'category_id']
2025-11-14 09:42:07 - root.update_labels_panel - DEBUG <-> Label panel: box idx=10 numeric class_idx=0 -> class_name='person'
2025-11-14 09:42:07 - root._get_json_classname_for_box - DEBUG <-> _get_json_classname_for_box: checking candidate path: /home/madan/a/labels/converted_json/6f.json
2025-11-14 09:42:07 - root._get_json_classname_for_box - DEBUG <-> _get_json_classname_for_box: found file: /home/madan/a/labels/converted_json/6f.json
2025-11-14 09:42:07 - root._get_json_classname_for_box - DEBUG <-> _get_json_classname_for_box: checking object with keys: ['bbox', 'category_id']
2025-11-14 09:42:07 - root._get_json_classname_for_box - DEBUG <-> _get_json_classname_for_box: checking object with keys: ['bbox', 'category_id']
2025-11-14 09:42:07 - root._get_json_classname_for_box - DEBUG <-> _get_json_classname_for_box: checking object with keys: ['bbox', 'category_id']
2025-11-14 09:42:07 - root._get_json_classname_for_box - DEBUG <-> _get_json_classname_for_box: checking object with keys: ['bbox', 'category_id']
2025-11-14 09:42:07 - root._get_json_classname_for_box - DEBUG <-> _get_json_classname_for_box: checking object with keys: ['bbox', 'category_id']
2025-11-14 09:42:07 - root._get_json_classname_for_box - DEBUG <-> _get_json_classname_for_box: checking object with keys: ['bbox', 'category_id']
2025-11-14 09:42:07 - root._get_json_classname_for_box - DEBUG <-> _get_json_classname_for_box: checking object with keys: ['bbox', 'category_id']
2025-11-14 09:42:07 - root._get_json_classname_for_box - DEBUG <-> _get_json_classname_for_box: checking object with keys: ['bbox', 'category_id']
2025-11-14 09:42:07 - root._get_json_classname_for_box - DEBUG <-> _get_json_classname_for_box: checking object with keys: ['bbox', 'category_id']
2025-11-14 09:42:07 - root._get_json_classname_for_box - DEBUG <-> _get_json_classname_for_box: checking object with keys: ['bbox', 'category_id']
2025-11-14 09:42:07 - root._get_json_classname_for_box - DEBUG <-> _get_json_classname_for_box: checking object with keys: ['bbox', 'category_id']
2025-11-14 09:42:07 - root._get_json_classname_for_box - DEBUG <-> _get_json_classname_for_box: checking object with keys: ['bbox', 'category_id']
2025-11-14 09:42:07 - root._get_json_classname_for_box - DEBUG <-> _get_json_classname_for_box: checking object with keys: ['bbox', 'category_id']
2025-11-14 09:42:07 - root._get_json_classname_for_box - DEBUG <-> _get_json_classname_for_box: checking object with keys: ['bbox', 'category_id']
2025-11-14 09:42:07 - root._get_json_classname_for_box - DEBUG <-> _get_json_classname_for_box: checking object with keys: ['bbox', 'category_id']
2025-11-14 09:42:07 - root._get_json_classname_for_box - DEBUG <-> _get_json_classname_for_box: checking object with keys: ['bbox', 'category_id']
2025-11-14 09:42:07 - root._get_json_classname_for_box - DEBUG <-> _get_json_classname_for_box: checking object with keys: ['bbox', 'category_id']
2025-11-14 09:42:07 - root._get_json_classname_for_box - DEBUG <-> _get_json_classname_for_box: checking object with keys: ['bbox', 'category_id']
2025-11-14 09:42:07 - root.update_labels_panel - DEBUG <-> Label panel: box idx=11 numeric class_idx=0 -> class_name='person'
2025-11-14 09:42:07 - root._get_json_classname_for_box - DEBUG <-> _get_json_classname_for_box: checking candidate path: /home/madan/a/labels/converted_json/6f.json
2025-11-14 09:42:07 - root._get_json_classname_for_box - DEBUG <-> _get_json_classname_for_box: found file: /home/madan/a/labels/converted_json/6f.json
2025-11-14 09:42:07 - root._get_json_classname_for_box - DEBUG <-> _get_json_classname_for_box: checking object with keys: ['bbox', 'category_id']
2025-11-14 09:42:07 - root._get_json_classname_for_box - DEBUG <-> _get_json_classname_for_box: checking object with keys: ['bbox', 'category_id']
2025-11-14 09:42:07 - root._get_json_classname_for_box - DEBUG <-> _get_json_classname_for_box: checking object with keys: ['bbox', 'category_id']
2025-11-14 09:42:07 - root._get_json_classname_for_box - DEBUG <-> _get_json_classname_for_box: checking object with keys: ['bbox', 'category_id']
2025-11-14 09:42:07 - root._get_json_classname_for_box - DEBUG <-> _get_json_classname_for_box: checking object with keys: ['bbox', 'category_id']
2025-11-14 09:42:07 - root._get_json_classname_for_box - DEBUG <-> _get_json_classname_for_box: checking object with keys: ['bbox', 'category_id']
2025-11-14 09:42:07 - root._get_json_classname_for_box - DEBUG <-> _get_json_classname_for_box: checking object with keys: ['bbox', 'category_id']
2025-11-14 09:42:07 - root._get_json_classname_for_box - DEBUG <-> _get_json_classname_for_box: checking object with keys: ['bbox', 'category_id']
2025-11-14 09:42:07 - root._get_json_classname_for_box - DEBUG <-> _get_json_classname_for_box: checking object with keys: ['bbox', 'category_id']
2025-11-14 09:42:07 - root._get_json_classname_for_box - DEBUG <-> _get_json_classname_for_box: checking object with keys: ['bbox', 'category_id']
2025-11-14 09:42:07 - root._get_json_classname_for_box - DEBUG <-> _get_json_classname_for_box: checking object with keys: ['bbox', 'category_id']
2025-11-14 09:42:07 - root._get_json_classname_for_box - DEBUG <-> _get_json_classname_for_box: checking object with keys: ['bbox', 'category_id']
2025-11-14 09:42:07 - root._get_json_classname_for_box - DEBUG <-> _get_json_classname_for_box: checking object with keys: ['bbox', 'category_id']
2025-11-14 09:42:07 - root._get_json_classname_for_box - DEBUG <-> _get_json_classname_for_box: checking object with keys: ['bbox', 'category_id']
2025-11-14 09:42:07 - root._get_json_classname_for_box - DEBUG <-> _get_json_classname_for_box: checking object with keys: ['bbox', 'category_id']
2025-11-14 09:42:07 - root._get_json_classname_for_box - DEBUG <-> _get_json_classname_for_box: checking object with keys: ['bbox', 'category_id']
2025-11-14 09:42:07 - root._get_json_classname_for_box - DEBUG <-> _get_json_classname_for_box: checking object with keys: ['bbox', 'category_id']
2025-11-14 09:42:07 - root._get_json_classname_for_box - DEBUG <-> _get_json_classname_for_box: checking object with keys: ['bbox', 'category_id']
2025-11-14 09:42:07 - root.update_labels_panel - DEBUG <-> Label panel: box idx=12 numeric class_idx=2 -> class_name='savety vest'
2025-11-14 09:42:07 - root._get_json_classname_for_box - DEBUG <-> _get_json_classname_for_box: checking candidate path: /home/madan/a/labels/converted_json/6f.json
2025-11-14 09:42:07 - root._get_json_classname_for_box - DEBUG <-> _get_json_classname_for_box: found file: /home/madan/a/labels/converted_json/6f.json
2025-11-14 09:42:07 - root._get_json_classname_for_box - DEBUG <-> _get_json_classname_for_box: checking object with keys: ['bbox', 'category_id']
2025-11-14 09:42:07 - root._get_json_classname_for_box - DEBUG <-> _get_json_classname_for_box: checking object with keys: ['bbox', 'category_id']
2025-11-14 09:42:07 - root._get_json_classname_for_box - DEBUG <-> _get_json_classname_for_box: checking object with keys: ['bbox', 'category_id']
2025-11-14 09:42:07 - root._get_json_classname_for_box - DEBUG <-> _get_json_classname_for_box: checking object with keys: ['bbox', 'category_id']
2025-11-14 09:42:07 - root._get_json_classname_for_box - DEBUG <-> _get_json_classname_for_box: checking object with keys: ['bbox', 'category_id']
2025-11-14 09:42:07 - root._get_json_classname_for_box - DEBUG <-> _get_json_classname_for_box: checking object with keys: ['bbox', 'category_id']
2025-11-14 09:42:07 - root._get_json_classname_for_box - DEBUG <-> _get_json_classname_for_box: checking object with keys: ['bbox', 'category_id']
2025-11-14 09:42:07 - root._get_json_classname_for_box - DEBUG <-> _get_json_classname_for_box: checking object with keys: ['bbox', 'category_id']
2025-11-14 09:42:07 - root._get_json_classname_for_box - DEBUG <-> _get_json_classname_for_box: checking object with keys: ['bbox', 'category_id']
2025-11-14 09:42:07 - root._get_json_classname_for_box - DEBUG <-> _get_json_classname_for_box: checking object with keys: ['bbox', 'category_id']
2025-11-14 09:42:07 - root._get_json_classname_for_box - DEBUG <-> _get_json_classname_for_box: checking object with keys: ['bbox', 'category_id']
2025-11-14 09:42:07 - root._get_json_classname_for_box - DEBUG <-> _get_json_classname_for_box: checking object with keys: ['bbox', 'category_id']
2025-11-14 09:42:07 - root._get_json_classname_for_box - DEBUG <-> _get_json_classname_for_box: checking object with keys: ['bbox', 'category_id']
2025-11-14 09:42:07 - root._get_json_classname_for_box - DEBUG <-> _get_json_classname_for_box: checking object with keys: ['bbox', 'category_id']
2025-11-14 09:42:07 - root._get_json_classname_for_box - DEBUG <-> _get_json_classname_for_box: checking object with keys: ['bbox', 'category_id']
2025-11-14 09:42:07 - root._get_json_classname_for_box - DEBUG <-> _get_json_classname_for_box: checking object with keys: ['bbox', 'category_id']
2025-11-14 09:42:07 - root._get_json_classname_for_box - DEBUG <-> _get_json_classname_for_box: checking object with keys: ['bbox', 'category_id']
2025-11-14 09:42:07 - root._get_json_classname_for_box - DEBUG <-> _get_json_classname_for_box: checking object with keys: ['bbox', 'category_id']
2025-11-14 09:42:07 - root.update_labels_panel - DEBUG <-> Label panel: box idx=13 numeric class_idx=4 -> class_name='no savety vest'
2025-11-14 09:42:07 - root._get_json_classname_for_box - DEBUG <-> _get_json_classname_for_box: checking candidate path: /home/madan/a/labels/converted_json/6f.json
2025-11-14 09:42:07 - root._get_json_classname_for_box - DEBUG <-> _get_json_classname_for_box: found file: /home/madan/a/labels/converted_json/6f.json
2025-11-14 09:42:07 - root._get_json_classname_for_box - DEBUG <-> _get_json_classname_for_box: checking object with keys: ['bbox', 'category_id']
2025-11-14 09:42:07 - root._get_json_classname_for_box - DEBUG <-> _get_json_classname_for_box: checking object with keys: ['bbox', 'category_id']
2025-11-14 09:42:07 - root._get_json_classname_for_box - DEBUG <-> _get_json_classname_for_box: checking object with keys: ['bbox', 'category_id']
2025-11-14 09:42:07 - root._get_json_classname_for_box - DEBUG <-> _get_json_classname_for_box: checking object with keys: ['bbox', 'category_id']
2025-11-14 09:42:07 - root._get_json_classname_for_box - DEBUG <-> _get_json_classname_for_box: checking object with keys: ['bbox', 'category_id']
2025-11-14 09:42:07 - root._get_json_classname_for_box - DEBUG <-> _get_json_classname_for_box: checking object with keys: ['bbox', 'category_id']
2025-11-14 09:42:07 - root._get_json_classname_for_box - DEBUG <-> _get_json_classname_for_box: checking object with keys: ['bbox', 'category_id']
2025-11-14 09:42:07 - root._get_json_classname_for_box - DEBUG <-> _get_json_classname_for_box: checking object with keys: ['bbox', 'category_id']
2025-11-14 09:42:07 - root._get_json_classname_for_box - DEBUG <-> _get_json_classname_for_box: checking object with keys: ['bbox', 'category_id']
2025-11-14 09:42:07 - root._get_json_classname_for_box - DEBUG <-> _get_json_classname_for_box: checking object with keys: ['bbox', 'category_id']
2025-11-14 09:42:07 - root._get_json_classname_for_box - DEBUG <-> _get_json_classname_for_box: checking object with keys: ['bbox', 'category_id']
2025-11-14 09:42:07 - root._get_json_classname_for_box - DEBUG <-> _get_json_classname_for_box: checking object with keys: ['bbox', 'category_id']
2025-11-14 09:42:07 - root._get_json_classname_for_box - DEBUG <-> _get_json_classname_for_box: checking object with keys: ['bbox', 'category_id']
2025-11-14 09:42:07 - root._get_json_classname_for_box - DEBUG <-> _get_json_classname_for_box: checking object with keys: ['bbox', 'category_id']
2025-11-14 09:42:07 - root._get_json_classname_for_box - DEBUG <-> _get_json_classname_for_box: checking object with keys: ['bbox', 'category_id']
2025-11-14 09:42:07 - root._get_json_classname_for_box - DEBUG <-> _get_json_classname_for_box: checking object with keys: ['bbox', 'category_id']
2025-11-14 09:42:07 - root._get_json_classname_for_box - DEBUG <-> _get_json_classname_for_box: checking object with keys: ['bbox', 'category_id']
2025-11-14 09:42:07 - root._get_json_classname_for_box - DEBUG <-> _get_json_classname_for_box: checking object with keys: ['bbox', 'category_id']
2025-11-14 09:42:07 - root.update_labels_panel - DEBUG <-> Label panel: box idx=14 numeric class_idx=2 -> class_name='savety vest'
2025-11-14 09:42:07 - root._get_json_classname_for_box - DEBUG <-> _get_json_classname_for_box: checking candidate path: /home/madan/a/labels/converted_json/6f.json
2025-11-14 09:42:07 - root._get_json_classname_for_box - DEBUG <-> _get_json_classname_for_box: found file: /home/madan/a/labels/converted_json/6f.json
2025-11-14 09:42:07 - root._get_json_classname_for_box - DEBUG <-> _get_json_classname_for_box: checking object with keys: ['bbox', 'category_id']
2025-11-14 09:42:07 - root._get_json_classname_for_box - DEBUG <-> _get_json_classname_for_box: checking object with keys: ['bbox', 'category_id']
2025-11-14 09:42:07 - root._get_json_classname_for_box - DEBUG <-> _get_json_classname_for_box: checking object with keys: ['bbox', 'category_id']
2025-11-14 09:42:07 - root._get_json_classname_for_box - DEBUG <-> _get_json_classname_for_box: checking object with keys: ['bbox', 'category_id']
2025-11-14 09:42:07 - root._get_json_classname_for_box - DEBUG <-> _get_json_classname_for_box: checking object with keys: ['bbox', 'category_id']
2025-11-14 09:42:07 - root._get_json_classname_for_box - DEBUG <-> _get_json_classname_for_box: checking object with keys: ['bbox', 'category_id']
2025-11-14 09:42:07 - root._get_json_classname_for_box - DEBUG <-> _get_json_classname_for_box: checking object with keys: ['bbox', 'category_id']
2025-11-14 09:42:07 - root._get_json_classname_for_box - DEBUG <-> _get_json_classname_for_box: checking object with keys: ['bbox', 'category_id']
2025-11-14 09:42:07 - root._get_json_classname_for_box - DEBUG <-> _get_json_classname_for_box: checking object with keys: ['bbox', 'category_id']
2025-11-14 09:42:07 - root._get_json_classname_for_box - DEBUG <-> _get_json_classname_for_box: checking object with keys: ['bbox', 'category_id']
2025-11-14 09:42:07 - root._get_json_classname_for_box - DEBUG <-> _get_json_classname_for_box: checking object with keys: ['bbox', 'category_id']
2025-11-14 09:42:07 - root._get_json_classname_for_box - DEBUG <-> _get_json_classname_for_box: checking object with keys: ['bbox', 'category_id']
2025-11-14 09:42:07 - root._get_json_classname_for_box - DEBUG <-> _get_json_classname_for_box: checking object with keys: ['bbox', 'category_id']
2025-11-14 09:42:07 - root._get_json_classname_for_box - DEBUG <-> _get_json_classname_for_box: checking object with keys: ['bbox', 'category_id']
2025-11-14 09:42:07 - root._get_json_classname_for_box - DEBUG <-> _get_json_classname_for_box: checking object with keys: ['bbox', 'category_id']
2025-11-14 09:42:07 - root._get_json_classname_for_box - DEBUG <-> _get_json_classname_for_box: checking object with keys: ['bbox', 'category_id']
2025-11-14 09:42:07 - root._get_json_classname_for_box - DEBUG <-> _get_json_classname_for_box: checking object with keys: ['bbox', 'category_id']
2025-11-14 09:42:07 - root._get_json_classname_for_box - DEBUG <-> _get_json_classname_for_box: checking object with keys: ['bbox', 'category_id']
2025-11-14 09:42:07 - root.update_labels_panel - DEBUG <-> Label panel: box idx=15 numeric class_idx=4 -> class_name='no savety vest'
2025-11-14 09:42:07 - root._get_json_classname_for_box - DEBUG <-> _get_json_classname_for_box: checking candidate path: /home/madan/a/labels/converted_json/6f.json
2025-11-14 09:42:07 - root._get_json_classname_for_box - DEBUG <-> _get_json_classname_for_box: found file: /home/madan/a/labels/converted_json/6f.json
2025-11-14 09:42:07 - root._get_json_classname_for_box - DEBUG <-> _get_json_classname_for_box: checking object with keys: ['bbox', 'category_id']
2025-11-14 09:42:07 - root._get_json_classname_for_box - DEBUG <-> _get_json_classname_for_box: checking object with keys: ['bbox', 'category_id']
2025-11-14 09:42:07 - root._get_json_classname_for_box - DEBUG <-> _get_json_classname_for_box: checking object with keys: ['bbox', 'category_id']
2025-11-14 09:42:07 - root._get_json_classname_for_box - DEBUG <-> _get_json_classname_for_box: checking object with keys: ['bbox', 'category_id']
2025-11-14 09:42:07 - root._get_json_classname_for_box - DEBUG <-> _get_json_classname_for_box: checking object with keys: ['bbox', 'category_id']
2025-11-14 09:42:07 - root._get_json_classname_for_box - DEBUG <-> _get_json_classname_for_box: checking object with keys: ['bbox', 'category_id']
2025-11-14 09:42:07 - root._get_json_classname_for_box - DEBUG <-> _get_json_classname_for_box: checking object with keys: ['bbox', 'category_id']
2025-11-14 09:42:07 - root._get_json_classname_for_box - DEBUG <-> _get_json_classname_for_box: checking object with keys: ['bbox', 'category_id']
2025-11-14 09:42:07 - root._get_json_classname_for_box - DEBUG <-> _get_json_classname_for_box: checking object with keys: ['bbox', 'category_id']
2025-11-14 09:42:07 - root._get_json_classname_for_box - DEBUG <-> _get_json_classname_for_box: checking object with keys: ['bbox', 'category_id']
2025-11-14 09:42:07 - root._get_json_classname_for_box - DEBUG <-> _get_json_classname_for_box: checking object with keys: ['bbox', 'category_id']
2025-11-14 09:42:07 - root._get_json_classname_for_box - DEBUG <-> _get_json_classname_for_box: checking object with keys: ['bbox', 'category_id']
2025-11-14 09:42:07 - root._get_json_classname_for_box - DEBUG <-> _get_json_classname_for_box: checking object with keys: ['bbox', 'category_id']
2025-11-14 09:42:07 - root._get_json_classname_for_box - DEBUG <-> _get_json_classname_for_box: checking object with keys: ['bbox', 'category_id']
2025-11-14 09:42:07 - root._get_json_classname_for_box - DEBUG <-> _get_json_classname_for_box: checking object with keys: ['bbox', 'category_id']
2025-11-14 09:42:07 - root._get_json_classname_for_box - DEBUG <-> _get_json_classname_for_box: checking object with keys: ['bbox', 'category_id']
2025-11-14 09:42:07 - root._get_json_classname_for_box - DEBUG <-> _get_json_classname_for_box: checking object with keys: ['bbox', 'category_id']
2025-11-14 09:42:07 - root._get_json_classname_for_box - DEBUG <-> _get_json_classname_for_box: checking object with keys: ['bbox', 'category_id']
2025-11-14 09:42:07 - root.update_labels_panel - DEBUG <-> Label panel: box idx=16 numeric class_idx=4 -> class_name='no savety vest'
2025-11-14 09:42:07 - root._get_json_classname_for_box - DEBUG <-> _get_json_classname_for_box: checking candidate path: /home/madan/a/labels/converted_json/6f.json
2025-11-14 09:42:07 - root._get_json_classname_for_box - DEBUG <-> _get_json_classname_for_box: found file: /home/madan/a/labels/converted_json/6f.json
2025-11-14 09:42:07 - root._get_json_classname_for_box - DEBUG <-> _get_json_classname_for_box: checking object with keys: ['bbox', 'category_id']
2025-11-14 09:42:07 - root._get_json_classname_for_box - DEBUG <-> _get_json_classname_for_box: checking object with keys: ['bbox', 'category_id']
2025-11-14 09:42:07 - root._get_json_classname_for_box - DEBUG <-> _get_json_classname_for_box: checking object with keys: ['bbox', 'category_id']
2025-11-14 09:42:07 - root._get_json_classname_for_box - DEBUG <-> _get_json_classname_for_box: checking object with keys: ['bbox', 'category_id']
2025-11-14 09:42:07 - root._get_json_classname_for_box - DEBUG <-> _get_json_classname_for_box: checking object with keys: ['bbox', 'category_id']
2025-11-14 09:42:07 - root._get_json_classname_for_box - DEBUG <-> _get_json_classname_for_box: checking object with keys: ['bbox', 'category_id']
2025-11-14 09:42:07 - root._get_json_classname_for_box - DEBUG <-> _get_json_classname_for_box: checking object with keys: ['bbox', 'category_id']
2025-11-14 09:42:07 - root._get_json_classname_for_box - DEBUG <-> _get_json_classname_for_box: checking object with keys: ['bbox', 'category_id']
2025-11-14 09:42:07 - root._get_json_classname_for_box - DEBUG <-> _get_json_classname_for_box: checking object with keys: ['bbox', 'category_id']
2025-11-14 09:42:07 - root._get_json_classname_for_box - DEBUG <-> _get_json_classname_for_box: checking object with keys: ['bbox', 'category_id']
2025-11-14 09:42:07 - root._get_json_classname_for_box - DEBUG <-> _get_json_classname_for_box: checking object with keys: ['bbox', 'category_id']
2025-11-14 09:42:07 - root._get_json_classname_for_box - DEBUG <-> _get_json_classname_for_box: checking object with keys: ['bbox', 'category_id']
2025-11-14 09:42:07 - root._get_json_classname_for_box - DEBUG <-> _get_json_classname_for_box: checking object with keys: ['bbox', 'category_id']
2025-11-14 09:42:07 - root._get_json_classname_for_box - DEBUG <-> _get_json_classname_for_box: checking object with keys: ['bbox', 'category_id']
2025-11-14 09:42:07 - root._get_json_classname_for_box - DEBUG <-> _get_json_classname_for_box: checking object with keys: ['bbox', 'category_id']
2025-11-14 09:42:07 - root._get_json_classname_for_box - DEBUG <-> _get_json_classname_for_box: checking object with keys: ['bbox', 'category_id']
2025-11-14 09:42:07 - root._get_json_classname_for_box - DEBUG <-> _get_json_classname_for_box: checking object with keys: ['bbox', 'category_id']
2025-11-14 09:42:07 - root._get_json_classname_for_box - DEBUG <-> _get_json_classname_for_box: checking object with keys: ['bbox', 'category_id']
2025-11-14 09:42:07 - root.update_labels_panel - DEBUG <-> Label panel: box idx=17 numeric class_idx=2 -> class_name='savety vest'
2025-11-14 09:42:07 - root.update_labels_panel - DEBUG <-> Setting canvas.selected_boxes to {0, 1, 2, 3, 4, 5, 6, 7, 8, 9, 10, 11, 12, 13, 14, 15, 16, 17}
2025-11-14 09:42:11 - root._extract_boxes_from_item - DEBUG <-> JSON object fields: className=None, classId=None, category_id=3, category_name=None
2025-11-14 09:42:11 - root._extract_boxes_from_item - DEBUG <-> Parsed numeric category_id -> 3
2025-11-14 09:42:11 - root._extract_boxes_from_item - DEBUG <-> Appending box: x=0.526442,y=0.604567,w=0.0625,h=0.122596, resolved_class_id=3
2025-11-14 09:42:11 - root._extract_boxes_from_item - DEBUG <-> JSON object fields: className=None, classId=None, category_id=3, category_name=None
2025-11-14 09:42:11 - root._extract_boxes_from_item - DEBUG <-> Parsed numeric category_id -> 3
2025-11-14 09:42:11 - root._extract_boxes_from_item - DEBUG <-> Appending box: x=0.328125,y=0.674279,w=0.074519,h=0.146635, resolved_class_id=3
2025-11-14 09:42:11 - root._extract_boxes_from_item - DEBUG <-> JSON object fields: className=None, classId=None, category_id=4, category_name=None
2025-11-14 09:42:11 - root._extract_boxes_from_item - DEBUG <-> Parsed numeric category_id -> 4
2025-11-14 09:42:11 - root._extract_boxes_from_item - DEBUG <-> Appending box: x=0.341346,y=0.840144,w=0.110577,h=0.242788, resolved_class_id=4
2025-11-14 09:42:11 - root._extract_boxes_from_item - DEBUG <-> JSON object fields: className=None, classId=None, category_id=0, category_name=None
2025-11-14 09:42:11 - root._extract_boxes_from_item - DEBUG <-> Parsed numeric category_id -> 0
2025-11-14 09:42:11 - root._extract_boxes_from_item - DEBUG <-> Appending box: x=0.498798,y=0.769231,w=0.175481,h=0.461538, resolved_class_id=0
2025-11-14 09:42:11 - root._extract_boxes_from_item - DEBUG <-> JSON object fields: className=None, classId=None, category_id=0, category_name=None
2025-11-14 09:42:11 - root._extract_boxes_from_item - DEBUG <-> Parsed numeric category_id -> 0
2025-11-14 09:42:11 - root._extract_boxes_from_item - DEBUG <-> Appending box: x=0.34375,y=0.792067,w=0.153846,h=0.401442, resolved_class_id=0
2025-11-14 09:42:11 - root._extract_boxes_from_item - DEBUG <-> JSON object fields: className=None, classId=None, category_id=2, category_name=None
2025-11-14 09:42:11 - root._extract_boxes_from_item - DEBUG <-> Parsed numeric category_id -> 2
2025-11-14 09:42:11 - root._extract_boxes_from_item - DEBUG <-> Appending box: x=0.53125,y=0.748798,w=0.100962,h=0.185096, resolved_class_id=2
2025-11-14 09:42:11 - root._load_json_boxes - DEBUG <-> Detected normalized per-image JSON bboxes — converting to pixel coords
2025-11-14 09:42:11 - root._get_json_classname_for_box - DEBUG <-> _get_json_classname_for_box: checking candidate path: /home/madan/a/labels/converted_json/37.json
2025-11-14 09:42:11 - root._get_json_classname_for_box - DEBUG <-> _get_json_classname_for_box: found file: /home/madan/a/labels/converted_json/37.json
2025-11-14 09:42:11 - root._get_json_classname_for_box - DEBUG <-> _get_json_classname_for_box: checking object with keys: ['bbox', 'category_id']
2025-11-14 09:42:11 - root._get_json_classname_for_box - DEBUG <-> _get_json_classname_for_box: checking object with keys: ['bbox', 'category_id']
2025-11-14 09:42:11 - root._get_json_classname_for_box - DEBUG <-> _get_json_classname_for_box: checking object with keys: ['bbox', 'category_id']
2025-11-14 09:42:11 - root._get_json_classname_for_box - DEBUG <-> _get_json_classname_for_box: checking object with keys: ['bbox', 'category_id']
2025-11-14 09:42:11 - root._get_json_classname_for_box - DEBUG <-> _get_json_classname_for_box: checking object with keys: ['bbox', 'category_id']
2025-11-14 09:42:11 - root._get_json_classname_for_box - DEBUG <-> _get_json_classname_for_box: checking object with keys: ['bbox', 'category_id']
2025-11-14 09:42:11 - root.update_labels_panel - DEBUG <-> Label panel: box idx=0 numeric class_idx=3 -> class_name='no helmet'
2025-11-14 09:42:11 - root._get_json_classname_for_box - DEBUG <-> _get_json_classname_for_box: checking candidate path: /home/madan/a/labels/converted_json/37.json
2025-11-14 09:42:11 - root._get_json_classname_for_box - DEBUG <-> _get_json_classname_for_box: found file: /home/madan/a/labels/converted_json/37.json
2025-11-14 09:42:11 - root._get_json_classname_for_box - DEBUG <-> _get_json_classname_for_box: checking object with keys: ['bbox', 'category_id']
2025-11-14 09:42:11 - root._get_json_classname_for_box - DEBUG <-> _get_json_classname_for_box: checking object with keys: ['bbox', 'category_id']
2025-11-14 09:42:11 - root._get_json_classname_for_box - DEBUG <-> _get_json_classname_for_box: checking object with keys: ['bbox', 'category_id']
2025-11-14 09:42:11 - root._get_json_classname_for_box - DEBUG <-> _get_json_classname_for_box: checking object with keys: ['bbox', 'category_id']
2025-11-14 09:42:11 - root._get_json_classname_for_box - DEBUG <-> _get_json_classname_for_box: checking object with keys: ['bbox', 'category_id']
2025-11-14 09:42:11 - root._get_json_classname_for_box - DEBUG <-> _get_json_classname_for_box: checking object with keys: ['bbox', 'category_id']
2025-11-14 09:42:11 - root.update_labels_panel - DEBUG <-> Label panel: box idx=1 numeric class_idx=3 -> class_name='no helmet'
2025-11-14 09:42:11 - root._get_json_classname_for_box - DEBUG <-> _get_json_classname_for_box: checking candidate path: /home/madan/a/labels/converted_json/37.json
2025-11-14 09:42:11 - root._get_json_classname_for_box - DEBUG <-> _get_json_classname_for_box: found file: /home/madan/a/labels/converted_json/37.json
2025-11-14 09:42:11 - root._get_json_classname_for_box - DEBUG <-> _get_json_classname_for_box: checking object with keys: ['bbox', 'category_id']
2025-11-14 09:42:11 - root._get_json_classname_for_box - DEBUG <-> _get_json_classname_for_box: checking object with keys: ['bbox', 'category_id']
2025-11-14 09:42:11 - root._get_json_classname_for_box - DEBUG <-> _get_json_classname_for_box: checking object with keys: ['bbox', 'category_id']
2025-11-14 09:42:11 - root._get_json_classname_for_box - DEBUG <-> _get_json_classname_for_box: checking object with keys: ['bbox', 'category_id']
2025-11-14 09:42:11 - root._get_json_classname_for_box - DEBUG <-> _get_json_classname_for_box: checking object with keys: ['bbox', 'category_id']
2025-11-14 09:42:11 - root._get_json_classname_for_box - DEBUG <-> _get_json_classname_for_box: checking object with keys: ['bbox', 'category_id']
2025-11-14 09:42:11 - root.update_labels_panel - DEBUG <-> Label panel: box idx=2 numeric class_idx=4 -> class_name='no savety vest'
2025-11-14 09:42:11 - root._get_json_classname_for_box - DEBUG <-> _get_json_classname_for_box: checking candidate path: /home/madan/a/labels/converted_json/37.json
2025-11-14 09:42:11 - root._get_json_classname_for_box - DEBUG <-> _get_json_classname_for_box: found file: /home/madan/a/labels/converted_json/37.json
2025-11-14 09:42:11 - root._get_json_classname_for_box - DEBUG <-> _get_json_classname_for_box: checking object with keys: ['bbox', 'category_id']
2025-11-14 09:42:11 - root._get_json_classname_for_box - DEBUG <-> _get_json_classname_for_box: checking object with keys: ['bbox', 'category_id']
2025-11-14 09:42:11 - root._get_json_classname_for_box - DEBUG <-> _get_json_classname_for_box: checking object with keys: ['bbox', 'category_id']
2025-11-14 09:42:11 - root._get_json_classname_for_box - DEBUG <-> _get_json_classname_for_box: checking object with keys: ['bbox', 'category_id']
2025-11-14 09:42:11 - root._get_json_classname_for_box - DEBUG <-> _get_json_classname_for_box: checking object with keys: ['bbox', 'category_id']
2025-11-14 09:42:11 - root._get_json_classname_for_box - DEBUG <-> _get_json_classname_for_box: checking object with keys: ['bbox', 'category_id']
2025-11-14 09:42:11 - root.update_labels_panel - DEBUG <-> Label panel: box idx=3 numeric class_idx=0 -> class_name='person'
2025-11-14 09:42:11 - root._get_json_classname_for_box - DEBUG <-> _get_json_classname_for_box: checking candidate path: /home/madan/a/labels/converted_json/37.json
2025-11-14 09:42:11 - root._get_json_classname_for_box - DEBUG <-> _get_json_classname_for_box: found file: /home/madan/a/labels/converted_json/37.json
2025-11-14 09:42:11 - root._get_json_classname_for_box - DEBUG <-> _get_json_classname_for_box: checking object with keys: ['bbox', 'category_id']
2025-11-14 09:42:11 - root._get_json_classname_for_box - DEBUG <-> _get_json_classname_for_box: checking object with keys: ['bbox', 'category_id']
2025-11-14 09:42:11 - root._get_json_classname_for_box - DEBUG <-> _get_json_classname_for_box: checking object with keys: ['bbox', 'category_id']
2025-11-14 09:42:11 - root._get_json_classname_for_box - DEBUG <-> _get_json_classname_for_box: checking object with keys: ['bbox', 'category_id']
2025-11-14 09:42:11 - root._get_json_classname_for_box - DEBUG <-> _get_json_classname_for_box: checking object with keys: ['bbox', 'category_id']
2025-11-14 09:42:11 - root._get_json_classname_for_box - DEBUG <-> _get_json_classname_for_box: checking object with keys: ['bbox', 'category_id']
2025-11-14 09:42:11 - root.update_labels_panel - DEBUG <-> Label panel: box idx=4 numeric class_idx=0 -> class_name='person'
2025-11-14 09:42:11 - root._get_json_classname_for_box - DEBUG <-> _get_json_classname_for_box: checking candidate path: /home/madan/a/labels/converted_json/37.json
2025-11-14 09:42:11 - root._get_json_classname_for_box - DEBUG <-> _get_json_classname_for_box: found file: /home/madan/a/labels/converted_json/37.json
2025-11-14 09:42:11 - root._get_json_classname_for_box - DEBUG <-> _get_json_classname_for_box: checking object with keys: ['bbox', 'category_id']
2025-11-14 09:42:11 - root._get_json_classname_for_box - DEBUG <-> _get_json_classname_for_box: checking object with keys: ['bbox', 'category_id']
2025-11-14 09:42:11 - root._get_json_classname_for_box - DEBUG <-> _get_json_classname_for_box: checking object with keys: ['bbox', 'category_id']
2025-11-14 09:42:11 - root._get_json_classname_for_box - DEBUG <-> _get_json_classname_for_box: checking object with keys: ['bbox', 'category_id']
2025-11-14 09:42:11 - root._get_json_classname_for_box - DEBUG <-> _get_json_classname_for_box: checking object with keys: ['bbox', 'category_id']
2025-11-14 09:42:11 - root._get_json_classname_for_box - DEBUG <-> _get_json_classname_for_box: checking object with keys: ['bbox', 'category_id']
2025-11-14 09:42:11 - root.update_labels_panel - DEBUG <-> Label panel: box idx=5 numeric class_idx=2 -> class_name='savety vest'
2025-11-14 09:42:11 - root.update_labels_panel - DEBUG <-> Setting canvas.selected_boxes to {0, 1, 2, 3, 4, 5}
2025-11-14 09:42:12 - root._extract_boxes_from_item - DEBUG <-> JSON object fields: className=None, classId=None, category_id=1, category_name=None
2025-11-14 09:42:12 - root._extract_boxes_from_item - DEBUG <-> Parsed numeric category_id -> 1
2025-11-14 09:42:12 - root._extract_boxes_from_item - DEBUG <-> Appending box: x=0.084603,y=0.582689,w=0.070185,h=0.084139, resolved_class_id=1
2025-11-14 09:42:12 - root._extract_boxes_from_item - DEBUG <-> JSON object fields: className=None, classId=None, category_id=0, category_name=None
2025-11-14 09:42:12 - root._extract_boxes_from_item - DEBUG <-> Parsed numeric category_id -> 0
2025-11-14 09:42:12 - root._extract_boxes_from_item - DEBUG <-> Appending box: x=0.098749,y=0.673114,w=0.196409,h=0.276596, resolved_class_id=0
2025-11-14 09:42:12 - root._extract_boxes_from_item - DEBUG <-> JSON object fields: className=None, classId=None, category_id=4, category_name=None
2025-11-14 09:42:12 - root._extract_boxes_from_item - DEBUG <-> Parsed numeric category_id -> 4
2025-11-14 09:42:12 - root._extract_boxes_from_item - DEBUG <-> Appending box: x=0.107454,y=0.698259,w=0.169206,h=0.141199, resolved_class_id=4
2025-11-14 09:42:12 - root._load_json_boxes - DEBUG <-> Detected normalized per-image JSON bboxes — converting to pixel coords
2025-11-14 09:42:12 - root._get_json_classname_for_box - DEBUG <-> _get_json_classname_for_box: checking candidate path: /home/madan/a/labels/converted_json/72f.json
2025-11-14 09:42:12 - root._get_json_classname_for_box - DEBUG <-> _get_json_classname_for_box: found file: /home/madan/a/labels/converted_json/72f.json
2025-11-14 09:42:12 - root._get_json_classname_for_box - DEBUG <-> _get_json_classname_for_box: checking object with keys: ['bbox', 'category_id']
2025-11-14 09:42:12 - root._get_json_classname_for_box - DEBUG <-> _get_json_classname_for_box: checking object with keys: ['bbox', 'category_id']
2025-11-14 09:42:12 - root._get_json_classname_for_box - DEBUG <-> _get_json_classname_for_box: checking object with keys: ['bbox', 'category_id']
2025-11-14 09:42:12 - root.update_labels_panel - DEBUG <-> Label panel: box idx=0 numeric class_idx=1 -> class_name='helmet'
2025-11-14 09:42:12 - root._get_json_classname_for_box - DEBUG <-> _get_json_classname_for_box: checking candidate path: /home/madan/a/labels/converted_json/72f.json
2025-11-14 09:42:12 - root._get_json_classname_for_box - DEBUG <-> _get_json_classname_for_box: found file: /home/madan/a/labels/converted_json/72f.json
2025-11-14 09:42:12 - root._get_json_classname_for_box - DEBUG <-> _get_json_classname_for_box: checking object with keys: ['bbox', 'category_id']
2025-11-14 09:42:12 - root._get_json_classname_for_box - DEBUG <-> _get_json_classname_for_box: checking object with keys: ['bbox', 'category_id']
2025-11-14 09:42:12 - root._get_json_classname_for_box - DEBUG <-> _get_json_classname_for_box: checking object with keys: ['bbox', 'category_id']
2025-11-14 09:42:12 - root.update_labels_panel - DEBUG <-> Label panel: box idx=1 numeric class_idx=0 -> class_name='person'
2025-11-14 09:42:12 - root._get_json_classname_for_box - DEBUG <-> _get_json_classname_for_box: checking candidate path: /home/madan/a/labels/converted_json/72f.json
2025-11-14 09:42:12 - root._get_json_classname_for_box - DEBUG <-> _get_json_classname_for_box: found file: /home/madan/a/labels/converted_json/72f.json
2025-11-14 09:42:12 - root._get_json_classname_for_box - DEBUG <-> _get_json_classname_for_box: checking object with keys: ['bbox', 'category_id']
2025-11-14 09:42:12 - root._get_json_classname_for_box - DEBUG <-> _get_json_classname_for_box: checking object with keys: ['bbox', 'category_id']
2025-11-14 09:42:12 - root._get_json_classname_for_box - DEBUG <-> _get_json_classname_for_box: checking object with keys: ['bbox', 'category_id']
2025-11-14 09:42:12 - root.update_labels_panel - DEBUG <-> Label panel: box idx=2 numeric class_idx=4 -> class_name='no savety vest'
2025-11-14 09:42:12 - root.update_labels_panel - DEBUG <-> Setting canvas.selected_boxes to {0, 1, 2}
2025-11-14 09:42:13 - root._extract_boxes_from_item - DEBUG <-> JSON object fields: className=None, classId=None, category_id=1, category_name=None
2025-11-14 09:42:13 - root._extract_boxes_from_item - DEBUG <-> Parsed numeric category_id -> 1
2025-11-14 09:42:13 - root._extract_boxes_from_item - DEBUG <-> Appending box: x=0.494922,y=0.352778,w=0.050781,h=0.061111, resolved_class_id=1
2025-11-14 09:42:13 - root._extract_boxes_from_item - DEBUG <-> JSON object fields: className=None, classId=None, category_id=1, category_name=None
2025-11-14 09:42:13 - root._extract_boxes_from_item - DEBUG <-> Parsed numeric category_id -> 1
2025-11-14 09:42:13 - root._extract_boxes_from_item - DEBUG <-> Appending box: x=0.305859,y=0.256944,w=0.075781,h=0.077778, resolved_class_id=1
2025-11-14 09:42:13 - root._extract_boxes_from_item - DEBUG <-> JSON object fields: className=None, classId=None, category_id=1, category_name=None
2025-11-14 09:42:13 - root._extract_boxes_from_item - DEBUG <-> Parsed numeric category_id -> 1
2025-11-14 09:42:13 - root._extract_boxes_from_item - DEBUG <-> Appending box: x=0.415625,y=0.345139,w=0.05,h=0.054167, resolved_class_id=1
2025-11-14 09:42:13 - root._extract_boxes_from_item - DEBUG <-> JSON object fields: className=None, classId=None, category_id=1, category_name=None
2025-11-14 09:42:13 - root._extract_boxes_from_item - DEBUG <-> Parsed numeric category_id -> 1
2025-11-14 09:42:13 - root._extract_boxes_from_item - DEBUG <-> Appending box: x=0.614062,y=0.343056,w=0.067187,h=0.077778, resolved_class_id=1
2025-11-14 09:42:13 - root._extract_boxes_from_item - DEBUG <-> JSON object fields: className=None, classId=None, category_id=0, category_name=None
2025-11-14 09:42:13 - root._extract_boxes_from_item - DEBUG <-> Parsed numeric category_id -> 0
2025-11-14 09:42:13 - root._extract_boxes_from_item - DEBUG <-> Appending box: x=0.620703,y=0.647222,w=0.105469,h=0.705556, resolved_class_id=0
2025-11-14 09:42:13 - root._extract_boxes_from_item - DEBUG <-> JSON object fields: className=None, classId=None, category_id=0, category_name=None
2025-11-14 09:42:13 - root._extract_boxes_from_item - DEBUG <-> Parsed numeric category_id -> 0
2025-11-14 09:42:13 - root._extract_boxes_from_item - DEBUG <-> Appending box: x=0.504297,y=0.620139,w=0.094531,h=0.606944, resolved_class_id=0
2025-11-14 09:42:13 - root._extract_boxes_from_item - DEBUG <-> JSON object fields: className=None, classId=None, category_id=0, category_name=None
2025-11-14 09:42:13 - root._extract_boxes_from_item - DEBUG <-> Parsed numeric category_id -> 0
2025-11-14 09:42:13 - root._extract_boxes_from_item - DEBUG <-> Appending box: x=0.423828,y=0.597917,w=0.085156,h=0.576389, resolved_class_id=0
2025-11-14 09:42:13 - root._extract_boxes_from_item - DEBUG <-> JSON object fields: className=None, classId=None, category_id=0, category_name=None
2025-11-14 09:42:13 - root._extract_boxes_from_item - DEBUG <-> Parsed numeric category_id -> 0
2025-11-14 09:42:13 - root._extract_boxes_from_item - DEBUG <-> Appending box: x=0.324609,y=0.580556,w=0.147656,h=0.738889, resolved_class_id=0
2025-11-14 09:42:13 - root._extract_boxes_from_item - DEBUG <-> JSON object fields: className=None, classId=None, category_id=4, category_name=None
2025-11-14 09:42:13 - root._extract_boxes_from_item - DEBUG <-> Parsed numeric category_id -> 4
2025-11-14 09:42:13 - root._extract_boxes_from_item - DEBUG <-> Appending box: x=0.621875,y=0.564583,w=0.092188,h=0.281944, resolved_class_id=4
2025-11-14 09:42:13 - root._extract_boxes_from_item - DEBUG <-> JSON object fields: className=None, classId=None, category_id=4, category_name=None
2025-11-14 09:42:13 - root._extract_boxes_from_item - DEBUG <-> Parsed numeric category_id -> 4
2025-11-14 09:42:13 - root._extract_boxes_from_item - DEBUG <-> Appending box: x=0.504687,y=0.539583,w=0.096875,h=0.201389, resolved_class_id=4
2025-11-14 09:42:13 - root._extract_boxes_from_item - DEBUG <-> JSON object fields: className=None, classId=None, category_id=4, category_name=None
2025-11-14 09:42:13 - root._extract_boxes_from_item - DEBUG <-> Parsed numeric category_id -> 4
2025-11-14 09:42:13 - root._extract_boxes_from_item - DEBUG <-> Appending box: x=0.425391,y=0.50625,w=0.072656,h=0.176389, resolved_class_id=4
2025-11-14 09:42:13 - root._extract_boxes_from_item - DEBUG <-> JSON object fields: className=None, classId=None, category_id=2, category_name=None
2025-11-14 09:42:13 - root._extract_boxes_from_item - DEBUG <-> Parsed numeric category_id -> 2
2025-11-14 09:42:13 - root._extract_boxes_from_item - DEBUG <-> Appending box: x=0.305859,y=0.503472,w=0.113281,h=0.281944, resolved_class_id=2
2025-11-14 09:42:13 - root._load_json_boxes - DEBUG <-> Detected normalized per-image JSON bboxes — converting to pixel coords
2025-11-14 09:42:13 - root._get_json_classname_for_box - DEBUG <-> _get_json_classname_for_box: checking candidate path: /home/madan/a/labels/converted_json/84f.json
2025-11-14 09:42:13 - root._get_json_classname_for_box - DEBUG <-> _get_json_classname_for_box: found file: /home/madan/a/labels/converted_json/84f.json
2025-11-14 09:42:13 - root._get_json_classname_for_box - DEBUG <-> _get_json_classname_for_box: checking object with keys: ['bbox', 'category_id']
2025-11-14 09:42:13 - root._get_json_classname_for_box - DEBUG <-> _get_json_classname_for_box: checking object with keys: ['bbox', 'category_id']
2025-11-14 09:42:13 - root._get_json_classname_for_box - DEBUG <-> _get_json_classname_for_box: checking object with keys: ['bbox', 'category_id']
2025-11-14 09:42:13 - root._get_json_classname_for_box - DEBUG <-> _get_json_classname_for_box: checking object with keys: ['bbox', 'category_id']
2025-11-14 09:42:13 - root._get_json_classname_for_box - DEBUG <-> _get_json_classname_for_box: checking object with keys: ['bbox', 'category_id']
2025-11-14 09:42:13 - root._get_json_classname_for_box - DEBUG <-> _get_json_classname_for_box: checking object with keys: ['bbox', 'category_id']
2025-11-14 09:42:13 - root._get_json_classname_for_box - DEBUG <-> _get_json_classname_for_box: checking object with keys: ['bbox', 'category_id']
2025-11-14 09:42:13 - root._get_json_classname_for_box - DEBUG <-> _get_json_classname_for_box: checking object with keys: ['bbox', 'category_id']
2025-11-14 09:42:13 - root._get_json_classname_for_box - DEBUG <-> _get_json_classname_for_box: checking object with keys: ['bbox', 'category_id']
2025-11-14 09:42:13 - root._get_json_classname_for_box - DEBUG <-> _get_json_classname_for_box: checking object with keys: ['bbox', 'category_id']
2025-11-14 09:42:13 - root._get_json_classname_for_box - DEBUG <-> _get_json_classname_for_box: checking object with keys: ['bbox', 'category_id']
2025-11-14 09:42:13 - root._get_json_classname_for_box - DEBUG <-> _get_json_classname_for_box: checking object with keys: ['bbox', 'category_id']
2025-11-14 09:42:13 - root.update_labels_panel - DEBUG <-> Label panel: box idx=0 numeric class_idx=1 -> class_name='helmet'
2025-11-14 09:42:13 - root._get_json_classname_for_box - DEBUG <-> _get_json_classname_for_box: checking candidate path: /home/madan/a/labels/converted_json/84f.json
2025-11-14 09:42:13 - root._get_json_classname_for_box - DEBUG <-> _get_json_classname_for_box: found file: /home/madan/a/labels/converted_json/84f.json
2025-11-14 09:42:13 - root._get_json_classname_for_box - DEBUG <-> _get_json_classname_for_box: checking object with keys: ['bbox', 'category_id']
2025-11-14 09:42:13 - root._get_json_classname_for_box - DEBUG <-> _get_json_classname_for_box: checking object with keys: ['bbox', 'category_id']
2025-11-14 09:42:13 - root._get_json_classname_for_box - DEBUG <-> _get_json_classname_for_box: checking object with keys: ['bbox', 'category_id']
2025-11-14 09:42:13 - root._get_json_classname_for_box - DEBUG <-> _get_json_classname_for_box: checking object with keys: ['bbox', 'category_id']
2025-11-14 09:42:13 - root._get_json_classname_for_box - DEBUG <-> _get_json_classname_for_box: checking object with keys: ['bbox', 'category_id']
2025-11-14 09:42:13 - root._get_json_classname_for_box - DEBUG <-> _get_json_classname_for_box: checking object with keys: ['bbox', 'category_id']
2025-11-14 09:42:13 - root._get_json_classname_for_box - DEBUG <-> _get_json_classname_for_box: checking object with keys: ['bbox', 'category_id']
2025-11-14 09:42:13 - root._get_json_classname_for_box - DEBUG <-> _get_json_classname_for_box: checking object with keys: ['bbox', 'category_id']
2025-11-14 09:42:13 - root._get_json_classname_for_box - DEBUG <-> _get_json_classname_for_box: checking object with keys: ['bbox', 'category_id']
2025-11-14 09:42:13 - root._get_json_classname_for_box - DEBUG <-> _get_json_classname_for_box: checking object with keys: ['bbox', 'category_id']
2025-11-14 09:42:13 - root._get_json_classname_for_box - DEBUG <-> _get_json_classname_for_box: checking object with keys: ['bbox', 'category_id']
2025-11-14 09:42:13 - root._get_json_classname_for_box - DEBUG <-> _get_json_classname_for_box: checking object with keys: ['bbox', 'category_id']
2025-11-14 09:42:13 - root.update_labels_panel - DEBUG <-> Label panel: box idx=1 numeric class_idx=1 -> class_name='helmet'
2025-11-14 09:42:13 - root._get_json_classname_for_box - DEBUG <-> _get_json_classname_for_box: checking candidate path: /home/madan/a/labels/converted_json/84f.json
2025-11-14 09:42:13 - root._get_json_classname_for_box - DEBUG <-> _get_json_classname_for_box: found file: /home/madan/a/labels/converted_json/84f.json
2025-11-14 09:42:13 - root._get_json_classname_for_box - DEBUG <-> _get_json_classname_for_box: checking object with keys: ['bbox', 'category_id']
2025-11-14 09:42:13 - root._get_json_classname_for_box - DEBUG <-> _get_json_classname_for_box: checking object with keys: ['bbox', 'category_id']
2025-11-14 09:42:13 - root._get_json_classname_for_box - DEBUG <-> _get_json_classname_for_box: checking object with keys: ['bbox', 'category_id']
2025-11-14 09:42:13 - root._get_json_classname_for_box - DEBUG <-> _get_json_classname_for_box: checking object with keys: ['bbox', 'category_id']
2025-11-14 09:42:13 - root._get_json_classname_for_box - DEBUG <-> _get_json_classname_for_box: checking object with keys: ['bbox', 'category_id']
2025-11-14 09:42:13 - root._get_json_classname_for_box - DEBUG <-> _get_json_classname_for_box: checking object with keys: ['bbox', 'category_id']
2025-11-14 09:42:13 - root._get_json_classname_for_box - DEBUG <-> _get_json_classname_for_box: checking object with keys: ['bbox', 'category_id']
2025-11-14 09:42:13 - root._get_json_classname_for_box - DEBUG <-> _get_json_classname_for_box: checking object with keys: ['bbox', 'category_id']
2025-11-14 09:42:13 - root._get_json_classname_for_box - DEBUG <-> _get_json_classname_for_box: checking object with keys: ['bbox', 'category_id']
2025-11-14 09:42:13 - root._get_json_classname_for_box - DEBUG <-> _get_json_classname_for_box: checking object with keys: ['bbox', 'category_id']
2025-11-14 09:42:13 - root._get_json_classname_for_box - DEBUG <-> _get_json_classname_for_box: checking object with keys: ['bbox', 'category_id']
2025-11-14 09:42:13 - root._get_json_classname_for_box - DEBUG <-> _get_json_classname_for_box: checking object with keys: ['bbox', 'category_id']
2025-11-14 09:42:13 - root.update_labels_panel - DEBUG <-> Label panel: box idx=2 numeric class_idx=1 -> class_name='helmet'
2025-11-14 09:42:13 - root._get_json_classname_for_box - DEBUG <-> _get_json_classname_for_box: checking candidate path: /home/madan/a/labels/converted_json/84f.json
2025-11-14 09:42:13 - root._get_json_classname_for_box - DEBUG <-> _get_json_classname_for_box: found file: /home/madan/a/labels/converted_json/84f.json
2025-11-14 09:42:13 - root._get_json_classname_for_box - DEBUG <-> _get_json_classname_for_box: checking object with keys: ['bbox', 'category_id']
2025-11-14 09:42:13 - root._get_json_classname_for_box - DEBUG <-> _get_json_classname_for_box: checking object with keys: ['bbox', 'category_id']
2025-11-14 09:42:13 - root._get_json_classname_for_box - DEBUG <-> _get_json_classname_for_box: checking object with keys: ['bbox', 'category_id']
2025-11-14 09:42:13 - root._get_json_classname_for_box - DEBUG <-> _get_json_classname_for_box: checking object with keys: ['bbox', 'category_id']
2025-11-14 09:42:13 - root._get_json_classname_for_box - DEBUG <-> _get_json_classname_for_box: checking object with keys: ['bbox', 'category_id']
2025-11-14 09:42:13 - root._get_json_classname_for_box - DEBUG <-> _get_json_classname_for_box: checking object with keys: ['bbox', 'category_id']
2025-11-14 09:42:13 - root._get_json_classname_for_box - DEBUG <-> _get_json_classname_for_box: checking object with keys: ['bbox', 'category_id']
2025-11-14 09:42:13 - root._get_json_classname_for_box - DEBUG <-> _get_json_classname_for_box: checking object with keys: ['bbox', 'category_id']
2025-11-14 09:42:13 - root._get_json_classname_for_box - DEBUG <-> _get_json_classname_for_box: checking object with keys: ['bbox', 'category_id']
2025-11-14 09:42:13 - root._get_json_classname_for_box - DEBUG <-> _get_json_classname_for_box: checking object with keys: ['bbox', 'category_id']
2025-11-14 09:42:13 - root._get_json_classname_for_box - DEBUG <-> _get_json_classname_for_box: checking object with keys: ['bbox', 'category_id']
2025-11-14 09:42:13 - root._get_json_classname_for_box - DEBUG <-> _get_json_classname_for_box: checking object with keys: ['bbox', 'category_id']
2025-11-14 09:42:13 - root.update_labels_panel - DEBUG <-> Label panel: box idx=3 numeric class_idx=1 -> class_name='helmet'
2025-11-14 09:42:13 - root._get_json_classname_for_box - DEBUG <-> _get_json_classname_for_box: checking candidate path: /home/madan/a/labels/converted_json/84f.json
2025-11-14 09:42:13 - root._get_json_classname_for_box - DEBUG <-> _get_json_classname_for_box: found file: /home/madan/a/labels/converted_json/84f.json
2025-11-14 09:42:13 - root._get_json_classname_for_box - DEBUG <-> _get_json_classname_for_box: checking object with keys: ['bbox', 'category_id']
2025-11-14 09:42:13 - root._get_json_classname_for_box - DEBUG <-> _get_json_classname_for_box: checking object with keys: ['bbox', 'category_id']
2025-11-14 09:42:13 - root._get_json_classname_for_box - DEBUG <-> _get_json_classname_for_box: checking object with keys: ['bbox', 'category_id']
2025-11-14 09:42:13 - root._get_json_classname_for_box - DEBUG <-> _get_json_classname_for_box: checking object with keys: ['bbox', 'category_id']
2025-11-14 09:42:13 - root._get_json_classname_for_box - DEBUG <-> _get_json_classname_for_box: checking object with keys: ['bbox', 'category_id']
2025-11-14 09:42:13 - root._get_json_classname_for_box - DEBUG <-> _get_json_classname_for_box: checking object with keys: ['bbox', 'category_id']
2025-11-14 09:42:13 - root._get_json_classname_for_box - DEBUG <-> _get_json_classname_for_box: checking object with keys: ['bbox', 'category_id']
2025-11-14 09:42:13 - root._get_json_classname_for_box - DEBUG <-> _get_json_classname_for_box: checking object with keys: ['bbox', 'category_id']
2025-11-14 09:42:13 - root._get_json_classname_for_box - DEBUG <-> _get_json_classname_for_box: checking object with keys: ['bbox', 'category_id']
2025-11-14 09:42:13 - root._get_json_classname_for_box - DEBUG <-> _get_json_classname_for_box: checking object with keys: ['bbox', 'category_id']
2025-11-14 09:42:13 - root._get_json_classname_for_box - DEBUG <-> _get_json_classname_for_box: checking object with keys: ['bbox', 'category_id']
2025-11-14 09:42:13 - root._get_json_classname_for_box - DEBUG <-> _get_json_classname_for_box: checking object with keys: ['bbox', 'category_id']
2025-11-14 09:42:13 - root.update_labels_panel - DEBUG <-> Label panel: box idx=4 numeric class_idx=0 -> class_name='person'
2025-11-14 09:42:13 - root._get_json_classname_for_box - DEBUG <-> _get_json_classname_for_box: checking candidate path: /home/madan/a/labels/converted_json/84f.json
2025-11-14 09:42:13 - root._get_json_classname_for_box - DEBUG <-> _get_json_classname_for_box: found file: /home/madan/a/labels/converted_json/84f.json
2025-11-14 09:42:13 - root._get_json_classname_for_box - DEBUG <-> _get_json_classname_for_box: checking object with keys: ['bbox', 'category_id']
2025-11-14 09:42:13 - root._get_json_classname_for_box - DEBUG <-> _get_json_classname_for_box: checking object with keys: ['bbox', 'category_id']
2025-11-14 09:42:13 - root._get_json_classname_for_box - DEBUG <-> _get_json_classname_for_box: checking object with keys: ['bbox', 'category_id']
2025-11-14 09:42:13 - root._get_json_classname_for_box - DEBUG <-> _get_json_classname_for_box: checking object with keys: ['bbox', 'category_id']
2025-11-14 09:42:13 - root._get_json_classname_for_box - DEBUG <-> _get_json_classname_for_box: checking object with keys: ['bbox', 'category_id']
2025-11-14 09:42:13 - root._get_json_classname_for_box - DEBUG <-> _get_json_classname_for_box: checking object with keys: ['bbox', 'category_id']
2025-11-14 09:42:13 - root._get_json_classname_for_box - DEBUG <-> _get_json_classname_for_box: checking object with keys: ['bbox', 'category_id']
2025-11-14 09:42:13 - root._get_json_classname_for_box - DEBUG <-> _get_json_classname_for_box: checking object with keys: ['bbox', 'category_id']
2025-11-14 09:42:13 - root._get_json_classname_for_box - DEBUG <-> _get_json_classname_for_box: checking object with keys: ['bbox', 'category_id']
2025-11-14 09:42:13 - root._get_json_classname_for_box - DEBUG <-> _get_json_classname_for_box: checking object with keys: ['bbox', 'category_id']
2025-11-14 09:42:13 - root._get_json_classname_for_box - DEBUG <-> _get_json_classname_for_box: checking object with keys: ['bbox', 'category_id']
2025-11-14 09:42:13 - root._get_json_classname_for_box - DEBUG <-> _get_json_classname_for_box: checking object with keys: ['bbox', 'category_id']
2025-11-14 09:42:13 - root.update_labels_panel - DEBUG <-> Label panel: box idx=5 numeric class_idx=0 -> class_name='person'
2025-11-14 09:42:13 - root._get_json_classname_for_box - DEBUG <-> _get_json_classname_for_box: checking candidate path: /home/madan/a/labels/converted_json/84f.json
2025-11-14 09:42:13 - root._get_json_classname_for_box - DEBUG <-> _get_json_classname_for_box: found file: /home/madan/a/labels/converted_json/84f.json
2025-11-14 09:42:13 - root._get_json_classname_for_box - DEBUG <-> _get_json_classname_for_box: checking object with keys: ['bbox', 'category_id']
2025-11-14 09:42:13 - root._get_json_classname_for_box - DEBUG <-> _get_json_classname_for_box: checking object with keys: ['bbox', 'category_id']
2025-11-14 09:42:13 - root._get_json_classname_for_box - DEBUG <-> _get_json_classname_for_box: checking object with keys: ['bbox', 'category_id']
2025-11-14 09:42:13 - root._get_json_classname_for_box - DEBUG <-> _get_json_classname_for_box: checking object with keys: ['bbox', 'category_id']
2025-11-14 09:42:13 - root._get_json_classname_for_box - DEBUG <-> _get_json_classname_for_box: checking object with keys: ['bbox', 'category_id']
2025-11-14 09:42:13 - root._get_json_classname_for_box - DEBUG <-> _get_json_classname_for_box: checking object with keys: ['bbox', 'category_id']
2025-11-14 09:42:13 - root._get_json_classname_for_box - DEBUG <-> _get_json_classname_for_box: checking object with keys: ['bbox', 'category_id']
2025-11-14 09:42:13 - root._get_json_classname_for_box - DEBUG <-> _get_json_classname_for_box: checking object with keys: ['bbox', 'category_id']
2025-11-14 09:42:13 - root._get_json_classname_for_box - DEBUG <-> _get_json_classname_for_box: checking object with keys: ['bbox', 'category_id']
2025-11-14 09:42:13 - root._get_json_classname_for_box - DEBUG <-> _get_json_classname_for_box: checking object with keys: ['bbox', 'category_id']
2025-11-14 09:42:13 - root._get_json_classname_for_box - DEBUG <-> _get_json_classname_for_box: checking object with keys: ['bbox', 'category_id']
2025-11-14 09:42:13 - root._get_json_classname_for_box - DEBUG <-> _get_json_classname_for_box: checking object with keys: ['bbox', 'category_id']
2025-11-14 09:42:13 - root.update_labels_panel - DEBUG <-> Label panel: box idx=6 numeric class_idx=0 -> class_name='person'
2025-11-14 09:42:13 - root._get_json_classname_for_box - DEBUG <-> _get_json_classname_for_box: checking candidate path: /home/madan/a/labels/converted_json/84f.json
2025-11-14 09:42:13 - root._get_json_classname_for_box - DEBUG <-> _get_json_classname_for_box: found file: /home/madan/a/labels/converted_json/84f.json
2025-11-14 09:42:13 - root._get_json_classname_for_box - DEBUG <-> _get_json_classname_for_box: checking object with keys: ['bbox', 'category_id']
2025-11-14 09:42:13 - root._get_json_classname_for_box - DEBUG <-> _get_json_classname_for_box: checking object with keys: ['bbox', 'category_id']
2025-11-14 09:42:13 - root._get_json_classname_for_box - DEBUG <-> _get_json_classname_for_box: checking object with keys: ['bbox', 'category_id']
2025-11-14 09:42:13 - root._get_json_classname_for_box - DEBUG <-> _get_json_classname_for_box: checking object with keys: ['bbox', 'category_id']
2025-11-14 09:42:13 - root._get_json_classname_for_box - DEBUG <-> _get_json_classname_for_box: checking object with keys: ['bbox', 'category_id']
2025-11-14 09:42:13 - root._get_json_classname_for_box - DEBUG <-> _get_json_classname_for_box: checking object with keys: ['bbox', 'category_id']
2025-11-14 09:42:13 - root._get_json_classname_for_box - DEBUG <-> _get_json_classname_for_box: checking object with keys: ['bbox', 'category_id']
2025-11-14 09:42:13 - root._get_json_classname_for_box - DEBUG <-> _get_json_classname_for_box: checking object with keys: ['bbox', 'category_id']
2025-11-14 09:42:13 - root._get_json_classname_for_box - DEBUG <-> _get_json_classname_for_box: checking object with keys: ['bbox', 'category_id']
2025-11-14 09:42:13 - root._get_json_classname_for_box - DEBUG <-> _get_json_classname_for_box: checking object with keys: ['bbox', 'category_id']
2025-11-14 09:42:13 - root._get_json_classname_for_box - DEBUG <-> _get_json_classname_for_box: checking object with keys: ['bbox', 'category_id']
2025-11-14 09:42:13 - root._get_json_classname_for_box - DEBUG <-> _get_json_classname_for_box: checking object with keys: ['bbox', 'category_id']
2025-11-14 09:42:13 - root.update_labels_panel - DEBUG <-> Label panel: box idx=7 numeric class_idx=0 -> class_name='person'
2025-11-14 09:42:13 - root._get_json_classname_for_box - DEBUG <-> _get_json_classname_for_box: checking candidate path: /home/madan/a/labels/converted_json/84f.json
2025-11-14 09:42:13 - root._get_json_classname_for_box - DEBUG <-> _get_json_classname_for_box: found file: /home/madan/a/labels/converted_json/84f.json
2025-11-14 09:42:13 - root._get_json_classname_for_box - DEBUG <-> _get_json_classname_for_box: checking object with keys: ['bbox', 'category_id']
2025-11-14 09:42:13 - root._get_json_classname_for_box - DEBUG <-> _get_json_classname_for_box: checking object with keys: ['bbox', 'category_id']
2025-11-14 09:42:13 - root._get_json_classname_for_box - DEBUG <-> _get_json_classname_for_box: checking object with keys: ['bbox', 'category_id']
2025-11-14 09:42:13 - root._get_json_classname_for_box - DEBUG <-> _get_json_classname_for_box: checking object with keys: ['bbox', 'category_id']
2025-11-14 09:42:13 - root._get_json_classname_for_box - DEBUG <-> _get_json_classname_for_box: checking object with keys: ['bbox', 'category_id']
2025-11-14 09:42:13 - root._get_json_classname_for_box - DEBUG <-> _get_json_classname_for_box: checking object with keys: ['bbox', 'category_id']
2025-11-14 09:42:13 - root._get_json_classname_for_box - DEBUG <-> _get_json_classname_for_box: checking object with keys: ['bbox', 'category_id']
2025-11-14 09:42:13 - root._get_json_classname_for_box - DEBUG <-> _get_json_classname_for_box: checking object with keys: ['bbox', 'category_id']
2025-11-14 09:42:13 - root._get_json_classname_for_box - DEBUG <-> _get_json_classname_for_box: checking object with keys: ['bbox', 'category_id']
2025-11-14 09:42:13 - root._get_json_classname_for_box - DEBUG <-> _get_json_classname_for_box: checking object with keys: ['bbox', 'category_id']
2025-11-14 09:42:13 - root._get_json_classname_for_box - DEBUG <-> _get_json_classname_for_box: checking object with keys: ['bbox', 'category_id']
2025-11-14 09:42:13 - root._get_json_classname_for_box - DEBUG <-> _get_json_classname_for_box: checking object with keys: ['bbox', 'category_id']
2025-11-14 09:42:13 - root.update_labels_panel - DEBUG <-> Label panel: box idx=8 numeric class_idx=4 -> class_name='no savety vest'
2025-11-14 09:42:13 - root._get_json_classname_for_box - DEBUG <-> _get_json_classname_for_box: checking candidate path: /home/madan/a/labels/converted_json/84f.json
2025-11-14 09:42:13 - root._get_json_classname_for_box - DEBUG <-> _get_json_classname_for_box: found file: /home/madan/a/labels/converted_json/84f.json
2025-11-14 09:42:13 - root._get_json_classname_for_box - DEBUG <-> _get_json_classname_for_box: checking object with keys: ['bbox', 'category_id']
2025-11-14 09:42:13 - root._get_json_classname_for_box - DEBUG <-> _get_json_classname_for_box: checking object with keys: ['bbox', 'category_id']
2025-11-14 09:42:13 - root._get_json_classname_for_box - DEBUG <-> _get_json_classname_for_box: checking object with keys: ['bbox', 'category_id']
2025-11-14 09:42:13 - root._get_json_classname_for_box - DEBUG <-> _get_json_classname_for_box: checking object with keys: ['bbox', 'category_id']
2025-11-14 09:42:13 - root._get_json_classname_for_box - DEBUG <-> _get_json_classname_for_box: checking object with keys: ['bbox', 'category_id']
2025-11-14 09:42:13 - root._get_json_classname_for_box - DEBUG <-> _get_json_classname_for_box: checking object with keys: ['bbox', 'category_id']
2025-11-14 09:42:13 - root._get_json_classname_for_box - DEBUG <-> _get_json_classname_for_box: checking object with keys: ['bbox', 'category_id']
2025-11-14 09:42:13 - root._get_json_classname_for_box - DEBUG <-> _get_json_classname_for_box: checking object with keys: ['bbox', 'category_id']
2025-11-14 09:42:13 - root._get_json_classname_for_box - DEBUG <-> _get_json_classname_for_box: checking object with keys: ['bbox', 'category_id']
2025-11-14 09:42:13 - root._get_json_classname_for_box - DEBUG <-> _get_json_classname_for_box: checking object with keys: ['bbox', 'category_id']
2025-11-14 09:42:13 - root._get_json_classname_for_box - DEBUG <-> _get_json_classname_for_box: checking object with keys: ['bbox', 'category_id']
2025-11-14 09:42:13 - root._get_json_classname_for_box - DEBUG <-> _get_json_classname_for_box: checking object with keys: ['bbox', 'category_id']
2025-11-14 09:42:13 - root.update_labels_panel - DEBUG <-> Label panel: box idx=9 numeric class_idx=4 -> class_name='no savety vest'
2025-11-14 09:42:13 - root._get_json_classname_for_box - DEBUG <-> _get_json_classname_for_box: checking candidate path: /home/madan/a/labels/converted_json/84f.json
2025-11-14 09:42:13 - root._get_json_classname_for_box - DEBUG <-> _get_json_classname_for_box: found file: /home/madan/a/labels/converted_json/84f.json
2025-11-14 09:42:13 - root._get_json_classname_for_box - DEBUG <-> _get_json_classname_for_box: checking object with keys: ['bbox', 'category_id']
2025-11-14 09:42:13 - root._get_json_classname_for_box - DEBUG <-> _get_json_classname_for_box: checking object with keys: ['bbox', 'category_id']
2025-11-14 09:42:13 - root._get_json_classname_for_box - DEBUG <-> _get_json_classname_for_box: checking object with keys: ['bbox', 'category_id']
2025-11-14 09:42:13 - root._get_json_classname_for_box - DEBUG <-> _get_json_classname_for_box: checking object with keys: ['bbox', 'category_id']
2025-11-14 09:42:13 - root._get_json_classname_for_box - DEBUG <-> _get_json_classname_for_box: checking object with keys: ['bbox', 'category_id']
2025-11-14 09:42:13 - root._get_json_classname_for_box - DEBUG <-> _get_json_classname_for_box: checking object with keys: ['bbox', 'category_id']
2025-11-14 09:42:13 - root._get_json_classname_for_box - DEBUG <-> _get_json_classname_for_box: checking object with keys: ['bbox', 'category_id']
2025-11-14 09:42:13 - root._get_json_classname_for_box - DEBUG <-> _get_json_classname_for_box: checking object with keys: ['bbox', 'category_id']
2025-11-14 09:42:13 - root._get_json_classname_for_box - DEBUG <-> _get_json_classname_for_box: checking object with keys: ['bbox', 'category_id']
2025-11-14 09:42:13 - root._get_json_classname_for_box - DEBUG <-> _get_json_classname_for_box: checking object with keys: ['bbox', 'category_id']
2025-11-14 09:42:13 - root._get_json_classname_for_box - DEBUG <-> _get_json_classname_for_box: checking object with keys: ['bbox', 'category_id']
2025-11-14 09:42:13 - root._get_json_classname_for_box - DEBUG <-> _get_json_classname_for_box: checking object with keys: ['bbox', 'category_id']
2025-11-14 09:42:13 - root.update_labels_panel - DEBUG <-> Label panel: box idx=10 numeric class_idx=4 -> class_name='no savety vest'
2025-11-14 09:42:13 - root._get_json_classname_for_box - DEBUG <-> _get_json_classname_for_box: checking candidate path: /home/madan/a/labels/converted_json/84f.json
2025-11-14 09:42:13 - root._get_json_classname_for_box - DEBUG <-> _get_json_classname_for_box: found file: /home/madan/a/labels/converted_json/84f.json
2025-11-14 09:42:13 - root._get_json_classname_for_box - DEBUG <-> _get_json_classname_for_box: checking object with keys: ['bbox', 'category_id']
2025-11-14 09:42:13 - root._get_json_classname_for_box - DEBUG <-> _get_json_classname_for_box: checking object with keys: ['bbox', 'category_id']
2025-11-14 09:42:13 - root._get_json_classname_for_box - DEBUG <-> _get_json_classname_for_box: checking object with keys: ['bbox', 'category_id']
2025-11-14 09:42:13 - root._get_json_classname_for_box - DEBUG <-> _get_json_classname_for_box: checking object with keys: ['bbox', 'category_id']
2025-11-14 09:42:13 - root._get_json_classname_for_box - DEBUG <-> _get_json_classname_for_box: checking object with keys: ['bbox', 'category_id']
2025-11-14 09:42:13 - root._get_json_classname_for_box - DEBUG <-> _get_json_classname_for_box: checking object with keys: ['bbox', 'category_id']
2025-11-14 09:42:13 - root._get_json_classname_for_box - DEBUG <-> _get_json_classname_for_box: checking object with keys: ['bbox', 'category_id']
2025-11-14 09:42:13 - root._get_json_classname_for_box - DEBUG <-> _get_json_classname_for_box: checking object with keys: ['bbox', 'category_id']
2025-11-14 09:42:13 - root._get_json_classname_for_box - DEBUG <-> _get_json_classname_for_box: checking object with keys: ['bbox', 'category_id']
2025-11-14 09:42:13 - root._get_json_classname_for_box - DEBUG <-> _get_json_classname_for_box: checking object with keys: ['bbox', 'category_id']
2025-11-14 09:42:13 - root._get_json_classname_for_box - DEBUG <-> _get_json_classname_for_box: checking object with keys: ['bbox', 'category_id']
2025-11-14 09:42:13 - root._get_json_classname_for_box - DEBUG <-> _get_json_classname_for_box: checking object with keys: ['bbox', 'category_id']
2025-11-14 09:42:13 - root.update_labels_panel - DEBUG <-> Label panel: box idx=11 numeric class_idx=2 -> class_name='savety vest'
2025-11-14 09:42:13 - root.update_labels_panel - DEBUG <-> Setting canvas.selected_boxes to {0, 1, 2, 3, 4, 5, 6, 7, 8, 9, 10, 11}
2025-11-14 09:42:14 - root._extract_boxes_from_item - DEBUG <-> JSON object fields: className=None, classId=None, category_id=0, category_name=None
2025-11-14 09:42:14 - root._extract_boxes_from_item - DEBUG <-> Parsed numeric category_id -> 0
2025-11-14 09:42:14 - root._extract_boxes_from_item - DEBUG <-> Appending box: x=0.51695,y=0.489437,w=0.214689,h=0.992958, resolved_class_id=0
2025-11-14 09:42:14 - root._extract_boxes_from_item - DEBUG <-> JSON object fields: className=None, classId=None, category_id=4, category_name=None
2025-11-14 09:42:14 - root._extract_boxes_from_item - DEBUG <-> Parsed numeric category_id -> 4
2025-11-14 09:42:14 - root._extract_boxes_from_item - DEBUG <-> Appending box: x=0.526836,y=0.566902,w=0.155367,h=0.640846, resolved_class_id=4
2025-11-14 09:42:14 - root._extract_boxes_from_item - DEBUG <-> JSON object fields: className=None, classId=None, category_id=1, category_name=None
2025-11-14 09:42:14 - root._extract_boxes_from_item - DEBUG <-> Parsed numeric category_id -> 1
2025-11-14 09:42:14 - root._extract_boxes_from_item - DEBUG <-> Appending box: x=0.501412,y=0.066901,w=0.09887,h=0.133803, resolved_class_id=1
2025-11-14 09:42:14 - root._load_json_boxes - DEBUG <-> Detected normalized per-image JSON bboxes — converting to pixel coords
2025-11-14 09:42:14 - root._get_json_classname_for_box - DEBUG <-> _get_json_classname_for_box: checking candidate path: /home/madan/a/labels/converted_json/148f.json
2025-11-14 09:42:14 - root._get_json_classname_for_box - DEBUG <-> _get_json_classname_for_box: found file: /home/madan/a/labels/converted_json/148f.json
2025-11-14 09:42:14 - root._get_json_classname_for_box - DEBUG <-> _get_json_classname_for_box: checking object with keys: ['bbox', 'category_id']
2025-11-14 09:42:14 - root._get_json_classname_for_box - DEBUG <-> _get_json_classname_for_box: checking object with keys: ['bbox', 'category_id']
2025-11-14 09:42:14 - root._get_json_classname_for_box - DEBUG <-> _get_json_classname_for_box: checking object with keys: ['bbox', 'category_id']
2025-11-14 09:42:14 - root.update_labels_panel - DEBUG <-> Label panel: box idx=0 numeric class_idx=0 -> class_name='person'
2025-11-14 09:42:14 - root._get_json_classname_for_box - DEBUG <-> _get_json_classname_for_box: checking candidate path: /home/madan/a/labels/converted_json/148f.json
2025-11-14 09:42:14 - root._get_json_classname_for_box - DEBUG <-> _get_json_classname_for_box: found file: /home/madan/a/labels/converted_json/148f.json
2025-11-14 09:42:14 - root._get_json_classname_for_box - DEBUG <-> _get_json_classname_for_box: checking object with keys: ['bbox', 'category_id']
2025-11-14 09:42:14 - root._get_json_classname_for_box - DEBUG <-> _get_json_classname_for_box: checking object with keys: ['bbox', 'category_id']
2025-11-14 09:42:14 - root._get_json_classname_for_box - DEBUG <-> _get_json_classname_for_box: checking object with keys: ['bbox', 'category_id']
2025-11-14 09:42:14 - root.update_labels_panel - DEBUG <-> Label panel: box idx=1 numeric class_idx=4 -> class_name='no savety vest'
2025-11-14 09:42:14 - root._get_json_classname_for_box - DEBUG <-> _get_json_classname_for_box: checking candidate path: /home/madan/a/labels/converted_json/148f.json
2025-11-14 09:42:14 - root._get_json_classname_for_box - DEBUG <-> _get_json_classname_for_box: found file: /home/madan/a/labels/converted_json/148f.json
2025-11-14 09:42:14 - root._get_json_classname_for_box - DEBUG <-> _get_json_classname_for_box: checking object with keys: ['bbox', 'category_id']
2025-11-14 09:42:14 - root._get_json_classname_for_box - DEBUG <-> _get_json_classname_for_box: checking object with keys: ['bbox', 'category_id']
2025-11-14 09:42:14 - root._get_json_classname_for_box - DEBUG <-> _get_json_classname_for_box: checking object with keys: ['bbox', 'category_id']
2025-11-14 09:42:14 - root.update_labels_panel - DEBUG <-> Label panel: box idx=2 numeric class_idx=1 -> class_name='helmet'
2025-11-14 09:42:14 - root.update_labels_panel - DEBUG <-> Setting canvas.selected_boxes to {0, 1, 2}
2025-11-14 09:42:14 - root._extract_boxes_from_item - DEBUG <-> JSON object fields: className=None, classId=None, category_id=3, category_name=None
2025-11-14 09:42:14 - root._extract_boxes_from_item - DEBUG <-> Parsed numeric category_id -> 3
2025-11-14 09:42:14 - root._extract_boxes_from_item - DEBUG <-> Appending box: x=0.430288,y=0.757212,w=0.024038,h=0.081731, resolved_class_id=3
2025-11-14 09:42:14 - root._extract_boxes_from_item - DEBUG <-> JSON object fields: className=None, classId=None, category_id=4, category_name=None
2025-11-14 09:42:14 - root._extract_boxes_from_item - DEBUG <-> Parsed numeric category_id -> 4
2025-11-14 09:42:14 - root._extract_boxes_from_item - DEBUG <-> Appending box: x=0.4375,y=0.680288,w=0.048077,h=0.105769, resolved_class_id=4
2025-11-14 09:42:14 - root._extract_boxes_from_item - DEBUG <-> JSON object fields: className=None, classId=None, category_id=0, category_name=None
2025-11-14 09:42:14 - root._extract_boxes_from_item - DEBUG <-> Parsed numeric category_id -> 0
2025-11-14 09:42:14 - root._extract_boxes_from_item - DEBUG <-> Appending box: x=0.442308,y=0.653846,w=0.081731,h=0.317308, resolved_class_id=0
2025-11-14 09:42:14 - root._load_json_boxes - DEBUG <-> Detected normalized per-image JSON bboxes — converting to pixel coords
2025-11-14 09:42:14 - root._get_json_classname_for_box - DEBUG <-> _get_json_classname_for_box: checking candidate path: /home/madan/a/labels/converted_json/149.json
2025-11-14 09:42:14 - root._get_json_classname_for_box - DEBUG <-> _get_json_classname_for_box: found file: /home/madan/a/labels/converted_json/149.json
2025-11-14 09:42:14 - root._get_json_classname_for_box - DEBUG <-> _get_json_classname_for_box: checking object with keys: ['bbox', 'category_id']
2025-11-14 09:42:14 - root._get_json_classname_for_box - DEBUG <-> _get_json_classname_for_box: checking object with keys: ['bbox', 'category_id']
2025-11-14 09:42:14 - root._get_json_classname_for_box - DEBUG <-> _get_json_classname_for_box: checking object with keys: ['bbox', 'category_id']
2025-11-14 09:42:14 - root.update_labels_panel - DEBUG <-> Label panel: box idx=0 numeric class_idx=3 -> class_name='no helmet'
2025-11-14 09:42:14 - root._get_json_classname_for_box - DEBUG <-> _get_json_classname_for_box: checking candidate path: /home/madan/a/labels/converted_json/149.json
2025-11-14 09:42:14 - root._get_json_classname_for_box - DEBUG <-> _get_json_classname_for_box: found file: /home/madan/a/labels/converted_json/149.json
2025-11-14 09:42:14 - root._get_json_classname_for_box - DEBUG <-> _get_json_classname_for_box: checking object with keys: ['bbox', 'category_id']
2025-11-14 09:42:14 - root._get_json_classname_for_box - DEBUG <-> _get_json_classname_for_box: checking object with keys: ['bbox', 'category_id']
2025-11-14 09:42:14 - root._get_json_classname_for_box - DEBUG <-> _get_json_classname_for_box: checking object with keys: ['bbox', 'category_id']
2025-11-14 09:42:14 - root.update_labels_panel - DEBUG <-> Label panel: box idx=1 numeric class_idx=4 -> class_name='no savety vest'
2025-11-14 09:42:14 - root._get_json_classname_for_box - DEBUG <-> _get_json_classname_for_box: checking candidate path: /home/madan/a/labels/converted_json/149.json
2025-11-14 09:42:14 - root._get_json_classname_for_box - DEBUG <-> _get_json_classname_for_box: found file: /home/madan/a/labels/converted_json/149.json
2025-11-14 09:42:14 - root._get_json_classname_for_box - DEBUG <-> _get_json_classname_for_box: checking object with keys: ['bbox', 'category_id']
2025-11-14 09:42:14 - root._get_json_classname_for_box - DEBUG <-> _get_json_classname_for_box: checking object with keys: ['bbox', 'category_id']
2025-11-14 09:42:14 - root._get_json_classname_for_box - DEBUG <-> _get_json_classname_for_box: checking object with keys: ['bbox', 'category_id']
2025-11-14 09:42:14 - root.update_labels_panel - DEBUG <-> Label panel: box idx=2 numeric class_idx=0 -> class_name='person'
2025-11-14 09:42:14 - root.update_labels_panel - DEBUG <-> Setting canvas.selected_boxes to {0, 1, 2}
2025-11-14 09:42:15 - root._extract_boxes_from_item - DEBUG <-> JSON object fields: className=None, classId=None, category_id=4, category_name=None
2025-11-14 09:42:15 - root._extract_boxes_from_item - DEBUG <-> Parsed numeric category_id -> 4
2025-11-14 09:42:15 - root._extract_boxes_from_item - DEBUG <-> Appending box: x=0.698438,y=0.444444,w=0.028125,h=0.052778, resolved_class_id=4
2025-11-14 09:42:15 - root._extract_boxes_from_item - DEBUG <-> JSON object fields: className=None, classId=None, category_id=0, category_name=None
2025-11-14 09:42:15 - root._extract_boxes_from_item - DEBUG <-> Parsed numeric category_id -> 0
2025-11-14 09:42:15 - root._extract_boxes_from_item - DEBUG <-> Appending box: x=0.691406,y=0.461806,w=0.05,h=0.151389, resolved_class_id=0
2025-11-14 09:42:15 - root._load_json_boxes - DEBUG <-> Detected normalized per-image JSON bboxes — converting to pixel coords
2025-11-14 09:42:15 - root._get_json_classname_for_box - DEBUG <-> _get_json_classname_for_box: checking candidate path: /home/madan/a/labels/converted_json/153f.json
2025-11-14 09:42:15 - root._get_json_classname_for_box - DEBUG <-> _get_json_classname_for_box: found file: /home/madan/a/labels/converted_json/153f.json
2025-11-14 09:42:15 - root._get_json_classname_for_box - DEBUG <-> _get_json_classname_for_box: checking object with keys: ['bbox', 'category_id']
2025-11-14 09:42:15 - root._get_json_classname_for_box - DEBUG <-> _get_json_classname_for_box: checking object with keys: ['bbox', 'category_id']
2025-11-14 09:42:15 - root.update_labels_panel - DEBUG <-> Label panel: box idx=0 numeric class_idx=4 -> class_name='no savety vest'
2025-11-14 09:42:15 - root._get_json_classname_for_box - DEBUG <-> _get_json_classname_for_box: checking candidate path: /home/madan/a/labels/converted_json/153f.json
2025-11-14 09:42:15 - root._get_json_classname_for_box - DEBUG <-> _get_json_classname_for_box: found file: /home/madan/a/labels/converted_json/153f.json
2025-11-14 09:42:15 - root._get_json_classname_for_box - DEBUG <-> _get_json_classname_for_box: checking object with keys: ['bbox', 'category_id']
2025-11-14 09:42:15 - root._get_json_classname_for_box - DEBUG <-> _get_json_classname_for_box: checking object with keys: ['bbox', 'category_id']
2025-11-14 09:42:15 - root.update_labels_panel - DEBUG <-> Label panel: box idx=1 numeric class_idx=0 -> class_name='person'
2025-11-14 09:42:15 - root.update_labels_panel - DEBUG <-> Setting canvas.selected_boxes to {0, 1}
2025-11-14 09:42:24 - root.update_labels_panel - DEBUG <-> Label panel: box idx=0 numeric class_idx=1 -> class_name='helmet'
2025-11-14 09:42:24 - root.update_labels_panel - DEBUG <-> Label panel: box idx=1 numeric class_idx=1 -> class_name='helmet'
2025-11-14 09:42:24 - root.update_labels_panel - DEBUG <-> Label panel: box idx=2 numeric class_idx=1 -> class_name='helmet'
2025-11-14 09:42:24 - root.update_labels_panel - DEBUG <-> Label panel: box idx=3 numeric class_idx=1 -> class_name='helmet'
2025-11-14 09:42:24 - root.update_labels_panel - DEBUG <-> Label panel: box idx=4 numeric class_idx=1 -> class_name='helmet'
2025-11-14 09:42:24 - root.update_labels_panel - DEBUG <-> Label panel: box idx=5 numeric class_idx=1 -> class_name='helmet'
2025-11-14 09:42:24 - root.update_labels_panel - DEBUG <-> Label panel: box idx=6 numeric class_idx=0 -> class_name='person'
2025-11-14 09:42:24 - root.update_labels_panel - DEBUG <-> Label panel: box idx=7 numeric class_idx=0 -> class_name='person'
2025-11-14 09:42:24 - root.update_labels_panel - DEBUG <-> Label panel: box idx=8 numeric class_idx=0 -> class_name='person'
2025-11-14 09:42:24 - root.update_labels_panel - DEBUG <-> Label panel: box idx=9 numeric class_idx=0 -> class_name='person'
2025-11-14 09:42:24 - root.update_labels_panel - DEBUG <-> Label panel: box idx=10 numeric class_idx=0 -> class_name='person'
2025-11-14 09:42:24 - root.update_labels_panel - DEBUG <-> Label panel: box idx=11 numeric class_idx=0 -> class_name='person'
2025-11-14 09:42:24 - root.update_labels_panel - DEBUG <-> Label panel: box idx=12 numeric class_idx=2 -> class_name='savety vest'
2025-11-14 09:42:24 - root.update_labels_panel - DEBUG <-> Label panel: box idx=13 numeric class_idx=4 -> class_name='no savety vest'
2025-11-14 09:42:24 - root.update_labels_panel - DEBUG <-> Label panel: box idx=14 numeric class_idx=2 -> class_name='savety vest'
2025-11-14 09:42:24 - root.update_labels_panel - DEBUG <-> Label panel: box idx=15 numeric class_idx=4 -> class_name='no savety vest'
2025-11-14 09:42:24 - root.update_labels_panel - DEBUG <-> Label panel: box idx=16 numeric class_idx=4 -> class_name='no savety vest'
2025-11-14 09:42:24 - root.update_labels_panel - DEBUG <-> Label panel: box idx=17 numeric class_idx=2 -> class_name='savety vest'
2025-11-14 09:42:24 - root.update_labels_panel - DEBUG <-> Setting canvas.selected_boxes to {0, 1, 2, 3, 4, 5, 6, 7, 8, 9, 10, 11, 12, 13, 14, 15, 16, 17}
2025-11-14 09:42:26 - root.update_labels_panel - DEBUG <-> Label panel: box idx=0 numeric class_idx=3 -> class_name='no helmet'
2025-11-14 09:42:26 - root.update_labels_panel - DEBUG <-> Label panel: box idx=1 numeric class_idx=3 -> class_name='no helmet'
2025-11-14 09:42:26 - root.update_labels_panel - DEBUG <-> Label panel: box idx=2 numeric class_idx=4 -> class_name='no savety vest'
2025-11-14 09:42:26 - root.update_labels_panel - DEBUG <-> Label panel: box idx=3 numeric class_idx=0 -> class_name='person'
2025-11-14 09:42:26 - root.update_labels_panel - DEBUG <-> Label panel: box idx=4 numeric class_idx=0 -> class_name='person'
2025-11-14 09:42:26 - root.update_labels_panel - DEBUG <-> Label panel: box idx=5 numeric class_idx=2 -> class_name='savety vest'
2025-11-14 09:42:26 - root.update_labels_panel - DEBUG <-> Setting canvas.selected_boxes to {0, 1, 2, 3, 4, 5}
2025-11-14 09:42:26 - root.update_labels_panel - DEBUG <-> Label panel: box idx=0 numeric class_idx=1 -> class_name='helmet'
2025-11-14 09:42:26 - root.update_labels_panel - DEBUG <-> Label panel: box idx=1 numeric class_idx=0 -> class_name='person'
2025-11-14 09:42:26 - root.update_labels_panel - DEBUG <-> Label panel: box idx=2 numeric class_idx=4 -> class_name='no savety vest'
2025-11-14 09:42:26 - root.update_labels_panel - DEBUG <-> Setting canvas.selected_boxes to {0, 1, 2}
2025-11-14 09:42:26 - root.update_labels_panel - DEBUG <-> Label panel: box idx=0 numeric class_idx=1 -> class_name='helmet'
2025-11-14 09:42:26 - root.update_labels_panel - DEBUG <-> Label panel: box idx=1 numeric class_idx=1 -> class_name='helmet'
2025-11-14 09:42:26 - root.update_labels_panel - DEBUG <-> Label panel: box idx=2 numeric class_idx=1 -> class_name='helmet'
2025-11-14 09:42:26 - root.update_labels_panel - DEBUG <-> Label panel: box idx=3 numeric class_idx=1 -> class_name='helmet'
2025-11-14 09:42:26 - root.update_labels_panel - DEBUG <-> Label panel: box idx=4 numeric class_idx=0 -> class_name='person'
2025-11-14 09:42:26 - root.update_labels_panel - DEBUG <-> Label panel: box idx=5 numeric class_idx=0 -> class_name='person'
2025-11-14 09:42:26 - root.update_labels_panel - DEBUG <-> Label panel: box idx=6 numeric class_idx=0 -> class_name='person'
2025-11-14 09:42:26 - root.update_labels_panel - DEBUG <-> Label panel: box idx=7 numeric class_idx=0 -> class_name='person'
2025-11-14 09:42:26 - root.update_labels_panel - DEBUG <-> Label panel: box idx=8 numeric class_idx=4 -> class_name='no savety vest'
2025-11-14 09:42:26 - root.update_labels_panel - DEBUG <-> Label panel: box idx=9 numeric class_idx=4 -> class_name='no savety vest'
2025-11-14 09:42:26 - root.update_labels_panel - DEBUG <-> Label panel: box idx=10 numeric class_idx=4 -> class_name='no savety vest'
2025-11-14 09:42:26 - root.update_labels_panel - DEBUG <-> Label panel: box idx=11 numeric class_idx=2 -> class_name='savety vest'
2025-11-14 09:42:26 - root.update_labels_panel - DEBUG <-> Setting canvas.selected_boxes to {0, 1, 2, 3, 4, 5, 6, 7, 8, 9, 10, 11}
2025-11-14 09:42:41 - root.update_labels_panel - DEBUG <-> Label panel: box idx=0 numeric class_idx=1 -> class_name='helmet'
2025-11-14 09:42:41 - root.update_labels_panel - DEBUG <-> Label panel: box idx=1 numeric class_idx=1 -> class_name='helmet'
2025-11-14 09:42:41 - root.update_labels_panel - DEBUG <-> Label panel: box idx=2 numeric class_idx=1 -> class_name='helmet'
2025-11-14 09:42:41 - root.update_labels_panel - DEBUG <-> Label panel: box idx=3 numeric class_idx=1 -> class_name='helmet'
2025-11-14 09:42:41 - root.update_labels_panel - DEBUG <-> Label panel: box idx=4 numeric class_idx=0 -> class_name='person'
2025-11-14 09:42:41 - root.update_labels_panel - DEBUG <-> Label panel: box idx=5 numeric class_idx=0 -> class_name='person'
2025-11-14 09:42:41 - root.update_labels_panel - DEBUG <-> Label panel: box idx=6 numeric class_idx=0 -> class_name='person'
2025-11-14 09:42:41 - root.update_labels_panel - DEBUG <-> Label panel: box idx=7 numeric class_idx=0 -> class_name='person'
2025-11-14 09:42:41 - root.update_labels_panel - DEBUG <-> Label panel: box idx=8 numeric class_idx=4 -> class_name='no savety vest'
2025-11-14 09:42:41 - root.update_labels_panel - DEBUG <-> Label panel: box idx=9 numeric class_idx=4 -> class_name='no savety vest'
2025-11-14 09:42:41 - root.update_labels_panel - DEBUG <-> Label panel: box idx=10 numeric class_idx=4 -> class_name='no savety vest'
2025-11-14 09:42:41 - root.update_labels_panel - DEBUG <-> Label panel: box idx=11 numeric class_idx=2 -> class_name='savety vest'
2025-11-14 09:42:41 - root.update_labels_panel - DEBUG <-> Setting canvas.selected_boxes to {0, 1, 2, 3, 4, 5, 6, 7, 8, 9, 10, 11}
2025-11-14 09:42:47 - root._load_coco_boxes - DEBUG <-> COCO file has 166 images. Looking for: '6f.jpg'
2025-11-14 09:42:47 - root._load_coco_boxes - DEBUG <-> Found exact match for '6f.jpg' with image_id=27
2025-11-14 09:42:47 - root._load_coco_boxes - DEBUG <-> Loaded 18 annotations for '6f.jpg'
2025-11-14 09:42:47 - root.update_labels_panel - DEBUG <-> Label panel: box idx=0 numeric class_idx=1 -> class_name='helmet'
2025-11-14 09:42:47 - root.update_labels_panel - DEBUG <-> Label panel: box idx=1 numeric class_idx=1 -> class_name='helmet'
2025-11-14 09:42:47 - root.update_labels_panel - DEBUG <-> Label panel: box idx=2 numeric class_idx=1 -> class_name='helmet'
2025-11-14 09:42:47 - root.update_labels_panel - DEBUG <-> Label panel: box idx=3 numeric class_idx=1 -> class_name='helmet'
2025-11-14 09:42:47 - root.update_labels_panel - DEBUG <-> Label panel: box idx=4 numeric class_idx=1 -> class_name='helmet'
2025-11-14 09:42:47 - root.update_labels_panel - DEBUG <-> Label panel: box idx=5 numeric class_idx=1 -> class_name='helmet'
2025-11-14 09:42:47 - root.update_labels_panel - DEBUG <-> Label panel: box idx=6 numeric class_idx=0 -> class_name='person'
2025-11-14 09:42:47 - root.update_labels_panel - DEBUG <-> Label panel: box idx=7 numeric class_idx=0 -> class_name='person'
2025-11-14 09:42:47 - root.update_labels_panel - DEBUG <-> Label panel: box idx=8 numeric class_idx=0 -> class_name='person'
2025-11-14 09:42:47 - root.update_labels_panel - DEBUG <-> Label panel: box idx=9 numeric class_idx=0 -> class_name='person'
2025-11-14 09:42:47 - root.update_labels_panel - DEBUG <-> Label panel: box idx=10 numeric class_idx=0 -> class_name='person'
2025-11-14 09:42:47 - root.update_labels_panel - DEBUG <-> Label panel: box idx=11 numeric class_idx=0 -> class_name='person'
2025-11-14 09:42:47 - root.update_labels_panel - DEBUG <-> Label panel: box idx=12 numeric class_idx=2 -> class_name='savety vest'
2025-11-14 09:42:47 - root.update_labels_panel - DEBUG <-> Label panel: box idx=13 numeric class_idx=4 -> class_name='no savety vest'
2025-11-14 09:42:47 - root.update_labels_panel - DEBUG <-> Label panel: box idx=14 numeric class_idx=2 -> class_name='savety vest'
2025-11-14 09:42:47 - root.update_labels_panel - DEBUG <-> Label panel: box idx=15 numeric class_idx=4 -> class_name='no savety vest'
2025-11-14 09:42:47 - root.update_labels_panel - DEBUG <-> Label panel: box idx=16 numeric class_idx=4 -> class_name='no savety vest'
2025-11-14 09:42:47 - root.update_labels_panel - DEBUG <-> Label panel: box idx=17 numeric class_idx=2 -> class_name='savety vest'
2025-11-14 09:42:47 - root.update_labels_panel - DEBUG <-> Setting canvas.selected_boxes to {0, 1, 2, 3, 4, 5, 6, 7, 8, 9, 10, 11, 12, 13, 14, 15, 16, 17}
2025-11-14 09:46:25 - root.update_labels_panel - DEBUG <-> Label panel: box idx=0 numeric class_idx=1 -> class_name='helmet'
2025-11-14 09:46:25 - root.update_labels_panel - DEBUG <-> Label panel: box idx=1 numeric class_idx=1 -> class_name='helmet'
2025-11-14 09:46:25 - root.update_labels_panel - DEBUG <-> Label panel: box idx=2 numeric class_idx=1 -> class_name='helmet'
2025-11-14 09:46:25 - root.update_labels_panel - DEBUG <-> Label panel: box idx=3 numeric class_idx=1 -> class_name='helmet'
2025-11-14 09:46:25 - root.update_labels_panel - DEBUG <-> Label panel: box idx=4 numeric class_idx=1 -> class_name='helmet'
2025-11-14 09:46:25 - root.update_labels_panel - DEBUG <-> Label panel: box idx=5 numeric class_idx=1 -> class_name='helmet'
2025-11-14 09:46:25 - root.update_labels_panel - DEBUG <-> Label panel: box idx=6 numeric class_idx=0 -> class_name='person'
2025-11-14 09:46:25 - root.update_labels_panel - DEBUG <-> Label panel: box idx=7 numeric class_idx=0 -> class_name='person'
2025-11-14 09:46:25 - root.update_labels_panel - DEBUG <-> Label panel: box idx=8 numeric class_idx=0 -> class_name='person'
2025-11-14 09:46:25 - root.update_labels_panel - DEBUG <-> Label panel: box idx=9 numeric class_idx=0 -> class_name='person'
2025-11-14 09:46:25 - root.update_labels_panel - DEBUG <-> Label panel: box idx=10 numeric class_idx=0 -> class_name='person'
2025-11-14 09:46:25 - root.update_labels_panel - DEBUG <-> Label panel: box idx=11 numeric class_idx=0 -> class_name='person'
2025-11-14 09:46:25 - root.update_labels_panel - DEBUG <-> Label panel: box idx=12 numeric class_idx=2 -> class_name='savety vest'
2025-11-14 09:46:25 - root.update_labels_panel - DEBUG <-> Label panel: box idx=13 numeric class_idx=4 -> class_name='no savety vest'
2025-11-14 09:46:25 - root.update_labels_panel - DEBUG <-> Label panel: box idx=14 numeric class_idx=2 -> class_name='savety vest'
2025-11-14 09:46:25 - root.update_labels_panel - DEBUG <-> Label panel: box idx=15 numeric class_idx=4 -> class_name='no savety vest'
2025-11-14 09:46:25 - root.update_labels_panel - DEBUG <-> Label panel: box idx=16 numeric class_idx=4 -> class_name='no savety vest'
2025-11-14 09:46:25 - root.update_labels_panel - DEBUG <-> Label panel: box idx=17 numeric class_idx=2 -> class_name='savety vest'
2025-11-14 09:46:25 - root.update_labels_panel - DEBUG <-> Setting canvas.selected_boxes to {0, 1, 2, 3, 4, 5, 6, 7, 8, 9, 10, 11, 12, 13, 14, 15, 16, 17}
2025-11-14 09:46:25 - root.update_labels_panel - DEBUG <-> Label panel: box idx=0 numeric class_idx=3 -> class_name='no helmet'
2025-11-14 09:46:25 - root.update_labels_panel - DEBUG <-> Label panel: box idx=1 numeric class_idx=3 -> class_name='no helmet'
2025-11-14 09:46:25 - root.update_labels_panel - DEBUG <-> Label panel: box idx=2 numeric class_idx=4 -> class_name='no savety vest'
2025-11-14 09:46:25 - root.update_labels_panel - DEBUG <-> Label panel: box idx=3 numeric class_idx=0 -> class_name='person'
2025-11-14 09:46:25 - root.update_labels_panel - DEBUG <-> Label panel: box idx=4 numeric class_idx=0 -> class_name='person'
2025-11-14 09:46:25 - root.update_labels_panel - DEBUG <-> Label panel: box idx=5 numeric class_idx=2 -> class_name='savety vest'
2025-11-14 09:46:25 - root.update_labels_panel - DEBUG <-> Setting canvas.selected_boxes to {0, 1, 2, 3, 4, 5}
2025-11-14 09:46:25 - root.update_labels_panel - DEBUG <-> Label panel: box idx=0 numeric class_idx=1 -> class_name='helmet'
2025-11-14 09:46:25 - root.update_labels_panel - DEBUG <-> Label panel: box idx=1 numeric class_idx=0 -> class_name='person'
2025-11-14 09:46:25 - root.update_labels_panel - DEBUG <-> Label panel: box idx=2 numeric class_idx=4 -> class_name='no savety vest'
2025-11-14 09:46:25 - root.update_labels_panel - DEBUG <-> Setting canvas.selected_boxes to {0, 1, 2}
2025-11-14 09:46:26 - root.update_labels_panel - DEBUG <-> Label panel: box idx=0 numeric class_idx=1 -> class_name='helmet'
2025-11-14 09:46:26 - root.update_labels_panel - DEBUG <-> Label panel: box idx=1 numeric class_idx=1 -> class_name='helmet'
2025-11-14 09:46:26 - root.update_labels_panel - DEBUG <-> Label panel: box idx=2 numeric class_idx=1 -> class_name='helmet'
2025-11-14 09:46:26 - root.update_labels_panel - DEBUG <-> Label panel: box idx=3 numeric class_idx=1 -> class_name='helmet'
2025-11-14 09:46:26 - root.update_labels_panel - DEBUG <-> Label panel: box idx=4 numeric class_idx=0 -> class_name='person'
2025-11-14 09:46:26 - root.update_labels_panel - DEBUG <-> Label panel: box idx=5 numeric class_idx=0 -> class_name='person'
2025-11-14 09:46:26 - root.update_labels_panel - DEBUG <-> Label panel: box idx=6 numeric class_idx=0 -> class_name='person'
2025-11-14 09:46:26 - root.update_labels_panel - DEBUG <-> Label panel: box idx=7 numeric class_idx=0 -> class_name='person'
2025-11-14 09:46:26 - root.update_labels_panel - DEBUG <-> Label panel: box idx=8 numeric class_idx=4 -> class_name='no savety vest'
2025-11-14 09:46:26 - root.update_labels_panel - DEBUG <-> Label panel: box idx=9 numeric class_idx=4 -> class_name='no savety vest'
2025-11-14 09:46:26 - root.update_labels_panel - DEBUG <-> Label panel: box idx=10 numeric class_idx=4 -> class_name='no savety vest'
2025-11-14 09:46:26 - root.update_labels_panel - DEBUG <-> Label panel: box idx=11 numeric class_idx=2 -> class_name='savety vest'
2025-11-14 09:46:26 - root.update_labels_panel - DEBUG <-> Setting canvas.selected_boxes to {0, 1, 2, 3, 4, 5, 6, 7, 8, 9, 10, 11}
2025-11-14 09:46:26 - root.update_labels_panel - DEBUG <-> Label panel: box idx=0 numeric class_idx=0 -> class_name='person'
2025-11-14 09:46:26 - root.update_labels_panel - DEBUG <-> Label panel: box idx=1 numeric class_idx=4 -> class_name='no savety vest'
2025-11-14 09:46:26 - root.update_labels_panel - DEBUG <-> Label panel: box idx=2 numeric class_idx=1 -> class_name='helmet'
2025-11-14 09:46:26 - root.update_labels_panel - DEBUG <-> Setting canvas.selected_boxes to {0, 1, 2}
2025-11-14 09:46:26 - root.update_labels_panel - DEBUG <-> Label panel: box idx=0 numeric class_idx=3 -> class_name='no helmet'
2025-11-14 09:46:26 - root.update_labels_panel - DEBUG <-> Label panel: box idx=1 numeric class_idx=4 -> class_name='no savety vest'
2025-11-14 09:46:26 - root.update_labels_panel - DEBUG <-> Label panel: box idx=2 numeric class_idx=0 -> class_name='person'
2025-11-14 09:46:26 - root.update_labels_panel - DEBUG <-> Setting canvas.selected_boxes to {0, 1, 2}
2025-11-14 09:46:43 - root._extract_boxes_from_item - DEBUG <-> JSON object fields: className=None, classId=None, category_id=1, category_name=None
2025-11-14 09:46:43 - root._extract_boxes_from_item - DEBUG <-> Parsed numeric category_id -> 1
2025-11-14 09:46:43 - root._extract_boxes_from_item - DEBUG <-> Appending box: x=0.188672,y=0.25,w=0.074219,h=0.0625, resolved_class_id=1
2025-11-14 09:46:43 - root._extract_boxes_from_item - DEBUG <-> JSON object fields: className=None, classId=None, category_id=1, category_name=None
2025-11-14 09:46:43 - root._extract_boxes_from_item - DEBUG <-> Parsed numeric category_id -> 1
2025-11-14 09:46:43 - root._extract_boxes_from_item - DEBUG <-> Appending box: x=0.554297,y=0.208854,w=0.053906,h=0.057292, resolved_class_id=1
2025-11-14 09:46:43 - root._extract_boxes_from_item - DEBUG <-> JSON object fields: className=None, classId=None, category_id=1, category_name=None
2025-11-14 09:46:43 - root._extract_boxes_from_item - DEBUG <-> Parsed numeric category_id -> 1
2025-11-14 09:46:43 - root._extract_boxes_from_item - DEBUG <-> Appending box: x=0.3375,y=0.272396,w=0.05625,h=0.055208, resolved_class_id=1
2025-11-14 09:46:43 - root._extract_boxes_from_item - DEBUG <-> JSON object fields: className=None, classId=None, category_id=1, category_name=None
2025-11-14 09:46:43 - root._extract_boxes_from_item - DEBUG <-> Parsed numeric category_id -> 1
2025-11-14 09:46:43 - root._extract_boxes_from_item - DEBUG <-> Appending box: x=0.463281,y=0.270833,w=0.048438,h=0.045833, resolved_class_id=1
2025-11-14 09:46:43 - root._extract_boxes_from_item - DEBUG <-> JSON object fields: className=None, classId=None, category_id=1, category_name=None
2025-11-14 09:46:43 - root._extract_boxes_from_item - DEBUG <-> Parsed numeric category_id -> 1
2025-11-14 09:46:43 - root._extract_boxes_from_item - DEBUG <-> Appending box: x=0.821094,y=0.213542,w=0.151562,h=0.1375, resolved_class_id=1
2025-11-14 09:46:43 - root._extract_boxes_from_item - DEBUG <-> JSON object fields: className=None, classId=None, category_id=1, category_name=None
2025-11-14 09:46:43 - root._extract_boxes_from_item - DEBUG <-> Parsed numeric category_id -> 1
2025-11-14 09:46:43 - root._extract_boxes_from_item - DEBUG <-> Appending box: x=0.66875,y=0.239063,w=0.042188,h=0.040625, resolved_class_id=1
2025-11-14 09:46:43 - root._extract_boxes_from_item - DEBUG <-> JSON object fields: className=None, classId=None, category_id=0, category_name=None
2025-11-14 09:46:43 - root._extract_boxes_from_item - DEBUG <-> Parsed numeric category_id -> 0
2025-11-14 09:46:43 - root._extract_boxes_from_item - DEBUG <-> Appending box: x=0.2125,y=0.493229,w=0.176563,h=0.634375, resolved_class_id=0
2025-11-14 09:46:43 - root._extract_boxes_from_item - DEBUG <-> JSON object fields: className=None, classId=None, category_id=0, category_name=None
2025-11-14 09:46:43 - root._extract_boxes_from_item - DEBUG <-> Parsed numeric category_id -> 0
2025-11-14 09:46:43 - root._extract_boxes_from_item - DEBUG <-> Appending box: x=0.350781,y=0.4875,w=0.170313,h=0.525, resolved_class_id=0
2025-11-14 09:46:43 - root._extract_boxes_from_item - DEBUG <-> JSON object fields: className=None, classId=None, category_id=0, category_name=None
2025-11-14 09:46:43 - root._extract_boxes_from_item - DEBUG <-> Parsed numeric category_id -> 0
2025-11-14 09:46:43 - root._extract_boxes_from_item - DEBUG <-> Appending box: x=0.835938,y=0.572396,w=0.267188,h=0.855208, resolved_class_id=0
2025-11-14 09:46:43 - root._extract_boxes_from_item - DEBUG <-> JSON object fields: className=None, classId=None, category_id=0, category_name=None
2025-11-14 09:46:43 - root._extract_boxes_from_item - DEBUG <-> Parsed numeric category_id -> 0
2025-11-14 09:46:43 - root._extract_boxes_from_item - DEBUG <-> Appending box: x=0.476562,y=0.455208,w=0.128125,h=0.43125, resolved_class_id=0
2025-11-14 09:46:43 - root._extract_boxes_from_item - DEBUG <-> JSON object fields: className=None, classId=None, category_id=0, category_name=None
2025-11-14 09:46:43 - root._extract_boxes_from_item - DEBUG <-> Parsed numeric category_id -> 0
2025-11-14 09:46:43 - root._extract_boxes_from_item - DEBUG <-> Appending box: x=0.560547,y=0.395313,w=0.114844,h=0.446875, resolved_class_id=0
2025-11-14 09:46:43 - root._extract_boxes_from_item - DEBUG <-> JSON object fields: className=None, classId=None, category_id=0, category_name=None
2025-11-14 09:46:43 - root._extract_boxes_from_item - DEBUG <-> Parsed numeric category_id -> 0
2025-11-14 09:46:43 - root._extract_boxes_from_item - DEBUG <-> Appending box: x=0.665234,y=0.404167,w=0.089844,h=0.404167, resolved_class_id=0
2025-11-14 09:46:43 - root._extract_boxes_from_item - DEBUG <-> JSON object fields: className=None, classId=None, category_id=2, category_name=None
2025-11-14 09:46:43 - root._extract_boxes_from_item - DEBUG <-> Parsed numeric category_id -> 2
2025-11-14 09:46:43 - root._extract_boxes_from_item - DEBUG <-> Appending box: x=0.851562,y=0.545833,w=0.229687,h=0.36875, resolved_class_id=2
2025-11-14 09:46:43 - root._extract_boxes_from_item - DEBUG <-> JSON object fields: className=None, classId=None, category_id=4, category_name=None
2025-11-14 09:46:43 - root._extract_boxes_from_item - DEBUG <-> Parsed numeric category_id -> 4
2025-11-14 09:46:43 - root._extract_boxes_from_item - DEBUG <-> Appending box: x=0.201953,y=0.429167,w=0.128906,h=0.2125, resolved_class_id=4
2025-11-14 09:46:43 - root._extract_boxes_from_item - DEBUG <-> JSON object fields: className=None, classId=None, category_id=2, category_name=None
2025-11-14 09:46:43 - root._extract_boxes_from_item - DEBUG <-> Parsed numeric category_id -> 2
2025-11-14 09:46:43 - root._extract_boxes_from_item - DEBUG <-> Appending box: x=0.354687,y=0.414583,w=0.129688,h=0.19375, resolved_class_id=2
2025-11-14 09:46:43 - root._extract_boxes_from_item - DEBUG <-> JSON object fields: className=None, classId=None, category_id=4, category_name=None
2025-11-14 09:46:43 - root._extract_boxes_from_item - DEBUG <-> Parsed numeric category_id -> 4
2025-11-14 09:46:43 - root._extract_boxes_from_item - DEBUG <-> Appending box: x=0.46875,y=0.401562,w=0.078125,h=0.157292, resolved_class_id=4
2025-11-14 09:46:43 - root._extract_boxes_from_item - DEBUG <-> JSON object fields: className=None, classId=None, category_id=4, category_name=None
2025-11-14 09:46:43 - root._extract_boxes_from_item - DEBUG <-> Parsed numeric category_id -> 4
2025-11-14 09:46:43 - root._extract_boxes_from_item - DEBUG <-> Appending box: x=0.555078,y=0.333854,w=0.091406,h=0.138542, resolved_class_id=4
2025-11-14 09:46:43 - root._extract_boxes_from_item - DEBUG <-> JSON object fields: className=None, classId=None, category_id=2, category_name=None
2025-11-14 09:46:43 - root._extract_boxes_from_item - DEBUG <-> Parsed numeric category_id -> 2
2025-11-14 09:46:43 - root._extract_boxes_from_item - DEBUG <-> Appending box: x=0.669141,y=0.352604,w=0.078906,h=0.151042, resolved_class_id=2
2025-11-14 09:46:43 - root._load_json_boxes - DEBUG <-> Detected normalized per-image JSON bboxes — converting to pixel coords
2025-11-14 09:46:43 - root._get_json_classname_for_box - DEBUG <-> _get_json_classname_for_box: checking candidate path: /home/madan/a/labels/converted_json/6f.json
2025-11-14 09:46:43 - root._get_json_classname_for_box - DEBUG <-> _get_json_classname_for_box: found file: /home/madan/a/labels/converted_json/6f.json
2025-11-14 09:46:43 - root._get_json_classname_for_box - DEBUG <-> _get_json_classname_for_box: checking object with keys: ['bbox', 'category_id']
2025-11-14 09:46:43 - root._get_json_classname_for_box - DEBUG <-> _get_json_classname_for_box: checking object with keys: ['bbox', 'category_id']
2025-11-14 09:46:43 - root._get_json_classname_for_box - DEBUG <-> _get_json_classname_for_box: checking object with keys: ['bbox', 'category_id']
2025-11-14 09:46:43 - root._get_json_classname_for_box - DEBUG <-> _get_json_classname_for_box: checking object with keys: ['bbox', 'category_id']
2025-11-14 09:46:43 - root._get_json_classname_for_box - DEBUG <-> _get_json_classname_for_box: checking object with keys: ['bbox', 'category_id']
2025-11-14 09:46:43 - root._get_json_classname_for_box - DEBUG <-> _get_json_classname_for_box: checking object with keys: ['bbox', 'category_id']
2025-11-14 09:46:43 - root._get_json_classname_for_box - DEBUG <-> _get_json_classname_for_box: checking object with keys: ['bbox', 'category_id']
2025-11-14 09:46:43 - root._get_json_classname_for_box - DEBUG <-> _get_json_classname_for_box: checking object with keys: ['bbox', 'category_id']
2025-11-14 09:46:43 - root._get_json_classname_for_box - DEBUG <-> _get_json_classname_for_box: checking object with keys: ['bbox', 'category_id']
2025-11-14 09:46:43 - root._get_json_classname_for_box - DEBUG <-> _get_json_classname_for_box: checking object with keys: ['bbox', 'category_id']
2025-11-14 09:46:43 - root._get_json_classname_for_box - DEBUG <-> _get_json_classname_for_box: checking object with keys: ['bbox', 'category_id']
2025-11-14 09:46:43 - root._get_json_classname_for_box - DEBUG <-> _get_json_classname_for_box: checking object with keys: ['bbox', 'category_id']
2025-11-14 09:46:43 - root._get_json_classname_for_box - DEBUG <-> _get_json_classname_for_box: checking object with keys: ['bbox', 'category_id']
2025-11-14 09:46:43 - root._get_json_classname_for_box - DEBUG <-> _get_json_classname_for_box: checking object with keys: ['bbox', 'category_id']
2025-11-14 09:46:43 - root._get_json_classname_for_box - DEBUG <-> _get_json_classname_for_box: checking object with keys: ['bbox', 'category_id']
2025-11-14 09:46:43 - root._get_json_classname_for_box - DEBUG <-> _get_json_classname_for_box: checking object with keys: ['bbox', 'category_id']
2025-11-14 09:46:43 - root._get_json_classname_for_box - DEBUG <-> _get_json_classname_for_box: checking object with keys: ['bbox', 'category_id']
2025-11-14 09:46:43 - root._get_json_classname_for_box - DEBUG <-> _get_json_classname_for_box: checking object with keys: ['bbox', 'category_id']
2025-11-14 09:46:43 - root.update_labels_panel - DEBUG <-> Label panel: box idx=0 numeric class_idx=1 -> class_name='helmet'
2025-11-14 09:46:43 - root._get_json_classname_for_box - DEBUG <-> _get_json_classname_for_box: checking candidate path: /home/madan/a/labels/converted_json/6f.json
2025-11-14 09:46:43 - root._get_json_classname_for_box - DEBUG <-> _get_json_classname_for_box: found file: /home/madan/a/labels/converted_json/6f.json
2025-11-14 09:46:43 - root._get_json_classname_for_box - DEBUG <-> _get_json_classname_for_box: checking object with keys: ['bbox', 'category_id']
2025-11-14 09:46:43 - root._get_json_classname_for_box - DEBUG <-> _get_json_classname_for_box: checking object with keys: ['bbox', 'category_id']
2025-11-14 09:46:43 - root._get_json_classname_for_box - DEBUG <-> _get_json_classname_for_box: checking object with keys: ['bbox', 'category_id']
2025-11-14 09:46:43 - root._get_json_classname_for_box - DEBUG <-> _get_json_classname_for_box: checking object with keys: ['bbox', 'category_id']
2025-11-14 09:46:43 - root._get_json_classname_for_box - DEBUG <-> _get_json_classname_for_box: checking object with keys: ['bbox', 'category_id']
2025-11-14 09:46:43 - root._get_json_classname_for_box - DEBUG <-> _get_json_classname_for_box: checking object with keys: ['bbox', 'category_id']
2025-11-14 09:46:43 - root._get_json_classname_for_box - DEBUG <-> _get_json_classname_for_box: checking object with keys: ['bbox', 'category_id']
2025-11-14 09:46:43 - root._get_json_classname_for_box - DEBUG <-> _get_json_classname_for_box: checking object with keys: ['bbox', 'category_id']
2025-11-14 09:46:43 - root._get_json_classname_for_box - DEBUG <-> _get_json_classname_for_box: checking object with keys: ['bbox', 'category_id']
2025-11-14 09:46:43 - root._get_json_classname_for_box - DEBUG <-> _get_json_classname_for_box: checking object with keys: ['bbox', 'category_id']
2025-11-14 09:46:43 - root._get_json_classname_for_box - DEBUG <-> _get_json_classname_for_box: checking object with keys: ['bbox', 'category_id']
2025-11-14 09:46:43 - root._get_json_classname_for_box - DEBUG <-> _get_json_classname_for_box: checking object with keys: ['bbox', 'category_id']
2025-11-14 09:46:43 - root._get_json_classname_for_box - DEBUG <-> _get_json_classname_for_box: checking object with keys: ['bbox', 'category_id']
2025-11-14 09:46:43 - root._get_json_classname_for_box - DEBUG <-> _get_json_classname_for_box: checking object with keys: ['bbox', 'category_id']
2025-11-14 09:46:43 - root._get_json_classname_for_box - DEBUG <-> _get_json_classname_for_box: checking object with keys: ['bbox', 'category_id']
2025-11-14 09:46:43 - root._get_json_classname_for_box - DEBUG <-> _get_json_classname_for_box: checking object with keys: ['bbox', 'category_id']
2025-11-14 09:46:43 - root._get_json_classname_for_box - DEBUG <-> _get_json_classname_for_box: checking object with keys: ['bbox', 'category_id']
2025-11-14 09:46:43 - root._get_json_classname_for_box - DEBUG <-> _get_json_classname_for_box: checking object with keys: ['bbox', 'category_id']
2025-11-14 09:46:43 - root.update_labels_panel - DEBUG <-> Label panel: box idx=1 numeric class_idx=1 -> class_name='helmet'
2025-11-14 09:46:43 - root._get_json_classname_for_box - DEBUG <-> _get_json_classname_for_box: checking candidate path: /home/madan/a/labels/converted_json/6f.json
2025-11-14 09:46:43 - root._get_json_classname_for_box - DEBUG <-> _get_json_classname_for_box: found file: /home/madan/a/labels/converted_json/6f.json
2025-11-14 09:46:43 - root._get_json_classname_for_box - DEBUG <-> _get_json_classname_for_box: checking object with keys: ['bbox', 'category_id']
2025-11-14 09:46:43 - root._get_json_classname_for_box - DEBUG <-> _get_json_classname_for_box: checking object with keys: ['bbox', 'category_id']
2025-11-14 09:46:43 - root._get_json_classname_for_box - DEBUG <-> _get_json_classname_for_box: checking object with keys: ['bbox', 'category_id']
2025-11-14 09:46:43 - root._get_json_classname_for_box - DEBUG <-> _get_json_classname_for_box: checking object with keys: ['bbox', 'category_id']
2025-11-14 09:46:43 - root._get_json_classname_for_box - DEBUG <-> _get_json_classname_for_box: checking object with keys: ['bbox', 'category_id']
2025-11-14 09:46:43 - root._get_json_classname_for_box - DEBUG <-> _get_json_classname_for_box: checking object with keys: ['bbox', 'category_id']
2025-11-14 09:46:43 - root._get_json_classname_for_box - DEBUG <-> _get_json_classname_for_box: checking object with keys: ['bbox', 'category_id']
2025-11-14 09:46:43 - root._get_json_classname_for_box - DEBUG <-> _get_json_classname_for_box: checking object with keys: ['bbox', 'category_id']
2025-11-14 09:46:43 - root._get_json_classname_for_box - DEBUG <-> _get_json_classname_for_box: checking object with keys: ['bbox', 'category_id']
2025-11-14 09:46:43 - root._get_json_classname_for_box - DEBUG <-> _get_json_classname_for_box: checking object with keys: ['bbox', 'category_id']
2025-11-14 09:46:43 - root._get_json_classname_for_box - DEBUG <-> _get_json_classname_for_box: checking object with keys: ['bbox', 'category_id']
2025-11-14 09:46:43 - root._get_json_classname_for_box - DEBUG <-> _get_json_classname_for_box: checking object with keys: ['bbox', 'category_id']
2025-11-14 09:46:43 - root._get_json_classname_for_box - DEBUG <-> _get_json_classname_for_box: checking object with keys: ['bbox', 'category_id']
2025-11-14 09:46:43 - root._get_json_classname_for_box - DEBUG <-> _get_json_classname_for_box: checking object with keys: ['bbox', 'category_id']
2025-11-14 09:46:43 - root._get_json_classname_for_box - DEBUG <-> _get_json_classname_for_box: checking object with keys: ['bbox', 'category_id']
2025-11-14 09:46:43 - root._get_json_classname_for_box - DEBUG <-> _get_json_classname_for_box: checking object with keys: ['bbox', 'category_id']
2025-11-14 09:46:43 - root._get_json_classname_for_box - DEBUG <-> _get_json_classname_for_box: checking object with keys: ['bbox', 'category_id']
2025-11-14 09:46:43 - root._get_json_classname_for_box - DEBUG <-> _get_json_classname_for_box: checking object with keys: ['bbox', 'category_id']
2025-11-14 09:46:43 - root.update_labels_panel - DEBUG <-> Label panel: box idx=2 numeric class_idx=1 -> class_name='helmet'
2025-11-14 09:46:43 - root._get_json_classname_for_box - DEBUG <-> _get_json_classname_for_box: checking candidate path: /home/madan/a/labels/converted_json/6f.json
2025-11-14 09:46:43 - root._get_json_classname_for_box - DEBUG <-> _get_json_classname_for_box: found file: /home/madan/a/labels/converted_json/6f.json
2025-11-14 09:46:43 - root._get_json_classname_for_box - DEBUG <-> _get_json_classname_for_box: checking object with keys: ['bbox', 'category_id']
2025-11-14 09:46:43 - root._get_json_classname_for_box - DEBUG <-> _get_json_classname_for_box: checking object with keys: ['bbox', 'category_id']
2025-11-14 09:46:43 - root._get_json_classname_for_box - DEBUG <-> _get_json_classname_for_box: checking object with keys: ['bbox', 'category_id']
2025-11-14 09:46:43 - root._get_json_classname_for_box - DEBUG <-> _get_json_classname_for_box: checking object with keys: ['bbox', 'category_id']
2025-11-14 09:46:43 - root._get_json_classname_for_box - DEBUG <-> _get_json_classname_for_box: checking object with keys: ['bbox', 'category_id']
2025-11-14 09:46:43 - root._get_json_classname_for_box - DEBUG <-> _get_json_classname_for_box: checking object with keys: ['bbox', 'category_id']
2025-11-14 09:46:43 - root._get_json_classname_for_box - DEBUG <-> _get_json_classname_for_box: checking object with keys: ['bbox', 'category_id']
2025-11-14 09:46:43 - root._get_json_classname_for_box - DEBUG <-> _get_json_classname_for_box: checking object with keys: ['bbox', 'category_id']
2025-11-14 09:46:43 - root._get_json_classname_for_box - DEBUG <-> _get_json_classname_for_box: checking object with keys: ['bbox', 'category_id']
2025-11-14 09:46:43 - root._get_json_classname_for_box - DEBUG <-> _get_json_classname_for_box: checking object with keys: ['bbox', 'category_id']
2025-11-14 09:46:43 - root._get_json_classname_for_box - DEBUG <-> _get_json_classname_for_box: checking object with keys: ['bbox', 'category_id']
2025-11-14 09:46:43 - root._get_json_classname_for_box - DEBUG <-> _get_json_classname_for_box: checking object with keys: ['bbox', 'category_id']
2025-11-14 09:46:43 - root._get_json_classname_for_box - DEBUG <-> _get_json_classname_for_box: checking object with keys: ['bbox', 'category_id']
2025-11-14 09:46:43 - root._get_json_classname_for_box - DEBUG <-> _get_json_classname_for_box: checking object with keys: ['bbox', 'category_id']
2025-11-14 09:46:43 - root._get_json_classname_for_box - DEBUG <-> _get_json_classname_for_box: checking object with keys: ['bbox', 'category_id']
2025-11-14 09:46:43 - root._get_json_classname_for_box - DEBUG <-> _get_json_classname_for_box: checking object with keys: ['bbox', 'category_id']
2025-11-14 09:46:43 - root._get_json_classname_for_box - DEBUG <-> _get_json_classname_for_box: checking object with keys: ['bbox', 'category_id']
2025-11-14 09:46:43 - root._get_json_classname_for_box - DEBUG <-> _get_json_classname_for_box: checking object with keys: ['bbox', 'category_id']
2025-11-14 09:46:43 - root.update_labels_panel - DEBUG <-> Label panel: box idx=3 numeric class_idx=1 -> class_name='helmet'
2025-11-14 09:46:43 - root._get_json_classname_for_box - DEBUG <-> _get_json_classname_for_box: checking candidate path: /home/madan/a/labels/converted_json/6f.json
2025-11-14 09:46:43 - root._get_json_classname_for_box - DEBUG <-> _get_json_classname_for_box: found file: /home/madan/a/labels/converted_json/6f.json
2025-11-14 09:46:43 - root._get_json_classname_for_box - DEBUG <-> _get_json_classname_for_box: checking object with keys: ['bbox', 'category_id']
2025-11-14 09:46:43 - root._get_json_classname_for_box - DEBUG <-> _get_json_classname_for_box: checking object with keys: ['bbox', 'category_id']
2025-11-14 09:46:43 - root._get_json_classname_for_box - DEBUG <-> _get_json_classname_for_box: checking object with keys: ['bbox', 'category_id']
2025-11-14 09:46:43 - root._get_json_classname_for_box - DEBUG <-> _get_json_classname_for_box: checking object with keys: ['bbox', 'category_id']
2025-11-14 09:46:43 - root._get_json_classname_for_box - DEBUG <-> _get_json_classname_for_box: checking object with keys: ['bbox', 'category_id']
2025-11-14 09:46:43 - root._get_json_classname_for_box - DEBUG <-> _get_json_classname_for_box: checking object with keys: ['bbox', 'category_id']
2025-11-14 09:46:43 - root._get_json_classname_for_box - DEBUG <-> _get_json_classname_for_box: checking object with keys: ['bbox', 'category_id']
2025-11-14 09:46:43 - root._get_json_classname_for_box - DEBUG <-> _get_json_classname_for_box: checking object with keys: ['bbox', 'category_id']
2025-11-14 09:46:43 - root._get_json_classname_for_box - DEBUG <-> _get_json_classname_for_box: checking object with keys: ['bbox', 'category_id']
2025-11-14 09:46:43 - root._get_json_classname_for_box - DEBUG <-> _get_json_classname_for_box: checking object with keys: ['bbox', 'category_id']
2025-11-14 09:46:43 - root._get_json_classname_for_box - DEBUG <-> _get_json_classname_for_box: checking object with keys: ['bbox', 'category_id']
2025-11-14 09:46:43 - root._get_json_classname_for_box - DEBUG <-> _get_json_classname_for_box: checking object with keys: ['bbox', 'category_id']
2025-11-14 09:46:43 - root._get_json_classname_for_box - DEBUG <-> _get_json_classname_for_box: checking object with keys: ['bbox', 'category_id']
2025-11-14 09:46:43 - root._get_json_classname_for_box - DEBUG <-> _get_json_classname_for_box: checking object with keys: ['bbox', 'category_id']
2025-11-14 09:46:43 - root._get_json_classname_for_box - DEBUG <-> _get_json_classname_for_box: checking object with keys: ['bbox', 'category_id']
2025-11-14 09:46:43 - root._get_json_classname_for_box - DEBUG <-> _get_json_classname_for_box: checking object with keys: ['bbox', 'category_id']
2025-11-14 09:46:43 - root._get_json_classname_for_box - DEBUG <-> _get_json_classname_for_box: checking object with keys: ['bbox', 'category_id']
2025-11-14 09:46:43 - root._get_json_classname_for_box - DEBUG <-> _get_json_classname_for_box: checking object with keys: ['bbox', 'category_id']
2025-11-14 09:46:43 - root.update_labels_panel - DEBUG <-> Label panel: box idx=4 numeric class_idx=1 -> class_name='helmet'
2025-11-14 09:46:43 - root._get_json_classname_for_box - DEBUG <-> _get_json_classname_for_box: checking candidate path: /home/madan/a/labels/converted_json/6f.json
2025-11-14 09:46:43 - root._get_json_classname_for_box - DEBUG <-> _get_json_classname_for_box: found file: /home/madan/a/labels/converted_json/6f.json
2025-11-14 09:46:43 - root._get_json_classname_for_box - DEBUG <-> _get_json_classname_for_box: checking object with keys: ['bbox', 'category_id']
2025-11-14 09:46:43 - root._get_json_classname_for_box - DEBUG <-> _get_json_classname_for_box: checking object with keys: ['bbox', 'category_id']
2025-11-14 09:46:43 - root._get_json_classname_for_box - DEBUG <-> _get_json_classname_for_box: checking object with keys: ['bbox', 'category_id']
2025-11-14 09:46:43 - root._get_json_classname_for_box - DEBUG <-> _get_json_classname_for_box: checking object with keys: ['bbox', 'category_id']
2025-11-14 09:46:43 - root._get_json_classname_for_box - DEBUG <-> _get_json_classname_for_box: checking object with keys: ['bbox', 'category_id']
2025-11-14 09:46:43 - root._get_json_classname_for_box - DEBUG <-> _get_json_classname_for_box: checking object with keys: ['bbox', 'category_id']
2025-11-14 09:46:43 - root._get_json_classname_for_box - DEBUG <-> _get_json_classname_for_box: checking object with keys: ['bbox', 'category_id']
2025-11-14 09:46:43 - root._get_json_classname_for_box - DEBUG <-> _get_json_classname_for_box: checking object with keys: ['bbox', 'category_id']
2025-11-14 09:46:43 - root._get_json_classname_for_box - DEBUG <-> _get_json_classname_for_box: checking object with keys: ['bbox', 'category_id']
2025-11-14 09:46:43 - root._get_json_classname_for_box - DEBUG <-> _get_json_classname_for_box: checking object with keys: ['bbox', 'category_id']
2025-11-14 09:46:43 - root._get_json_classname_for_box - DEBUG <-> _get_json_classname_for_box: checking object with keys: ['bbox', 'category_id']
2025-11-14 09:46:43 - root._get_json_classname_for_box - DEBUG <-> _get_json_classname_for_box: checking object with keys: ['bbox', 'category_id']
2025-11-14 09:46:43 - root._get_json_classname_for_box - DEBUG <-> _get_json_classname_for_box: checking object with keys: ['bbox', 'category_id']
2025-11-14 09:46:43 - root._get_json_classname_for_box - DEBUG <-> _get_json_classname_for_box: checking object with keys: ['bbox', 'category_id']
2025-11-14 09:46:43 - root._get_json_classname_for_box - DEBUG <-> _get_json_classname_for_box: checking object with keys: ['bbox', 'category_id']
2025-11-14 09:46:43 - root._get_json_classname_for_box - DEBUG <-> _get_json_classname_for_box: checking object with keys: ['bbox', 'category_id']
2025-11-14 09:46:43 - root._get_json_classname_for_box - DEBUG <-> _get_json_classname_for_box: checking object with keys: ['bbox', 'category_id']
2025-11-14 09:46:43 - root._get_json_classname_for_box - DEBUG <-> _get_json_classname_for_box: checking object with keys: ['bbox', 'category_id']
2025-11-14 09:46:43 - root.update_labels_panel - DEBUG <-> Label panel: box idx=5 numeric class_idx=1 -> class_name='helmet'
2025-11-14 09:46:43 - root._get_json_classname_for_box - DEBUG <-> _get_json_classname_for_box: checking candidate path: /home/madan/a/labels/converted_json/6f.json
2025-11-14 09:46:43 - root._get_json_classname_for_box - DEBUG <-> _get_json_classname_for_box: found file: /home/madan/a/labels/converted_json/6f.json
2025-11-14 09:46:43 - root._get_json_classname_for_box - DEBUG <-> _get_json_classname_for_box: checking object with keys: ['bbox', 'category_id']
2025-11-14 09:46:43 - root._get_json_classname_for_box - DEBUG <-> _get_json_classname_for_box: checking object with keys: ['bbox', 'category_id']
2025-11-14 09:46:43 - root._get_json_classname_for_box - DEBUG <-> _get_json_classname_for_box: checking object with keys: ['bbox', 'category_id']
2025-11-14 09:46:43 - root._get_json_classname_for_box - DEBUG <-> _get_json_classname_for_box: checking object with keys: ['bbox', 'category_id']
2025-11-14 09:46:43 - root._get_json_classname_for_box - DEBUG <-> _get_json_classname_for_box: checking object with keys: ['bbox', 'category_id']
2025-11-14 09:46:43 - root._get_json_classname_for_box - DEBUG <-> _get_json_classname_for_box: checking object with keys: ['bbox', 'category_id']
2025-11-14 09:46:43 - root._get_json_classname_for_box - DEBUG <-> _get_json_classname_for_box: checking object with keys: ['bbox', 'category_id']
2025-11-14 09:46:43 - root._get_json_classname_for_box - DEBUG <-> _get_json_classname_for_box: checking object with keys: ['bbox', 'category_id']
2025-11-14 09:46:43 - root._get_json_classname_for_box - DEBUG <-> _get_json_classname_for_box: checking object with keys: ['bbox', 'category_id']
2025-11-14 09:46:43 - root._get_json_classname_for_box - DEBUG <-> _get_json_classname_for_box: checking object with keys: ['bbox', 'category_id']
2025-11-14 09:46:43 - root._get_json_classname_for_box - DEBUG <-> _get_json_classname_for_box: checking object with keys: ['bbox', 'category_id']
2025-11-14 09:46:43 - root._get_json_classname_for_box - DEBUG <-> _get_json_classname_for_box: checking object with keys: ['bbox', 'category_id']
2025-11-14 09:46:43 - root._get_json_classname_for_box - DEBUG <-> _get_json_classname_for_box: checking object with keys: ['bbox', 'category_id']
2025-11-14 09:46:43 - root._get_json_classname_for_box - DEBUG <-> _get_json_classname_for_box: checking object with keys: ['bbox', 'category_id']
2025-11-14 09:46:43 - root._get_json_classname_for_box - DEBUG <-> _get_json_classname_for_box: checking object with keys: ['bbox', 'category_id']
2025-11-14 09:46:43 - root._get_json_classname_for_box - DEBUG <-> _get_json_classname_for_box: checking object with keys: ['bbox', 'category_id']
2025-11-14 09:46:43 - root._get_json_classname_for_box - DEBUG <-> _get_json_classname_for_box: checking object with keys: ['bbox', 'category_id']
2025-11-14 09:46:43 - root._get_json_classname_for_box - DEBUG <-> _get_json_classname_for_box: checking object with keys: ['bbox', 'category_id']
2025-11-14 09:46:43 - root.update_labels_panel - DEBUG <-> Label panel: box idx=6 numeric class_idx=0 -> class_name='person'
2025-11-14 09:46:43 - root._get_json_classname_for_box - DEBUG <-> _get_json_classname_for_box: checking candidate path: /home/madan/a/labels/converted_json/6f.json
2025-11-14 09:46:43 - root._get_json_classname_for_box - DEBUG <-> _get_json_classname_for_box: found file: /home/madan/a/labels/converted_json/6f.json
2025-11-14 09:46:43 - root._get_json_classname_for_box - DEBUG <-> _get_json_classname_for_box: checking object with keys: ['bbox', 'category_id']
2025-11-14 09:46:43 - root._get_json_classname_for_box - DEBUG <-> _get_json_classname_for_box: checking object with keys: ['bbox', 'category_id']
2025-11-14 09:46:43 - root._get_json_classname_for_box - DEBUG <-> _get_json_classname_for_box: checking object with keys: ['bbox', 'category_id']
2025-11-14 09:46:43 - root._get_json_classname_for_box - DEBUG <-> _get_json_classname_for_box: checking object with keys: ['bbox', 'category_id']
2025-11-14 09:46:43 - root._get_json_classname_for_box - DEBUG <-> _get_json_classname_for_box: checking object with keys: ['bbox', 'category_id']
2025-11-14 09:46:43 - root._get_json_classname_for_box - DEBUG <-> _get_json_classname_for_box: checking object with keys: ['bbox', 'category_id']
2025-11-14 09:46:43 - root._get_json_classname_for_box - DEBUG <-> _get_json_classname_for_box: checking object with keys: ['bbox', 'category_id']
2025-11-14 09:46:43 - root._get_json_classname_for_box - DEBUG <-> _get_json_classname_for_box: checking object with keys: ['bbox', 'category_id']
2025-11-14 09:46:43 - root._get_json_classname_for_box - DEBUG <-> _get_json_classname_for_box: checking object with keys: ['bbox', 'category_id']
2025-11-14 09:46:43 - root._get_json_classname_for_box - DEBUG <-> _get_json_classname_for_box: checking object with keys: ['bbox', 'category_id']
2025-11-14 09:46:43 - root._get_json_classname_for_box - DEBUG <-> _get_json_classname_for_box: checking object with keys: ['bbox', 'category_id']
2025-11-14 09:46:43 - root._get_json_classname_for_box - DEBUG <-> _get_json_classname_for_box: checking object with keys: ['bbox', 'category_id']
2025-11-14 09:46:43 - root._get_json_classname_for_box - DEBUG <-> _get_json_classname_for_box: checking object with keys: ['bbox', 'category_id']
2025-11-14 09:46:43 - root._get_json_classname_for_box - DEBUG <-> _get_json_classname_for_box: checking object with keys: ['bbox', 'category_id']
2025-11-14 09:46:43 - root._get_json_classname_for_box - DEBUG <-> _get_json_classname_for_box: checking object with keys: ['bbox', 'category_id']
2025-11-14 09:46:43 - root._get_json_classname_for_box - DEBUG <-> _get_json_classname_for_box: checking object with keys: ['bbox', 'category_id']
2025-11-14 09:46:43 - root._get_json_classname_for_box - DEBUG <-> _get_json_classname_for_box: checking object with keys: ['bbox', 'category_id']
2025-11-14 09:46:43 - root._get_json_classname_for_box - DEBUG <-> _get_json_classname_for_box: checking object with keys: ['bbox', 'category_id']
2025-11-14 09:46:43 - root.update_labels_panel - DEBUG <-> Label panel: box idx=7 numeric class_idx=0 -> class_name='person'
2025-11-14 09:46:43 - root._get_json_classname_for_box - DEBUG <-> _get_json_classname_for_box: checking candidate path: /home/madan/a/labels/converted_json/6f.json
2025-11-14 09:46:43 - root._get_json_classname_for_box - DEBUG <-> _get_json_classname_for_box: found file: /home/madan/a/labels/converted_json/6f.json
2025-11-14 09:46:43 - root._get_json_classname_for_box - DEBUG <-> _get_json_classname_for_box: checking object with keys: ['bbox', 'category_id']
2025-11-14 09:46:43 - root._get_json_classname_for_box - DEBUG <-> _get_json_classname_for_box: checking object with keys: ['bbox', 'category_id']
2025-11-14 09:46:43 - root._get_json_classname_for_box - DEBUG <-> _get_json_classname_for_box: checking object with keys: ['bbox', 'category_id']
2025-11-14 09:46:43 - root._get_json_classname_for_box - DEBUG <-> _get_json_classname_for_box: checking object with keys: ['bbox', 'category_id']
2025-11-14 09:46:43 - root._get_json_classname_for_box - DEBUG <-> _get_json_classname_for_box: checking object with keys: ['bbox', 'category_id']
2025-11-14 09:46:43 - root._get_json_classname_for_box - DEBUG <-> _get_json_classname_for_box: checking object with keys: ['bbox', 'category_id']
2025-11-14 09:46:43 - root._get_json_classname_for_box - DEBUG <-> _get_json_classname_for_box: checking object with keys: ['bbox', 'category_id']
2025-11-14 09:46:43 - root._get_json_classname_for_box - DEBUG <-> _get_json_classname_for_box: checking object with keys: ['bbox', 'category_id']
2025-11-14 09:46:43 - root._get_json_classname_for_box - DEBUG <-> _get_json_classname_for_box: checking object with keys: ['bbox', 'category_id']
2025-11-14 09:46:43 - root._get_json_classname_for_box - DEBUG <-> _get_json_classname_for_box: checking object with keys: ['bbox', 'category_id']
2025-11-14 09:46:43 - root._get_json_classname_for_box - DEBUG <-> _get_json_classname_for_box: checking object with keys: ['bbox', 'category_id']
2025-11-14 09:46:43 - root._get_json_classname_for_box - DEBUG <-> _get_json_classname_for_box: checking object with keys: ['bbox', 'category_id']
2025-11-14 09:46:43 - root._get_json_classname_for_box - DEBUG <-> _get_json_classname_for_box: checking object with keys: ['bbox', 'category_id']
2025-11-14 09:46:43 - root._get_json_classname_for_box - DEBUG <-> _get_json_classname_for_box: checking object with keys: ['bbox', 'category_id']
2025-11-14 09:46:43 - root._get_json_classname_for_box - DEBUG <-> _get_json_classname_for_box: checking object with keys: ['bbox', 'category_id']
2025-11-14 09:46:43 - root._get_json_classname_for_box - DEBUG <-> _get_json_classname_for_box: checking object with keys: ['bbox', 'category_id']
2025-11-14 09:46:43 - root._get_json_classname_for_box - DEBUG <-> _get_json_classname_for_box: checking object with keys: ['bbox', 'category_id']
2025-11-14 09:46:43 - root._get_json_classname_for_box - DEBUG <-> _get_json_classname_for_box: checking object with keys: ['bbox', 'category_id']
2025-11-14 09:46:43 - root.update_labels_panel - DEBUG <-> Label panel: box idx=8 numeric class_idx=0 -> class_name='person'
2025-11-14 09:46:43 - root._get_json_classname_for_box - DEBUG <-> _get_json_classname_for_box: checking candidate path: /home/madan/a/labels/converted_json/6f.json
2025-11-14 09:46:43 - root._get_json_classname_for_box - DEBUG <-> _get_json_classname_for_box: found file: /home/madan/a/labels/converted_json/6f.json
2025-11-14 09:46:43 - root._get_json_classname_for_box - DEBUG <-> _get_json_classname_for_box: checking object with keys: ['bbox', 'category_id']
2025-11-14 09:46:43 - root._get_json_classname_for_box - DEBUG <-> _get_json_classname_for_box: checking object with keys: ['bbox', 'category_id']
2025-11-14 09:46:43 - root._get_json_classname_for_box - DEBUG <-> _get_json_classname_for_box: checking object with keys: ['bbox', 'category_id']
2025-11-14 09:46:43 - root._get_json_classname_for_box - DEBUG <-> _get_json_classname_for_box: checking object with keys: ['bbox', 'category_id']
2025-11-14 09:46:43 - root._get_json_classname_for_box - DEBUG <-> _get_json_classname_for_box: checking object with keys: ['bbox', 'category_id']
2025-11-14 09:46:43 - root._get_json_classname_for_box - DEBUG <-> _get_json_classname_for_box: checking object with keys: ['bbox', 'category_id']
2025-11-14 09:46:43 - root._get_json_classname_for_box - DEBUG <-> _get_json_classname_for_box: checking object with keys: ['bbox', 'category_id']
2025-11-14 09:46:43 - root._get_json_classname_for_box - DEBUG <-> _get_json_classname_for_box: checking object with keys: ['bbox', 'category_id']
2025-11-14 09:46:43 - root._get_json_classname_for_box - DEBUG <-> _get_json_classname_for_box: checking object with keys: ['bbox', 'category_id']
2025-11-14 09:46:43 - root._get_json_classname_for_box - DEBUG <-> _get_json_classname_for_box: checking object with keys: ['bbox', 'category_id']
2025-11-14 09:46:43 - root._get_json_classname_for_box - DEBUG <-> _get_json_classname_for_box: checking object with keys: ['bbox', 'category_id']
2025-11-14 09:46:43 - root._get_json_classname_for_box - DEBUG <-> _get_json_classname_for_box: checking object with keys: ['bbox', 'category_id']
2025-11-14 09:46:43 - root._get_json_classname_for_box - DEBUG <-> _get_json_classname_for_box: checking object with keys: ['bbox', 'category_id']
2025-11-14 09:46:43 - root._get_json_classname_for_box - DEBUG <-> _get_json_classname_for_box: checking object with keys: ['bbox', 'category_id']
2025-11-14 09:46:43 - root._get_json_classname_for_box - DEBUG <-> _get_json_classname_for_box: checking object with keys: ['bbox', 'category_id']
2025-11-14 09:46:43 - root._get_json_classname_for_box - DEBUG <-> _get_json_classname_for_box: checking object with keys: ['bbox', 'category_id']
2025-11-14 09:46:43 - root._get_json_classname_for_box - DEBUG <-> _get_json_classname_for_box: checking object with keys: ['bbox', 'category_id']
2025-11-14 09:46:43 - root._get_json_classname_for_box - DEBUG <-> _get_json_classname_for_box: checking object with keys: ['bbox', 'category_id']
2025-11-14 09:46:43 - root.update_labels_panel - DEBUG <-> Label panel: box idx=9 numeric class_idx=0 -> class_name='person'
2025-11-14 09:46:43 - root._get_json_classname_for_box - DEBUG <-> _get_json_classname_for_box: checking candidate path: /home/madan/a/labels/converted_json/6f.json
2025-11-14 09:46:43 - root._get_json_classname_for_box - DEBUG <-> _get_json_classname_for_box: found file: /home/madan/a/labels/converted_json/6f.json
2025-11-14 09:46:43 - root._get_json_classname_for_box - DEBUG <-> _get_json_classname_for_box: checking object with keys: ['bbox', 'category_id']
2025-11-14 09:46:43 - root._get_json_classname_for_box - DEBUG <-> _get_json_classname_for_box: checking object with keys: ['bbox', 'category_id']
2025-11-14 09:46:43 - root._get_json_classname_for_box - DEBUG <-> _get_json_classname_for_box: checking object with keys: ['bbox', 'category_id']
2025-11-14 09:46:43 - root._get_json_classname_for_box - DEBUG <-> _get_json_classname_for_box: checking object with keys: ['bbox', 'category_id']
2025-11-14 09:46:43 - root._get_json_classname_for_box - DEBUG <-> _get_json_classname_for_box: checking object with keys: ['bbox', 'category_id']
2025-11-14 09:46:43 - root._get_json_classname_for_box - DEBUG <-> _get_json_classname_for_box: checking object with keys: ['bbox', 'category_id']
2025-11-14 09:46:43 - root._get_json_classname_for_box - DEBUG <-> _get_json_classname_for_box: checking object with keys: ['bbox', 'category_id']
2025-11-14 09:46:43 - root._get_json_classname_for_box - DEBUG <-> _get_json_classname_for_box: checking object with keys: ['bbox', 'category_id']
2025-11-14 09:46:43 - root._get_json_classname_for_box - DEBUG <-> _get_json_classname_for_box: checking object with keys: ['bbox', 'category_id']
2025-11-14 09:46:43 - root._get_json_classname_for_box - DEBUG <-> _get_json_classname_for_box: checking object with keys: ['bbox', 'category_id']
2025-11-14 09:46:43 - root._get_json_classname_for_box - DEBUG <-> _get_json_classname_for_box: checking object with keys: ['bbox', 'category_id']
2025-11-14 09:46:43 - root._get_json_classname_for_box - DEBUG <-> _get_json_classname_for_box: checking object with keys: ['bbox', 'category_id']
2025-11-14 09:46:43 - root._get_json_classname_for_box - DEBUG <-> _get_json_classname_for_box: checking object with keys: ['bbox', 'category_id']
2025-11-14 09:46:43 - root._get_json_classname_for_box - DEBUG <-> _get_json_classname_for_box: checking object with keys: ['bbox', 'category_id']
2025-11-14 09:46:43 - root._get_json_classname_for_box - DEBUG <-> _get_json_classname_for_box: checking object with keys: ['bbox', 'category_id']
2025-11-14 09:46:43 - root._get_json_classname_for_box - DEBUG <-> _get_json_classname_for_box: checking object with keys: ['bbox', 'category_id']
2025-11-14 09:46:43 - root._get_json_classname_for_box - DEBUG <-> _get_json_classname_for_box: checking object with keys: ['bbox', 'category_id']
2025-11-14 09:46:43 - root._get_json_classname_for_box - DEBUG <-> _get_json_classname_for_box: checking object with keys: ['bbox', 'category_id']
2025-11-14 09:46:43 - root.update_labels_panel - DEBUG <-> Label panel: box idx=10 numeric class_idx=0 -> class_name='person'
2025-11-14 09:46:43 - root._get_json_classname_for_box - DEBUG <-> _get_json_classname_for_box: checking candidate path: /home/madan/a/labels/converted_json/6f.json
2025-11-14 09:46:43 - root._get_json_classname_for_box - DEBUG <-> _get_json_classname_for_box: found file: /home/madan/a/labels/converted_json/6f.json
2025-11-14 09:46:43 - root._get_json_classname_for_box - DEBUG <-> _get_json_classname_for_box: checking object with keys: ['bbox', 'category_id']
2025-11-14 09:46:43 - root._get_json_classname_for_box - DEBUG <-> _get_json_classname_for_box: checking object with keys: ['bbox', 'category_id']
2025-11-14 09:46:43 - root._get_json_classname_for_box - DEBUG <-> _get_json_classname_for_box: checking object with keys: ['bbox', 'category_id']
2025-11-14 09:46:43 - root._get_json_classname_for_box - DEBUG <-> _get_json_classname_for_box: checking object with keys: ['bbox', 'category_id']
2025-11-14 09:46:43 - root._get_json_classname_for_box - DEBUG <-> _get_json_classname_for_box: checking object with keys: ['bbox', 'category_id']
2025-11-14 09:46:43 - root._get_json_classname_for_box - DEBUG <-> _get_json_classname_for_box: checking object with keys: ['bbox', 'category_id']
2025-11-14 09:46:43 - root._get_json_classname_for_box - DEBUG <-> _get_json_classname_for_box: checking object with keys: ['bbox', 'category_id']
2025-11-14 09:46:43 - root._get_json_classname_for_box - DEBUG <-> _get_json_classname_for_box: checking object with keys: ['bbox', 'category_id']
2025-11-14 09:46:43 - root._get_json_classname_for_box - DEBUG <-> _get_json_classname_for_box: checking object with keys: ['bbox', 'category_id']
2025-11-14 09:46:43 - root._get_json_classname_for_box - DEBUG <-> _get_json_classname_for_box: checking object with keys: ['bbox', 'category_id']
2025-11-14 09:46:43 - root._get_json_classname_for_box - DEBUG <-> _get_json_classname_for_box: checking object with keys: ['bbox', 'category_id']
2025-11-14 09:46:43 - root._get_json_classname_for_box - DEBUG <-> _get_json_classname_for_box: checking object with keys: ['bbox', 'category_id']
2025-11-14 09:46:43 - root._get_json_classname_for_box - DEBUG <-> _get_json_classname_for_box: checking object with keys: ['bbox', 'category_id']
2025-11-14 09:46:43 - root._get_json_classname_for_box - DEBUG <-> _get_json_classname_for_box: checking object with keys: ['bbox', 'category_id']
2025-11-14 09:46:43 - root._get_json_classname_for_box - DEBUG <-> _get_json_classname_for_box: checking object with keys: ['bbox', 'category_id']
2025-11-14 09:46:43 - root._get_json_classname_for_box - DEBUG <-> _get_json_classname_for_box: checking object with keys: ['bbox', 'category_id']
2025-11-14 09:46:43 - root._get_json_classname_for_box - DEBUG <-> _get_json_classname_for_box: checking object with keys: ['bbox', 'category_id']
2025-11-14 09:46:43 - root._get_json_classname_for_box - DEBUG <-> _get_json_classname_for_box: checking object with keys: ['bbox', 'category_id']
2025-11-14 09:46:43 - root.update_labels_panel - DEBUG <-> Label panel: box idx=11 numeric class_idx=0 -> class_name='person'
2025-11-14 09:46:43 - root._get_json_classname_for_box - DEBUG <-> _get_json_classname_for_box: checking candidate path: /home/madan/a/labels/converted_json/6f.json
2025-11-14 09:46:43 - root._get_json_classname_for_box - DEBUG <-> _get_json_classname_for_box: found file: /home/madan/a/labels/converted_json/6f.json
2025-11-14 09:46:43 - root._get_json_classname_for_box - DEBUG <-> _get_json_classname_for_box: checking object with keys: ['bbox', 'category_id']
2025-11-14 09:46:43 - root._get_json_classname_for_box - DEBUG <-> _get_json_classname_for_box: checking object with keys: ['bbox', 'category_id']
2025-11-14 09:46:43 - root._get_json_classname_for_box - DEBUG <-> _get_json_classname_for_box: checking object with keys: ['bbox', 'category_id']
2025-11-14 09:46:43 - root._get_json_classname_for_box - DEBUG <-> _get_json_classname_for_box: checking object with keys: ['bbox', 'category_id']
2025-11-14 09:46:43 - root._get_json_classname_for_box - DEBUG <-> _get_json_classname_for_box: checking object with keys: ['bbox', 'category_id']
2025-11-14 09:46:43 - root._get_json_classname_for_box - DEBUG <-> _get_json_classname_for_box: checking object with keys: ['bbox', 'category_id']
2025-11-14 09:46:43 - root._get_json_classname_for_box - DEBUG <-> _get_json_classname_for_box: checking object with keys: ['bbox', 'category_id']
2025-11-14 09:46:43 - root._get_json_classname_for_box - DEBUG <-> _get_json_classname_for_box: checking object with keys: ['bbox', 'category_id']
2025-11-14 09:46:43 - root._get_json_classname_for_box - DEBUG <-> _get_json_classname_for_box: checking object with keys: ['bbox', 'category_id']
2025-11-14 09:46:43 - root._get_json_classname_for_box - DEBUG <-> _get_json_classname_for_box: checking object with keys: ['bbox', 'category_id']
2025-11-14 09:46:43 - root._get_json_classname_for_box - DEBUG <-> _get_json_classname_for_box: checking object with keys: ['bbox', 'category_id']
2025-11-14 09:46:43 - root._get_json_classname_for_box - DEBUG <-> _get_json_classname_for_box: checking object with keys: ['bbox', 'category_id']
2025-11-14 09:46:43 - root._get_json_classname_for_box - DEBUG <-> _get_json_classname_for_box: checking object with keys: ['bbox', 'category_id']
2025-11-14 09:46:43 - root._get_json_classname_for_box - DEBUG <-> _get_json_classname_for_box: checking object with keys: ['bbox', 'category_id']
2025-11-14 09:46:43 - root._get_json_classname_for_box - DEBUG <-> _get_json_classname_for_box: checking object with keys: ['bbox', 'category_id']
2025-11-14 09:46:43 - root._get_json_classname_for_box - DEBUG <-> _get_json_classname_for_box: checking object with keys: ['bbox', 'category_id']
2025-11-14 09:46:43 - root._get_json_classname_for_box - DEBUG <-> _get_json_classname_for_box: checking object with keys: ['bbox', 'category_id']
2025-11-14 09:46:43 - root._get_json_classname_for_box - DEBUG <-> _get_json_classname_for_box: checking object with keys: ['bbox', 'category_id']
2025-11-14 09:46:43 - root.update_labels_panel - DEBUG <-> Label panel: box idx=12 numeric class_idx=2 -> class_name='savety vest'
2025-11-14 09:46:43 - root._get_json_classname_for_box - DEBUG <-> _get_json_classname_for_box: checking candidate path: /home/madan/a/labels/converted_json/6f.json
2025-11-14 09:46:43 - root._get_json_classname_for_box - DEBUG <-> _get_json_classname_for_box: found file: /home/madan/a/labels/converted_json/6f.json
2025-11-14 09:46:43 - root._get_json_classname_for_box - DEBUG <-> _get_json_classname_for_box: checking object with keys: ['bbox', 'category_id']
2025-11-14 09:46:43 - root._get_json_classname_for_box - DEBUG <-> _get_json_classname_for_box: checking object with keys: ['bbox', 'category_id']
2025-11-14 09:46:43 - root._get_json_classname_for_box - DEBUG <-> _get_json_classname_for_box: checking object with keys: ['bbox', 'category_id']
2025-11-14 09:46:43 - root._get_json_classname_for_box - DEBUG <-> _get_json_classname_for_box: checking object with keys: ['bbox', 'category_id']
2025-11-14 09:46:43 - root._get_json_classname_for_box - DEBUG <-> _get_json_classname_for_box: checking object with keys: ['bbox', 'category_id']
2025-11-14 09:46:43 - root._get_json_classname_for_box - DEBUG <-> _get_json_classname_for_box: checking object with keys: ['bbox', 'category_id']
2025-11-14 09:46:43 - root._get_json_classname_for_box - DEBUG <-> _get_json_classname_for_box: checking object with keys: ['bbox', 'category_id']
2025-11-14 09:46:43 - root._get_json_classname_for_box - DEBUG <-> _get_json_classname_for_box: checking object with keys: ['bbox', 'category_id']
2025-11-14 09:46:43 - root._get_json_classname_for_box - DEBUG <-> _get_json_classname_for_box: checking object with keys: ['bbox', 'category_id']
2025-11-14 09:46:43 - root._get_json_classname_for_box - DEBUG <-> _get_json_classname_for_box: checking object with keys: ['bbox', 'category_id']
2025-11-14 09:46:43 - root._get_json_classname_for_box - DEBUG <-> _get_json_classname_for_box: checking object with keys: ['bbox', 'category_id']
2025-11-14 09:46:43 - root._get_json_classname_for_box - DEBUG <-> _get_json_classname_for_box: checking object with keys: ['bbox', 'category_id']
2025-11-14 09:46:43 - root._get_json_classname_for_box - DEBUG <-> _get_json_classname_for_box: checking object with keys: ['bbox', 'category_id']
2025-11-14 09:46:43 - root._get_json_classname_for_box - DEBUG <-> _get_json_classname_for_box: checking object with keys: ['bbox', 'category_id']
2025-11-14 09:46:43 - root._get_json_classname_for_box - DEBUG <-> _get_json_classname_for_box: checking object with keys: ['bbox', 'category_id']
2025-11-14 09:46:43 - root._get_json_classname_for_box - DEBUG <-> _get_json_classname_for_box: checking object with keys: ['bbox', 'category_id']
2025-11-14 09:46:43 - root._get_json_classname_for_box - DEBUG <-> _get_json_classname_for_box: checking object with keys: ['bbox', 'category_id']
2025-11-14 09:46:43 - root._get_json_classname_for_box - DEBUG <-> _get_json_classname_for_box: checking object with keys: ['bbox', 'category_id']
2025-11-14 09:46:43 - root.update_labels_panel - DEBUG <-> Label panel: box idx=13 numeric class_idx=4 -> class_name='no savety vest'
2025-11-14 09:46:43 - root._get_json_classname_for_box - DEBUG <-> _get_json_classname_for_box: checking candidate path: /home/madan/a/labels/converted_json/6f.json
2025-11-14 09:46:43 - root._get_json_classname_for_box - DEBUG <-> _get_json_classname_for_box: found file: /home/madan/a/labels/converted_json/6f.json
2025-11-14 09:46:43 - root._get_json_classname_for_box - DEBUG <-> _get_json_classname_for_box: checking object with keys: ['bbox', 'category_id']
2025-11-14 09:46:43 - root._get_json_classname_for_box - DEBUG <-> _get_json_classname_for_box: checking object with keys: ['bbox', 'category_id']
2025-11-14 09:46:43 - root._get_json_classname_for_box - DEBUG <-> _get_json_classname_for_box: checking object with keys: ['bbox', 'category_id']
2025-11-14 09:46:43 - root._get_json_classname_for_box - DEBUG <-> _get_json_classname_for_box: checking object with keys: ['bbox', 'category_id']
2025-11-14 09:46:43 - root._get_json_classname_for_box - DEBUG <-> _get_json_classname_for_box: checking object with keys: ['bbox', 'category_id']
2025-11-14 09:46:43 - root._get_json_classname_for_box - DEBUG <-> _get_json_classname_for_box: checking object with keys: ['bbox', 'category_id']
2025-11-14 09:46:43 - root._get_json_classname_for_box - DEBUG <-> _get_json_classname_for_box: checking object with keys: ['bbox', 'category_id']
2025-11-14 09:46:43 - root._get_json_classname_for_box - DEBUG <-> _get_json_classname_for_box: checking object with keys: ['bbox', 'category_id']
2025-11-14 09:46:43 - root._get_json_classname_for_box - DEBUG <-> _get_json_classname_for_box: checking object with keys: ['bbox', 'category_id']
2025-11-14 09:46:43 - root._get_json_classname_for_box - DEBUG <-> _get_json_classname_for_box: checking object with keys: ['bbox', 'category_id']
2025-11-14 09:46:43 - root._get_json_classname_for_box - DEBUG <-> _get_json_classname_for_box: checking object with keys: ['bbox', 'category_id']
2025-11-14 09:46:43 - root._get_json_classname_for_box - DEBUG <-> _get_json_classname_for_box: checking object with keys: ['bbox', 'category_id']
2025-11-14 09:46:43 - root._get_json_classname_for_box - DEBUG <-> _get_json_classname_for_box: checking object with keys: ['bbox', 'category_id']
2025-11-14 09:46:43 - root._get_json_classname_for_box - DEBUG <-> _get_json_classname_for_box: checking object with keys: ['bbox', 'category_id']
2025-11-14 09:46:43 - root._get_json_classname_for_box - DEBUG <-> _get_json_classname_for_box: checking object with keys: ['bbox', 'category_id']
2025-11-14 09:46:43 - root._get_json_classname_for_box - DEBUG <-> _get_json_classname_for_box: checking object with keys: ['bbox', 'category_id']
2025-11-14 09:46:43 - root._get_json_classname_for_box - DEBUG <-> _get_json_classname_for_box: checking object with keys: ['bbox', 'category_id']
2025-11-14 09:46:43 - root._get_json_classname_for_box - DEBUG <-> _get_json_classname_for_box: checking object with keys: ['bbox', 'category_id']
2025-11-14 09:46:43 - root.update_labels_panel - DEBUG <-> Label panel: box idx=14 numeric class_idx=2 -> class_name='savety vest'
2025-11-14 09:46:43 - root._get_json_classname_for_box - DEBUG <-> _get_json_classname_for_box: checking candidate path: /home/madan/a/labels/converted_json/6f.json
2025-11-14 09:46:43 - root._get_json_classname_for_box - DEBUG <-> _get_json_classname_for_box: found file: /home/madan/a/labels/converted_json/6f.json
2025-11-14 09:46:43 - root._get_json_classname_for_box - DEBUG <-> _get_json_classname_for_box: checking object with keys: ['bbox', 'category_id']
2025-11-14 09:46:43 - root._get_json_classname_for_box - DEBUG <-> _get_json_classname_for_box: checking object with keys: ['bbox', 'category_id']
2025-11-14 09:46:43 - root._get_json_classname_for_box - DEBUG <-> _get_json_classname_for_box: checking object with keys: ['bbox', 'category_id']
2025-11-14 09:46:43 - root._get_json_classname_for_box - DEBUG <-> _get_json_classname_for_box: checking object with keys: ['bbox', 'category_id']
2025-11-14 09:46:43 - root._get_json_classname_for_box - DEBUG <-> _get_json_classname_for_box: checking object with keys: ['bbox', 'category_id']
2025-11-14 09:46:43 - root._get_json_classname_for_box - DEBUG <-> _get_json_classname_for_box: checking object with keys: ['bbox', 'category_id']
2025-11-14 09:46:43 - root._get_json_classname_for_box - DEBUG <-> _get_json_classname_for_box: checking object with keys: ['bbox', 'category_id']
2025-11-14 09:46:43 - root._get_json_classname_for_box - DEBUG <-> _get_json_classname_for_box: checking object with keys: ['bbox', 'category_id']
2025-11-14 09:46:43 - root._get_json_classname_for_box - DEBUG <-> _get_json_classname_for_box: checking object with keys: ['bbox', 'category_id']
2025-11-14 09:46:43 - root._get_json_classname_for_box - DEBUG <-> _get_json_classname_for_box: checking object with keys: ['bbox', 'category_id']
2025-11-14 09:46:43 - root._get_json_classname_for_box - DEBUG <-> _get_json_classname_for_box: checking object with keys: ['bbox', 'category_id']
2025-11-14 09:46:43 - root._get_json_classname_for_box - DEBUG <-> _get_json_classname_for_box: checking object with keys: ['bbox', 'category_id']
2025-11-14 09:46:43 - root._get_json_classname_for_box - DEBUG <-> _get_json_classname_for_box: checking object with keys: ['bbox', 'category_id']
2025-11-14 09:46:43 - root._get_json_classname_for_box - DEBUG <-> _get_json_classname_for_box: checking object with keys: ['bbox', 'category_id']
2025-11-14 09:46:43 - root._get_json_classname_for_box - DEBUG <-> _get_json_classname_for_box: checking object with keys: ['bbox', 'category_id']
2025-11-14 09:46:43 - root._get_json_classname_for_box - DEBUG <-> _get_json_classname_for_box: checking object with keys: ['bbox', 'category_id']
2025-11-14 09:46:43 - root._get_json_classname_for_box - DEBUG <-> _get_json_classname_for_box: checking object with keys: ['bbox', 'category_id']
2025-11-14 09:46:43 - root._get_json_classname_for_box - DEBUG <-> _get_json_classname_for_box: checking object with keys: ['bbox', 'category_id']
2025-11-14 09:46:43 - root.update_labels_panel - DEBUG <-> Label panel: box idx=15 numeric class_idx=4 -> class_name='no savety vest'
2025-11-14 09:46:43 - root._get_json_classname_for_box - DEBUG <-> _get_json_classname_for_box: checking candidate path: /home/madan/a/labels/converted_json/6f.json
2025-11-14 09:46:43 - root._get_json_classname_for_box - DEBUG <-> _get_json_classname_for_box: found file: /home/madan/a/labels/converted_json/6f.json
2025-11-14 09:46:43 - root._get_json_classname_for_box - DEBUG <-> _get_json_classname_for_box: checking object with keys: ['bbox', 'category_id']
2025-11-14 09:46:43 - root._get_json_classname_for_box - DEBUG <-> _get_json_classname_for_box: checking object with keys: ['bbox', 'category_id']
2025-11-14 09:46:43 - root._get_json_classname_for_box - DEBUG <-> _get_json_classname_for_box: checking object with keys: ['bbox', 'category_id']
2025-11-14 09:46:43 - root._get_json_classname_for_box - DEBUG <-> _get_json_classname_for_box: checking object with keys: ['bbox', 'category_id']
2025-11-14 09:46:43 - root._get_json_classname_for_box - DEBUG <-> _get_json_classname_for_box: checking object with keys: ['bbox', 'category_id']
2025-11-14 09:46:43 - root._get_json_classname_for_box - DEBUG <-> _get_json_classname_for_box: checking object with keys: ['bbox', 'category_id']
2025-11-14 09:46:43 - root._get_json_classname_for_box - DEBUG <-> _get_json_classname_for_box: checking object with keys: ['bbox', 'category_id']
2025-11-14 09:46:43 - root._get_json_classname_for_box - DEBUG <-> _get_json_classname_for_box: checking object with keys: ['bbox', 'category_id']
2025-11-14 09:46:43 - root._get_json_classname_for_box - DEBUG <-> _get_json_classname_for_box: checking object with keys: ['bbox', 'category_id']
2025-11-14 09:46:43 - root._get_json_classname_for_box - DEBUG <-> _get_json_classname_for_box: checking object with keys: ['bbox', 'category_id']
2025-11-14 09:46:43 - root._get_json_classname_for_box - DEBUG <-> _get_json_classname_for_box: checking object with keys: ['bbox', 'category_id']
2025-11-14 09:46:43 - root._get_json_classname_for_box - DEBUG <-> _get_json_classname_for_box: checking object with keys: ['bbox', 'category_id']
2025-11-14 09:46:43 - root._get_json_classname_for_box - DEBUG <-> _get_json_classname_for_box: checking object with keys: ['bbox', 'category_id']
2025-11-14 09:46:43 - root._get_json_classname_for_box - DEBUG <-> _get_json_classname_for_box: checking object with keys: ['bbox', 'category_id']
2025-11-14 09:46:43 - root._get_json_classname_for_box - DEBUG <-> _get_json_classname_for_box: checking object with keys: ['bbox', 'category_id']
2025-11-14 09:46:43 - root._get_json_classname_for_box - DEBUG <-> _get_json_classname_for_box: checking object with keys: ['bbox', 'category_id']
2025-11-14 09:46:43 - root._get_json_classname_for_box - DEBUG <-> _get_json_classname_for_box: checking object with keys: ['bbox', 'category_id']
2025-11-14 09:46:43 - root._get_json_classname_for_box - DEBUG <-> _get_json_classname_for_box: checking object with keys: ['bbox', 'category_id']
2025-11-14 09:46:43 - root.update_labels_panel - DEBUG <-> Label panel: box idx=16 numeric class_idx=4 -> class_name='no savety vest'
2025-11-14 09:46:43 - root._get_json_classname_for_box - DEBUG <-> _get_json_classname_for_box: checking candidate path: /home/madan/a/labels/converted_json/6f.json
2025-11-14 09:46:43 - root._get_json_classname_for_box - DEBUG <-> _get_json_classname_for_box: found file: /home/madan/a/labels/converted_json/6f.json
2025-11-14 09:46:43 - root._get_json_classname_for_box - DEBUG <-> _get_json_classname_for_box: checking object with keys: ['bbox', 'category_id']
2025-11-14 09:46:43 - root._get_json_classname_for_box - DEBUG <-> _get_json_classname_for_box: checking object with keys: ['bbox', 'category_id']
2025-11-14 09:46:43 - root._get_json_classname_for_box - DEBUG <-> _get_json_classname_for_box: checking object with keys: ['bbox', 'category_id']
2025-11-14 09:46:43 - root._get_json_classname_for_box - DEBUG <-> _get_json_classname_for_box: checking object with keys: ['bbox', 'category_id']
2025-11-14 09:46:43 - root._get_json_classname_for_box - DEBUG <-> _get_json_classname_for_box: checking object with keys: ['bbox', 'category_id']
2025-11-14 09:46:43 - root._get_json_classname_for_box - DEBUG <-> _get_json_classname_for_box: checking object with keys: ['bbox', 'category_id']
2025-11-14 09:46:43 - root._get_json_classname_for_box - DEBUG <-> _get_json_classname_for_box: checking object with keys: ['bbox', 'category_id']
2025-11-14 09:46:43 - root._get_json_classname_for_box - DEBUG <-> _get_json_classname_for_box: checking object with keys: ['bbox', 'category_id']
2025-11-14 09:46:43 - root._get_json_classname_for_box - DEBUG <-> _get_json_classname_for_box: checking object with keys: ['bbox', 'category_id']
2025-11-14 09:46:43 - root._get_json_classname_for_box - DEBUG <-> _get_json_classname_for_box: checking object with keys: ['bbox', 'category_id']
2025-11-14 09:46:43 - root._get_json_classname_for_box - DEBUG <-> _get_json_classname_for_box: checking object with keys: ['bbox', 'category_id']
2025-11-14 09:46:43 - root._get_json_classname_for_box - DEBUG <-> _get_json_classname_for_box: checking object with keys: ['bbox', 'category_id']
2025-11-14 09:46:43 - root._get_json_classname_for_box - DEBUG <-> _get_json_classname_for_box: checking object with keys: ['bbox', 'category_id']
2025-11-14 09:46:43 - root._get_json_classname_for_box - DEBUG <-> _get_json_classname_for_box: checking object with keys: ['bbox', 'category_id']
2025-11-14 09:46:43 - root._get_json_classname_for_box - DEBUG <-> _get_json_classname_for_box: checking object with keys: ['bbox', 'category_id']
2025-11-14 09:46:43 - root._get_json_classname_for_box - DEBUG <-> _get_json_classname_for_box: checking object with keys: ['bbox', 'category_id']
2025-11-14 09:46:43 - root._get_json_classname_for_box - DEBUG <-> _get_json_classname_for_box: checking object with keys: ['bbox', 'category_id']
2025-11-14 09:46:43 - root._get_json_classname_for_box - DEBUG <-> _get_json_classname_for_box: checking object with keys: ['bbox', 'category_id']
2025-11-14 09:46:43 - root.update_labels_panel - DEBUG <-> Label panel: box idx=17 numeric class_idx=2 -> class_name='savety vest'
2025-11-14 09:46:43 - root.update_labels_panel - DEBUG <-> Setting canvas.selected_boxes to {0, 1, 2, 3, 4, 5, 6, 7, 8, 9, 10, 11, 12, 13, 14, 15, 16, 17}
2025-11-14 09:46:44 - root._extract_boxes_from_item - DEBUG <-> JSON object fields: className=None, classId=None, category_id=3, category_name=None
2025-11-14 09:46:44 - root._extract_boxes_from_item - DEBUG <-> Parsed numeric category_id -> 3
2025-11-14 09:46:44 - root._extract_boxes_from_item - DEBUG <-> Appending box: x=0.526442,y=0.604567,w=0.0625,h=0.122596, resolved_class_id=3
2025-11-14 09:46:44 - root._extract_boxes_from_item - DEBUG <-> JSON object fields: className=None, classId=None, category_id=3, category_name=None
2025-11-14 09:46:44 - root._extract_boxes_from_item - DEBUG <-> Parsed numeric category_id -> 3
2025-11-14 09:46:44 - root._extract_boxes_from_item - DEBUG <-> Appending box: x=0.328125,y=0.674279,w=0.074519,h=0.146635, resolved_class_id=3
2025-11-14 09:46:44 - root._extract_boxes_from_item - DEBUG <-> JSON object fields: className=None, classId=None, category_id=4, category_name=None
2025-11-14 09:46:44 - root._extract_boxes_from_item - DEBUG <-> Parsed numeric category_id -> 4
2025-11-14 09:46:44 - root._extract_boxes_from_item - DEBUG <-> Appending box: x=0.341346,y=0.840144,w=0.110577,h=0.242788, resolved_class_id=4
2025-11-14 09:46:44 - root._extract_boxes_from_item - DEBUG <-> JSON object fields: className=None, classId=None, category_id=0, category_name=None
2025-11-14 09:46:44 - root._extract_boxes_from_item - DEBUG <-> Parsed numeric category_id -> 0
2025-11-14 09:46:44 - root._extract_boxes_from_item - DEBUG <-> Appending box: x=0.498798,y=0.769231,w=0.175481,h=0.461538, resolved_class_id=0
2025-11-14 09:46:44 - root._extract_boxes_from_item - DEBUG <-> JSON object fields: className=None, classId=None, category_id=0, category_name=None
2025-11-14 09:46:44 - root._extract_boxes_from_item - DEBUG <-> Parsed numeric category_id -> 0
2025-11-14 09:46:44 - root._extract_boxes_from_item - DEBUG <-> Appending box: x=0.34375,y=0.792067,w=0.153846,h=0.401442, resolved_class_id=0
2025-11-14 09:46:44 - root._extract_boxes_from_item - DEBUG <-> JSON object fields: className=None, classId=None, category_id=2, category_name=None
2025-11-14 09:46:44 - root._extract_boxes_from_item - DEBUG <-> Parsed numeric category_id -> 2
2025-11-14 09:46:44 - root._extract_boxes_from_item - DEBUG <-> Appending box: x=0.53125,y=0.748798,w=0.100962,h=0.185096, resolved_class_id=2
2025-11-14 09:46:44 - root._load_json_boxes - DEBUG <-> Detected normalized per-image JSON bboxes — converting to pixel coords
2025-11-14 09:46:44 - root._get_json_classname_for_box - DEBUG <-> _get_json_classname_for_box: checking candidate path: /home/madan/a/labels/converted_json/37.json
2025-11-14 09:46:44 - root._get_json_classname_for_box - DEBUG <-> _get_json_classname_for_box: found file: /home/madan/a/labels/converted_json/37.json
2025-11-14 09:46:44 - root._get_json_classname_for_box - DEBUG <-> _get_json_classname_for_box: checking object with keys: ['bbox', 'category_id']
2025-11-14 09:46:44 - root._get_json_classname_for_box - DEBUG <-> _get_json_classname_for_box: checking object with keys: ['bbox', 'category_id']
2025-11-14 09:46:44 - root._get_json_classname_for_box - DEBUG <-> _get_json_classname_for_box: checking object with keys: ['bbox', 'category_id']
2025-11-14 09:46:44 - root._get_json_classname_for_box - DEBUG <-> _get_json_classname_for_box: checking object with keys: ['bbox', 'category_id']
2025-11-14 09:46:44 - root._get_json_classname_for_box - DEBUG <-> _get_json_classname_for_box: checking object with keys: ['bbox', 'category_id']
2025-11-14 09:46:44 - root._get_json_classname_for_box - DEBUG <-> _get_json_classname_for_box: checking object with keys: ['bbox', 'category_id']
2025-11-14 09:46:44 - root.update_labels_panel - DEBUG <-> Label panel: box idx=0 numeric class_idx=3 -> class_name='no helmet'
2025-11-14 09:46:44 - root._get_json_classname_for_box - DEBUG <-> _get_json_classname_for_box: checking candidate path: /home/madan/a/labels/converted_json/37.json
2025-11-14 09:46:44 - root._get_json_classname_for_box - DEBUG <-> _get_json_classname_for_box: found file: /home/madan/a/labels/converted_json/37.json
2025-11-14 09:46:44 - root._get_json_classname_for_box - DEBUG <-> _get_json_classname_for_box: checking object with keys: ['bbox', 'category_id']
2025-11-14 09:46:44 - root._get_json_classname_for_box - DEBUG <-> _get_json_classname_for_box: checking object with keys: ['bbox', 'category_id']
2025-11-14 09:46:44 - root._get_json_classname_for_box - DEBUG <-> _get_json_classname_for_box: checking object with keys: ['bbox', 'category_id']
2025-11-14 09:46:44 - root._get_json_classname_for_box - DEBUG <-> _get_json_classname_for_box: checking object with keys: ['bbox', 'category_id']
2025-11-14 09:46:44 - root._get_json_classname_for_box - DEBUG <-> _get_json_classname_for_box: checking object with keys: ['bbox', 'category_id']
2025-11-14 09:46:44 - root._get_json_classname_for_box - DEBUG <-> _get_json_classname_for_box: checking object with keys: ['bbox', 'category_id']
2025-11-14 09:46:44 - root.update_labels_panel - DEBUG <-> Label panel: box idx=1 numeric class_idx=3 -> class_name='no helmet'
2025-11-14 09:46:44 - root._get_json_classname_for_box - DEBUG <-> _get_json_classname_for_box: checking candidate path: /home/madan/a/labels/converted_json/37.json
2025-11-14 09:46:44 - root._get_json_classname_for_box - DEBUG <-> _get_json_classname_for_box: found file: /home/madan/a/labels/converted_json/37.json
2025-11-14 09:46:44 - root._get_json_classname_for_box - DEBUG <-> _get_json_classname_for_box: checking object with keys: ['bbox', 'category_id']
2025-11-14 09:46:44 - root._get_json_classname_for_box - DEBUG <-> _get_json_classname_for_box: checking object with keys: ['bbox', 'category_id']
2025-11-14 09:46:44 - root._get_json_classname_for_box - DEBUG <-> _get_json_classname_for_box: checking object with keys: ['bbox', 'category_id']
2025-11-14 09:46:44 - root._get_json_classname_for_box - DEBUG <-> _get_json_classname_for_box: checking object with keys: ['bbox', 'category_id']
2025-11-14 09:46:44 - root._get_json_classname_for_box - DEBUG <-> _get_json_classname_for_box: checking object with keys: ['bbox', 'category_id']
2025-11-14 09:46:44 - root._get_json_classname_for_box - DEBUG <-> _get_json_classname_for_box: checking object with keys: ['bbox', 'category_id']
2025-11-14 09:46:44 - root.update_labels_panel - DEBUG <-> Label panel: box idx=2 numeric class_idx=4 -> class_name='no savety vest'
2025-11-14 09:46:44 - root._get_json_classname_for_box - DEBUG <-> _get_json_classname_for_box: checking candidate path: /home/madan/a/labels/converted_json/37.json
2025-11-14 09:46:44 - root._get_json_classname_for_box - DEBUG <-> _get_json_classname_for_box: found file: /home/madan/a/labels/converted_json/37.json
2025-11-14 09:46:44 - root._get_json_classname_for_box - DEBUG <-> _get_json_classname_for_box: checking object with keys: ['bbox', 'category_id']
2025-11-14 09:46:44 - root._get_json_classname_for_box - DEBUG <-> _get_json_classname_for_box: checking object with keys: ['bbox', 'category_id']
2025-11-14 09:46:44 - root._get_json_classname_for_box - DEBUG <-> _get_json_classname_for_box: checking object with keys: ['bbox', 'category_id']
2025-11-14 09:46:44 - root._get_json_classname_for_box - DEBUG <-> _get_json_classname_for_box: checking object with keys: ['bbox', 'category_id']
2025-11-14 09:46:44 - root._get_json_classname_for_box - DEBUG <-> _get_json_classname_for_box: checking object with keys: ['bbox', 'category_id']
2025-11-14 09:46:44 - root._get_json_classname_for_box - DEBUG <-> _get_json_classname_for_box: checking object with keys: ['bbox', 'category_id']
2025-11-14 09:46:44 - root.update_labels_panel - DEBUG <-> Label panel: box idx=3 numeric class_idx=0 -> class_name='person'
2025-11-14 09:46:44 - root._get_json_classname_for_box - DEBUG <-> _get_json_classname_for_box: checking candidate path: /home/madan/a/labels/converted_json/37.json
2025-11-14 09:46:44 - root._get_json_classname_for_box - DEBUG <-> _get_json_classname_for_box: found file: /home/madan/a/labels/converted_json/37.json
2025-11-14 09:46:44 - root._get_json_classname_for_box - DEBUG <-> _get_json_classname_for_box: checking object with keys: ['bbox', 'category_id']
2025-11-14 09:46:44 - root._get_json_classname_for_box - DEBUG <-> _get_json_classname_for_box: checking object with keys: ['bbox', 'category_id']
2025-11-14 09:46:44 - root._get_json_classname_for_box - DEBUG <-> _get_json_classname_for_box: checking object with keys: ['bbox', 'category_id']
2025-11-14 09:46:44 - root._get_json_classname_for_box - DEBUG <-> _get_json_classname_for_box: checking object with keys: ['bbox', 'category_id']
2025-11-14 09:46:44 - root._get_json_classname_for_box - DEBUG <-> _get_json_classname_for_box: checking object with keys: ['bbox', 'category_id']
2025-11-14 09:46:44 - root._get_json_classname_for_box - DEBUG <-> _get_json_classname_for_box: checking object with keys: ['bbox', 'category_id']
2025-11-14 09:46:44 - root.update_labels_panel - DEBUG <-> Label panel: box idx=4 numeric class_idx=0 -> class_name='person'
2025-11-14 09:46:44 - root._get_json_classname_for_box - DEBUG <-> _get_json_classname_for_box: checking candidate path: /home/madan/a/labels/converted_json/37.json
2025-11-14 09:46:44 - root._get_json_classname_for_box - DEBUG <-> _get_json_classname_for_box: found file: /home/madan/a/labels/converted_json/37.json
2025-11-14 09:46:44 - root._get_json_classname_for_box - DEBUG <-> _get_json_classname_for_box: checking object with keys: ['bbox', 'category_id']
2025-11-14 09:46:44 - root._get_json_classname_for_box - DEBUG <-> _get_json_classname_for_box: checking object with keys: ['bbox', 'category_id']
2025-11-14 09:46:44 - root._get_json_classname_for_box - DEBUG <-> _get_json_classname_for_box: checking object with keys: ['bbox', 'category_id']
2025-11-14 09:46:44 - root._get_json_classname_for_box - DEBUG <-> _get_json_classname_for_box: checking object with keys: ['bbox', 'category_id']
2025-11-14 09:46:44 - root._get_json_classname_for_box - DEBUG <-> _get_json_classname_for_box: checking object with keys: ['bbox', 'category_id']
2025-11-14 09:46:44 - root._get_json_classname_for_box - DEBUG <-> _get_json_classname_for_box: checking object with keys: ['bbox', 'category_id']
2025-11-14 09:46:44 - root.update_labels_panel - DEBUG <-> Label panel: box idx=5 numeric class_idx=2 -> class_name='savety vest'
2025-11-14 09:46:44 - root.update_labels_panel - DEBUG <-> Setting canvas.selected_boxes to {0, 1, 2, 3, 4, 5}
2025-11-14 09:46:47 - root._extract_boxes_from_item - DEBUG <-> JSON object fields: className=None, classId=None, category_id=1, category_name=None
2025-11-14 09:46:47 - root._extract_boxes_from_item - DEBUG <-> Parsed numeric category_id -> 1
2025-11-14 09:46:47 - root._extract_boxes_from_item - DEBUG <-> Appending box: x=0.084603,y=0.582689,w=0.070185,h=0.084139, resolved_class_id=1
2025-11-14 09:46:47 - root._extract_boxes_from_item - DEBUG <-> JSON object fields: className=None, classId=None, category_id=0, category_name=None
2025-11-14 09:46:47 - root._extract_boxes_from_item - DEBUG <-> Parsed numeric category_id -> 0
2025-11-14 09:46:47 - root._extract_boxes_from_item - DEBUG <-> Appending box: x=0.098749,y=0.673114,w=0.196409,h=0.276596, resolved_class_id=0
2025-11-14 09:46:47 - root._extract_boxes_from_item - DEBUG <-> JSON object fields: className=None, classId=None, category_id=4, category_name=None
2025-11-14 09:46:47 - root._extract_boxes_from_item - DEBUG <-> Parsed numeric category_id -> 4
2025-11-14 09:46:47 - root._extract_boxes_from_item - DEBUG <-> Appending box: x=0.107454,y=0.698259,w=0.169206,h=0.141199, resolved_class_id=4
2025-11-14 09:46:47 - root._load_json_boxes - DEBUG <-> Detected normalized per-image JSON bboxes — converting to pixel coords
2025-11-14 09:46:47 - root._get_json_classname_for_box - DEBUG <-> _get_json_classname_for_box: checking candidate path: /home/madan/a/labels/converted_json/72f.json
2025-11-14 09:46:47 - root._get_json_classname_for_box - DEBUG <-> _get_json_classname_for_box: found file: /home/madan/a/labels/converted_json/72f.json
2025-11-14 09:46:47 - root._get_json_classname_for_box - DEBUG <-> _get_json_classname_for_box: checking object with keys: ['bbox', 'category_id']
2025-11-14 09:46:47 - root._get_json_classname_for_box - DEBUG <-> _get_json_classname_for_box: checking object with keys: ['bbox', 'category_id']
2025-11-14 09:46:47 - root._get_json_classname_for_box - DEBUG <-> _get_json_classname_for_box: checking object with keys: ['bbox', 'category_id']
2025-11-14 09:46:47 - root.update_labels_panel - DEBUG <-> Label panel: box idx=0 numeric class_idx=1 -> class_name='helmet'
2025-11-14 09:46:47 - root._get_json_classname_for_box - DEBUG <-> _get_json_classname_for_box: checking candidate path: /home/madan/a/labels/converted_json/72f.json
2025-11-14 09:46:47 - root._get_json_classname_for_box - DEBUG <-> _get_json_classname_for_box: found file: /home/madan/a/labels/converted_json/72f.json
2025-11-14 09:46:47 - root._get_json_classname_for_box - DEBUG <-> _get_json_classname_for_box: checking object with keys: ['bbox', 'category_id']
2025-11-14 09:46:47 - root._get_json_classname_for_box - DEBUG <-> _get_json_classname_for_box: checking object with keys: ['bbox', 'category_id']
2025-11-14 09:46:47 - root._get_json_classname_for_box - DEBUG <-> _get_json_classname_for_box: checking object with keys: ['bbox', 'category_id']
2025-11-14 09:46:47 - root.update_labels_panel - DEBUG <-> Label panel: box idx=1 numeric class_idx=0 -> class_name='person'
2025-11-14 09:46:47 - root._get_json_classname_for_box - DEBUG <-> _get_json_classname_for_box: checking candidate path: /home/madan/a/labels/converted_json/72f.json
2025-11-14 09:46:47 - root._get_json_classname_for_box - DEBUG <-> _get_json_classname_for_box: found file: /home/madan/a/labels/converted_json/72f.json
2025-11-14 09:46:47 - root._get_json_classname_for_box - DEBUG <-> _get_json_classname_for_box: checking object with keys: ['bbox', 'category_id']
2025-11-14 09:46:47 - root._get_json_classname_for_box - DEBUG <-> _get_json_classname_for_box: checking object with keys: ['bbox', 'category_id']
2025-11-14 09:46:47 - root._get_json_classname_for_box - DEBUG <-> _get_json_classname_for_box: checking object with keys: ['bbox', 'category_id']
2025-11-14 09:46:47 - root.update_labels_panel - DEBUG <-> Label panel: box idx=2 numeric class_idx=4 -> class_name='no savety vest'
2025-11-14 09:46:47 - root.update_labels_panel - DEBUG <-> Setting canvas.selected_boxes to {0, 1, 2}
2025-11-14 09:46:48 - root._extract_boxes_from_item - DEBUG <-> JSON object fields: className=None, classId=None, category_id=1, category_name=None
2025-11-14 09:46:48 - root._extract_boxes_from_item - DEBUG <-> Parsed numeric category_id -> 1
2025-11-14 09:46:48 - root._extract_boxes_from_item - DEBUG <-> Appending box: x=0.494922,y=0.352778,w=0.050781,h=0.061111, resolved_class_id=1
2025-11-14 09:46:48 - root._extract_boxes_from_item - DEBUG <-> JSON object fields: className=None, classId=None, category_id=1, category_name=None
2025-11-14 09:46:48 - root._extract_boxes_from_item - DEBUG <-> Parsed numeric category_id -> 1
2025-11-14 09:46:48 - root._extract_boxes_from_item - DEBUG <-> Appending box: x=0.305859,y=0.256944,w=0.075781,h=0.077778, resolved_class_id=1
2025-11-14 09:46:48 - root._extract_boxes_from_item - DEBUG <-> JSON object fields: className=None, classId=None, category_id=1, category_name=None
2025-11-14 09:46:48 - root._extract_boxes_from_item - DEBUG <-> Parsed numeric category_id -> 1
2025-11-14 09:46:48 - root._extract_boxes_from_item - DEBUG <-> Appending box: x=0.415625,y=0.345139,w=0.05,h=0.054167, resolved_class_id=1
2025-11-14 09:46:48 - root._extract_boxes_from_item - DEBUG <-> JSON object fields: className=None, classId=None, category_id=1, category_name=None
2025-11-14 09:46:48 - root._extract_boxes_from_item - DEBUG <-> Parsed numeric category_id -> 1
2025-11-14 09:46:48 - root._extract_boxes_from_item - DEBUG <-> Appending box: x=0.614062,y=0.343056,w=0.067187,h=0.077778, resolved_class_id=1
2025-11-14 09:46:48 - root._extract_boxes_from_item - DEBUG <-> JSON object fields: className=None, classId=None, category_id=0, category_name=None
2025-11-14 09:46:48 - root._extract_boxes_from_item - DEBUG <-> Parsed numeric category_id -> 0
2025-11-14 09:46:48 - root._extract_boxes_from_item - DEBUG <-> Appending box: x=0.620703,y=0.647222,w=0.105469,h=0.705556, resolved_class_id=0
2025-11-14 09:46:48 - root._extract_boxes_from_item - DEBUG <-> JSON object fields: className=None, classId=None, category_id=0, category_name=None
2025-11-14 09:46:48 - root._extract_boxes_from_item - DEBUG <-> Parsed numeric category_id -> 0
2025-11-14 09:46:48 - root._extract_boxes_from_item - DEBUG <-> Appending box: x=0.504297,y=0.620139,w=0.094531,h=0.606944, resolved_class_id=0
2025-11-14 09:46:48 - root._extract_boxes_from_item - DEBUG <-> JSON object fields: className=None, classId=None, category_id=0, category_name=None
2025-11-14 09:46:48 - root._extract_boxes_from_item - DEBUG <-> Parsed numeric category_id -> 0
2025-11-14 09:46:48 - root._extract_boxes_from_item - DEBUG <-> Appending box: x=0.423828,y=0.597917,w=0.085156,h=0.576389, resolved_class_id=0
2025-11-14 09:46:48 - root._extract_boxes_from_item - DEBUG <-> JSON object fields: className=None, classId=None, category_id=0, category_name=None
2025-11-14 09:46:48 - root._extract_boxes_from_item - DEBUG <-> Parsed numeric category_id -> 0
2025-11-14 09:46:48 - root._extract_boxes_from_item - DEBUG <-> Appending box: x=0.324609,y=0.580556,w=0.147656,h=0.738889, resolved_class_id=0
2025-11-14 09:46:48 - root._extract_boxes_from_item - DEBUG <-> JSON object fields: className=None, classId=None, category_id=4, category_name=None
2025-11-14 09:46:48 - root._extract_boxes_from_item - DEBUG <-> Parsed numeric category_id -> 4
2025-11-14 09:46:48 - root._extract_boxes_from_item - DEBUG <-> Appending box: x=0.621875,y=0.564583,w=0.092188,h=0.281944, resolved_class_id=4
2025-11-14 09:46:48 - root._extract_boxes_from_item - DEBUG <-> JSON object fields: className=None, classId=None, category_id=4, category_name=None
2025-11-14 09:46:48 - root._extract_boxes_from_item - DEBUG <-> Parsed numeric category_id -> 4
2025-11-14 09:46:48 - root._extract_boxes_from_item - DEBUG <-> Appending box: x=0.504687,y=0.539583,w=0.096875,h=0.201389, resolved_class_id=4
2025-11-14 09:46:48 - root._extract_boxes_from_item - DEBUG <-> JSON object fields: className=None, classId=None, category_id=4, category_name=None
2025-11-14 09:46:48 - root._extract_boxes_from_item - DEBUG <-> Parsed numeric category_id -> 4
2025-11-14 09:46:48 - root._extract_boxes_from_item - DEBUG <-> Appending box: x=0.425391,y=0.50625,w=0.072656,h=0.176389, resolved_class_id=4
2025-11-14 09:46:48 - root._extract_boxes_from_item - DEBUG <-> JSON object fields: className=None, classId=None, category_id=2, category_name=None
2025-11-14 09:46:48 - root._extract_boxes_from_item - DEBUG <-> Parsed numeric category_id -> 2
2025-11-14 09:46:48 - root._extract_boxes_from_item - DEBUG <-> Appending box: x=0.305859,y=0.503472,w=0.113281,h=0.281944, resolved_class_id=2
2025-11-14 09:46:48 - root._load_json_boxes - DEBUG <-> Detected normalized per-image JSON bboxes — converting to pixel coords
2025-11-14 09:46:48 - root._get_json_classname_for_box - DEBUG <-> _get_json_classname_for_box: checking candidate path: /home/madan/a/labels/converted_json/84f.json
2025-11-14 09:46:48 - root._get_json_classname_for_box - DEBUG <-> _get_json_classname_for_box: found file: /home/madan/a/labels/converted_json/84f.json
2025-11-14 09:46:48 - root._get_json_classname_for_box - DEBUG <-> _get_json_classname_for_box: checking object with keys: ['bbox', 'category_id']
2025-11-14 09:46:48 - root._get_json_classname_for_box - DEBUG <-> _get_json_classname_for_box: checking object with keys: ['bbox', 'category_id']
2025-11-14 09:46:48 - root._get_json_classname_for_box - DEBUG <-> _get_json_classname_for_box: checking object with keys: ['bbox', 'category_id']
2025-11-14 09:46:48 - root._get_json_classname_for_box - DEBUG <-> _get_json_classname_for_box: checking object with keys: ['bbox', 'category_id']
2025-11-14 09:46:48 - root._get_json_classname_for_box - DEBUG <-> _get_json_classname_for_box: checking object with keys: ['bbox', 'category_id']
2025-11-14 09:46:48 - root._get_json_classname_for_box - DEBUG <-> _get_json_classname_for_box: checking object with keys: ['bbox', 'category_id']
2025-11-14 09:46:48 - root._get_json_classname_for_box - DEBUG <-> _get_json_classname_for_box: checking object with keys: ['bbox', 'category_id']
2025-11-14 09:46:48 - root._get_json_classname_for_box - DEBUG <-> _get_json_classname_for_box: checking object with keys: ['bbox', 'category_id']
2025-11-14 09:46:48 - root._get_json_classname_for_box - DEBUG <-> _get_json_classname_for_box: checking object with keys: ['bbox', 'category_id']
2025-11-14 09:46:48 - root._get_json_classname_for_box - DEBUG <-> _get_json_classname_for_box: checking object with keys: ['bbox', 'category_id']
2025-11-14 09:46:48 - root._get_json_classname_for_box - DEBUG <-> _get_json_classname_for_box: checking object with keys: ['bbox', 'category_id']
2025-11-14 09:46:48 - root._get_json_classname_for_box - DEBUG <-> _get_json_classname_for_box: checking object with keys: ['bbox', 'category_id']
2025-11-14 09:46:48 - root.update_labels_panel - DEBUG <-> Label panel: box idx=0 numeric class_idx=1 -> class_name='helmet'
2025-11-14 09:46:48 - root._get_json_classname_for_box - DEBUG <-> _get_json_classname_for_box: checking candidate path: /home/madan/a/labels/converted_json/84f.json
2025-11-14 09:46:48 - root._get_json_classname_for_box - DEBUG <-> _get_json_classname_for_box: found file: /home/madan/a/labels/converted_json/84f.json
2025-11-14 09:46:48 - root._get_json_classname_for_box - DEBUG <-> _get_json_classname_for_box: checking object with keys: ['bbox', 'category_id']
2025-11-14 09:46:48 - root._get_json_classname_for_box - DEBUG <-> _get_json_classname_for_box: checking object with keys: ['bbox', 'category_id']
2025-11-14 09:46:48 - root._get_json_classname_for_box - DEBUG <-> _get_json_classname_for_box: checking object with keys: ['bbox', 'category_id']
2025-11-14 09:46:48 - root._get_json_classname_for_box - DEBUG <-> _get_json_classname_for_box: checking object with keys: ['bbox', 'category_id']
2025-11-14 09:46:48 - root._get_json_classname_for_box - DEBUG <-> _get_json_classname_for_box: checking object with keys: ['bbox', 'category_id']
2025-11-14 09:46:48 - root._get_json_classname_for_box - DEBUG <-> _get_json_classname_for_box: checking object with keys: ['bbox', 'category_id']
2025-11-14 09:46:48 - root._get_json_classname_for_box - DEBUG <-> _get_json_classname_for_box: checking object with keys: ['bbox', 'category_id']
2025-11-14 09:46:48 - root._get_json_classname_for_box - DEBUG <-> _get_json_classname_for_box: checking object with keys: ['bbox', 'category_id']
2025-11-14 09:46:48 - root._get_json_classname_for_box - DEBUG <-> _get_json_classname_for_box: checking object with keys: ['bbox', 'category_id']
2025-11-14 09:46:48 - root._get_json_classname_for_box - DEBUG <-> _get_json_classname_for_box: checking object with keys: ['bbox', 'category_id']
2025-11-14 09:46:48 - root._get_json_classname_for_box - DEBUG <-> _get_json_classname_for_box: checking object with keys: ['bbox', 'category_id']
2025-11-14 09:46:48 - root._get_json_classname_for_box - DEBUG <-> _get_json_classname_for_box: checking object with keys: ['bbox', 'category_id']
2025-11-14 09:46:48 - root.update_labels_panel - DEBUG <-> Label panel: box idx=1 numeric class_idx=1 -> class_name='helmet'
2025-11-14 09:46:48 - root._get_json_classname_for_box - DEBUG <-> _get_json_classname_for_box: checking candidate path: /home/madan/a/labels/converted_json/84f.json
2025-11-14 09:46:48 - root._get_json_classname_for_box - DEBUG <-> _get_json_classname_for_box: found file: /home/madan/a/labels/converted_json/84f.json
2025-11-14 09:46:48 - root._get_json_classname_for_box - DEBUG <-> _get_json_classname_for_box: checking object with keys: ['bbox', 'category_id']
2025-11-14 09:46:48 - root._get_json_classname_for_box - DEBUG <-> _get_json_classname_for_box: checking object with keys: ['bbox', 'category_id']
2025-11-14 09:46:48 - root._get_json_classname_for_box - DEBUG <-> _get_json_classname_for_box: checking object with keys: ['bbox', 'category_id']
2025-11-14 09:46:48 - root._get_json_classname_for_box - DEBUG <-> _get_json_classname_for_box: checking object with keys: ['bbox', 'category_id']
2025-11-14 09:46:48 - root._get_json_classname_for_box - DEBUG <-> _get_json_classname_for_box: checking object with keys: ['bbox', 'category_id']
2025-11-14 09:46:48 - root._get_json_classname_for_box - DEBUG <-> _get_json_classname_for_box: checking object with keys: ['bbox', 'category_id']
2025-11-14 09:46:48 - root._get_json_classname_for_box - DEBUG <-> _get_json_classname_for_box: checking object with keys: ['bbox', 'category_id']
2025-11-14 09:46:48 - root._get_json_classname_for_box - DEBUG <-> _get_json_classname_for_box: checking object with keys: ['bbox', 'category_id']
2025-11-14 09:46:48 - root._get_json_classname_for_box - DEBUG <-> _get_json_classname_for_box: checking object with keys: ['bbox', 'category_id']
2025-11-14 09:46:48 - root._get_json_classname_for_box - DEBUG <-> _get_json_classname_for_box: checking object with keys: ['bbox', 'category_id']
2025-11-14 09:46:48 - root._get_json_classname_for_box - DEBUG <-> _get_json_classname_for_box: checking object with keys: ['bbox', 'category_id']
2025-11-14 09:46:48 - root._get_json_classname_for_box - DEBUG <-> _get_json_classname_for_box: checking object with keys: ['bbox', 'category_id']
2025-11-14 09:46:48 - root.update_labels_panel - DEBUG <-> Label panel: box idx=2 numeric class_idx=1 -> class_name='helmet'
2025-11-14 09:46:48 - root._get_json_classname_for_box - DEBUG <-> _get_json_classname_for_box: checking candidate path: /home/madan/a/labels/converted_json/84f.json
2025-11-14 09:46:48 - root._get_json_classname_for_box - DEBUG <-> _get_json_classname_for_box: found file: /home/madan/a/labels/converted_json/84f.json
2025-11-14 09:46:48 - root._get_json_classname_for_box - DEBUG <-> _get_json_classname_for_box: checking object with keys: ['bbox', 'category_id']
2025-11-14 09:46:48 - root._get_json_classname_for_box - DEBUG <-> _get_json_classname_for_box: checking object with keys: ['bbox', 'category_id']
2025-11-14 09:46:48 - root._get_json_classname_for_box - DEBUG <-> _get_json_classname_for_box: checking object with keys: ['bbox', 'category_id']
2025-11-14 09:46:48 - root._get_json_classname_for_box - DEBUG <-> _get_json_classname_for_box: checking object with keys: ['bbox', 'category_id']
2025-11-14 09:46:48 - root._get_json_classname_for_box - DEBUG <-> _get_json_classname_for_box: checking object with keys: ['bbox', 'category_id']
2025-11-14 09:46:48 - root._get_json_classname_for_box - DEBUG <-> _get_json_classname_for_box: checking object with keys: ['bbox', 'category_id']
2025-11-14 09:46:48 - root._get_json_classname_for_box - DEBUG <-> _get_json_classname_for_box: checking object with keys: ['bbox', 'category_id']
2025-11-14 09:46:48 - root._get_json_classname_for_box - DEBUG <-> _get_json_classname_for_box: checking object with keys: ['bbox', 'category_id']
2025-11-14 09:46:48 - root._get_json_classname_for_box - DEBUG <-> _get_json_classname_for_box: checking object with keys: ['bbox', 'category_id']
2025-11-14 09:46:48 - root._get_json_classname_for_box - DEBUG <-> _get_json_classname_for_box: checking object with keys: ['bbox', 'category_id']
2025-11-14 09:46:48 - root._get_json_classname_for_box - DEBUG <-> _get_json_classname_for_box: checking object with keys: ['bbox', 'category_id']
2025-11-14 09:46:48 - root._get_json_classname_for_box - DEBUG <-> _get_json_classname_for_box: checking object with keys: ['bbox', 'category_id']
2025-11-14 09:46:48 - root.update_labels_panel - DEBUG <-> Label panel: box idx=3 numeric class_idx=1 -> class_name='helmet'
2025-11-14 09:46:48 - root._get_json_classname_for_box - DEBUG <-> _get_json_classname_for_box: checking candidate path: /home/madan/a/labels/converted_json/84f.json
2025-11-14 09:46:48 - root._get_json_classname_for_box - DEBUG <-> _get_json_classname_for_box: found file: /home/madan/a/labels/converted_json/84f.json
2025-11-14 09:46:48 - root._get_json_classname_for_box - DEBUG <-> _get_json_classname_for_box: checking object with keys: ['bbox', 'category_id']
2025-11-14 09:46:48 - root._get_json_classname_for_box - DEBUG <-> _get_json_classname_for_box: checking object with keys: ['bbox', 'category_id']
2025-11-14 09:46:48 - root._get_json_classname_for_box - DEBUG <-> _get_json_classname_for_box: checking object with keys: ['bbox', 'category_id']
2025-11-14 09:46:48 - root._get_json_classname_for_box - DEBUG <-> _get_json_classname_for_box: checking object with keys: ['bbox', 'category_id']
2025-11-14 09:46:48 - root._get_json_classname_for_box - DEBUG <-> _get_json_classname_for_box: checking object with keys: ['bbox', 'category_id']
2025-11-14 09:46:48 - root._get_json_classname_for_box - DEBUG <-> _get_json_classname_for_box: checking object with keys: ['bbox', 'category_id']
2025-11-14 09:46:48 - root._get_json_classname_for_box - DEBUG <-> _get_json_classname_for_box: checking object with keys: ['bbox', 'category_id']
2025-11-14 09:46:48 - root._get_json_classname_for_box - DEBUG <-> _get_json_classname_for_box: checking object with keys: ['bbox', 'category_id']
2025-11-14 09:46:48 - root._get_json_classname_for_box - DEBUG <-> _get_json_classname_for_box: checking object with keys: ['bbox', 'category_id']
2025-11-14 09:46:48 - root._get_json_classname_for_box - DEBUG <-> _get_json_classname_for_box: checking object with keys: ['bbox', 'category_id']
2025-11-14 09:46:48 - root._get_json_classname_for_box - DEBUG <-> _get_json_classname_for_box: checking object with keys: ['bbox', 'category_id']
2025-11-14 09:46:48 - root._get_json_classname_for_box - DEBUG <-> _get_json_classname_for_box: checking object with keys: ['bbox', 'category_id']
2025-11-14 09:46:48 - root.update_labels_panel - DEBUG <-> Label panel: box idx=4 numeric class_idx=0 -> class_name='person'
2025-11-14 09:46:48 - root._get_json_classname_for_box - DEBUG <-> _get_json_classname_for_box: checking candidate path: /home/madan/a/labels/converted_json/84f.json
2025-11-14 09:46:48 - root._get_json_classname_for_box - DEBUG <-> _get_json_classname_for_box: found file: /home/madan/a/labels/converted_json/84f.json
2025-11-14 09:46:48 - root._get_json_classname_for_box - DEBUG <-> _get_json_classname_for_box: checking object with keys: ['bbox', 'category_id']
2025-11-14 09:46:48 - root._get_json_classname_for_box - DEBUG <-> _get_json_classname_for_box: checking object with keys: ['bbox', 'category_id']
2025-11-14 09:46:48 - root._get_json_classname_for_box - DEBUG <-> _get_json_classname_for_box: checking object with keys: ['bbox', 'category_id']
2025-11-14 09:46:48 - root._get_json_classname_for_box - DEBUG <-> _get_json_classname_for_box: checking object with keys: ['bbox', 'category_id']
2025-11-14 09:46:48 - root._get_json_classname_for_box - DEBUG <-> _get_json_classname_for_box: checking object with keys: ['bbox', 'category_id']
2025-11-14 09:46:48 - root._get_json_classname_for_box - DEBUG <-> _get_json_classname_for_box: checking object with keys: ['bbox', 'category_id']
2025-11-14 09:46:48 - root._get_json_classname_for_box - DEBUG <-> _get_json_classname_for_box: checking object with keys: ['bbox', 'category_id']
2025-11-14 09:46:48 - root._get_json_classname_for_box - DEBUG <-> _get_json_classname_for_box: checking object with keys: ['bbox', 'category_id']
2025-11-14 09:46:48 - root._get_json_classname_for_box - DEBUG <-> _get_json_classname_for_box: checking object with keys: ['bbox', 'category_id']
2025-11-14 09:46:48 - root._get_json_classname_for_box - DEBUG <-> _get_json_classname_for_box: checking object with keys: ['bbox', 'category_id']
2025-11-14 09:46:48 - root._get_json_classname_for_box - DEBUG <-> _get_json_classname_for_box: checking object with keys: ['bbox', 'category_id']
2025-11-14 09:46:48 - root._get_json_classname_for_box - DEBUG <-> _get_json_classname_for_box: checking object with keys: ['bbox', 'category_id']
2025-11-14 09:46:48 - root.update_labels_panel - DEBUG <-> Label panel: box idx=5 numeric class_idx=0 -> class_name='person'
2025-11-14 09:46:48 - root._get_json_classname_for_box - DEBUG <-> _get_json_classname_for_box: checking candidate path: /home/madan/a/labels/converted_json/84f.json
2025-11-14 09:46:48 - root._get_json_classname_for_box - DEBUG <-> _get_json_classname_for_box: found file: /home/madan/a/labels/converted_json/84f.json
2025-11-14 09:46:48 - root._get_json_classname_for_box - DEBUG <-> _get_json_classname_for_box: checking object with keys: ['bbox', 'category_id']
2025-11-14 09:46:48 - root._get_json_classname_for_box - DEBUG <-> _get_json_classname_for_box: checking object with keys: ['bbox', 'category_id']
2025-11-14 09:46:48 - root._get_json_classname_for_box - DEBUG <-> _get_json_classname_for_box: checking object with keys: ['bbox', 'category_id']
2025-11-14 09:46:48 - root._get_json_classname_for_box - DEBUG <-> _get_json_classname_for_box: checking object with keys: ['bbox', 'category_id']
2025-11-14 09:46:48 - root._get_json_classname_for_box - DEBUG <-> _get_json_classname_for_box: checking object with keys: ['bbox', 'category_id']
2025-11-14 09:46:48 - root._get_json_classname_for_box - DEBUG <-> _get_json_classname_for_box: checking object with keys: ['bbox', 'category_id']
2025-11-14 09:46:48 - root._get_json_classname_for_box - DEBUG <-> _get_json_classname_for_box: checking object with keys: ['bbox', 'category_id']
2025-11-14 09:46:48 - root._get_json_classname_for_box - DEBUG <-> _get_json_classname_for_box: checking object with keys: ['bbox', 'category_id']
2025-11-14 09:46:48 - root._get_json_classname_for_box - DEBUG <-> _get_json_classname_for_box: checking object with keys: ['bbox', 'category_id']
2025-11-14 09:46:48 - root._get_json_classname_for_box - DEBUG <-> _get_json_classname_for_box: checking object with keys: ['bbox', 'category_id']
2025-11-14 09:46:48 - root._get_json_classname_for_box - DEBUG <-> _get_json_classname_for_box: checking object with keys: ['bbox', 'category_id']
2025-11-14 09:46:48 - root._get_json_classname_for_box - DEBUG <-> _get_json_classname_for_box: checking object with keys: ['bbox', 'category_id']
2025-11-14 09:46:48 - root.update_labels_panel - DEBUG <-> Label panel: box idx=6 numeric class_idx=0 -> class_name='person'
2025-11-14 09:46:48 - root._get_json_classname_for_box - DEBUG <-> _get_json_classname_for_box: checking candidate path: /home/madan/a/labels/converted_json/84f.json
2025-11-14 09:46:48 - root._get_json_classname_for_box - DEBUG <-> _get_json_classname_for_box: found file: /home/madan/a/labels/converted_json/84f.json
2025-11-14 09:46:48 - root._get_json_classname_for_box - DEBUG <-> _get_json_classname_for_box: checking object with keys: ['bbox', 'category_id']
2025-11-14 09:46:48 - root._get_json_classname_for_box - DEBUG <-> _get_json_classname_for_box: checking object with keys: ['bbox', 'category_id']
2025-11-14 09:46:48 - root._get_json_classname_for_box - DEBUG <-> _get_json_classname_for_box: checking object with keys: ['bbox', 'category_id']
2025-11-14 09:46:48 - root._get_json_classname_for_box - DEBUG <-> _get_json_classname_for_box: checking object with keys: ['bbox', 'category_id']
2025-11-14 09:46:48 - root._get_json_classname_for_box - DEBUG <-> _get_json_classname_for_box: checking object with keys: ['bbox', 'category_id']
2025-11-14 09:46:48 - root._get_json_classname_for_box - DEBUG <-> _get_json_classname_for_box: checking object with keys: ['bbox', 'category_id']
2025-11-14 09:46:48 - root._get_json_classname_for_box - DEBUG <-> _get_json_classname_for_box: checking object with keys: ['bbox', 'category_id']
2025-11-14 09:46:48 - root._get_json_classname_for_box - DEBUG <-> _get_json_classname_for_box: checking object with keys: ['bbox', 'category_id']
2025-11-14 09:46:48 - root._get_json_classname_for_box - DEBUG <-> _get_json_classname_for_box: checking object with keys: ['bbox', 'category_id']
2025-11-14 09:46:48 - root._get_json_classname_for_box - DEBUG <-> _get_json_classname_for_box: checking object with keys: ['bbox', 'category_id']
2025-11-14 09:46:48 - root._get_json_classname_for_box - DEBUG <-> _get_json_classname_for_box: checking object with keys: ['bbox', 'category_id']
2025-11-14 09:46:48 - root._get_json_classname_for_box - DEBUG <-> _get_json_classname_for_box: checking object with keys: ['bbox', 'category_id']
2025-11-14 09:46:48 - root.update_labels_panel - DEBUG <-> Label panel: box idx=7 numeric class_idx=0 -> class_name='person'
2025-11-14 09:46:48 - root._get_json_classname_for_box - DEBUG <-> _get_json_classname_for_box: checking candidate path: /home/madan/a/labels/converted_json/84f.json
2025-11-14 09:46:48 - root._get_json_classname_for_box - DEBUG <-> _get_json_classname_for_box: found file: /home/madan/a/labels/converted_json/84f.json
2025-11-14 09:46:48 - root._get_json_classname_for_box - DEBUG <-> _get_json_classname_for_box: checking object with keys: ['bbox', 'category_id']
2025-11-14 09:46:48 - root._get_json_classname_for_box - DEBUG <-> _get_json_classname_for_box: checking object with keys: ['bbox', 'category_id']
2025-11-14 09:46:48 - root._get_json_classname_for_box - DEBUG <-> _get_json_classname_for_box: checking object with keys: ['bbox', 'category_id']
2025-11-14 09:46:48 - root._get_json_classname_for_box - DEBUG <-> _get_json_classname_for_box: checking object with keys: ['bbox', 'category_id']
2025-11-14 09:46:48 - root._get_json_classname_for_box - DEBUG <-> _get_json_classname_for_box: checking object with keys: ['bbox', 'category_id']
2025-11-14 09:46:48 - root._get_json_classname_for_box - DEBUG <-> _get_json_classname_for_box: checking object with keys: ['bbox', 'category_id']
2025-11-14 09:46:48 - root._get_json_classname_for_box - DEBUG <-> _get_json_classname_for_box: checking object with keys: ['bbox', 'category_id']
2025-11-14 09:46:48 - root._get_json_classname_for_box - DEBUG <-> _get_json_classname_for_box: checking object with keys: ['bbox', 'category_id']
2025-11-14 09:46:48 - root._get_json_classname_for_box - DEBUG <-> _get_json_classname_for_box: checking object with keys: ['bbox', 'category_id']
2025-11-14 09:46:48 - root._get_json_classname_for_box - DEBUG <-> _get_json_classname_for_box: checking object with keys: ['bbox', 'category_id']
2025-11-14 09:46:48 - root._get_json_classname_for_box - DEBUG <-> _get_json_classname_for_box: checking object with keys: ['bbox', 'category_id']
2025-11-14 09:46:48 - root._get_json_classname_for_box - DEBUG <-> _get_json_classname_for_box: checking object with keys: ['bbox', 'category_id']
2025-11-14 09:46:48 - root.update_labels_panel - DEBUG <-> Label panel: box idx=8 numeric class_idx=4 -> class_name='no savety vest'
2025-11-14 09:46:48 - root._get_json_classname_for_box - DEBUG <-> _get_json_classname_for_box: checking candidate path: /home/madan/a/labels/converted_json/84f.json
2025-11-14 09:46:48 - root._get_json_classname_for_box - DEBUG <-> _get_json_classname_for_box: found file: /home/madan/a/labels/converted_json/84f.json
2025-11-14 09:46:48 - root._get_json_classname_for_box - DEBUG <-> _get_json_classname_for_box: checking object with keys: ['bbox', 'category_id']
2025-11-14 09:46:48 - root._get_json_classname_for_box - DEBUG <-> _get_json_classname_for_box: checking object with keys: ['bbox', 'category_id']
2025-11-14 09:46:48 - root._get_json_classname_for_box - DEBUG <-> _get_json_classname_for_box: checking object with keys: ['bbox', 'category_id']
2025-11-14 09:46:48 - root._get_json_classname_for_box - DEBUG <-> _get_json_classname_for_box: checking object with keys: ['bbox', 'category_id']
2025-11-14 09:46:48 - root._get_json_classname_for_box - DEBUG <-> _get_json_classname_for_box: checking object with keys: ['bbox', 'category_id']
2025-11-14 09:46:48 - root._get_json_classname_for_box - DEBUG <-> _get_json_classname_for_box: checking object with keys: ['bbox', 'category_id']
2025-11-14 09:46:48 - root._get_json_classname_for_box - DEBUG <-> _get_json_classname_for_box: checking object with keys: ['bbox', 'category_id']
2025-11-14 09:46:48 - root._get_json_classname_for_box - DEBUG <-> _get_json_classname_for_box: checking object with keys: ['bbox', 'category_id']
2025-11-14 09:46:48 - root._get_json_classname_for_box - DEBUG <-> _get_json_classname_for_box: checking object with keys: ['bbox', 'category_id']
2025-11-14 09:46:48 - root._get_json_classname_for_box - DEBUG <-> _get_json_classname_for_box: checking object with keys: ['bbox', 'category_id']
2025-11-14 09:46:48 - root._get_json_classname_for_box - DEBUG <-> _get_json_classname_for_box: checking object with keys: ['bbox', 'category_id']
2025-11-14 09:46:48 - root._get_json_classname_for_box - DEBUG <-> _get_json_classname_for_box: checking object with keys: ['bbox', 'category_id']
2025-11-14 09:46:48 - root.update_labels_panel - DEBUG <-> Label panel: box idx=9 numeric class_idx=4 -> class_name='no savety vest'
2025-11-14 09:46:48 - root._get_json_classname_for_box - DEBUG <-> _get_json_classname_for_box: checking candidate path: /home/madan/a/labels/converted_json/84f.json
2025-11-14 09:46:48 - root._get_json_classname_for_box - DEBUG <-> _get_json_classname_for_box: found file: /home/madan/a/labels/converted_json/84f.json
2025-11-14 09:46:48 - root._get_json_classname_for_box - DEBUG <-> _get_json_classname_for_box: checking object with keys: ['bbox', 'category_id']
2025-11-14 09:46:48 - root._get_json_classname_for_box - DEBUG <-> _get_json_classname_for_box: checking object with keys: ['bbox', 'category_id']
2025-11-14 09:46:48 - root._get_json_classname_for_box - DEBUG <-> _get_json_classname_for_box: checking object with keys: ['bbox', 'category_id']
2025-11-14 09:46:48 - root._get_json_classname_for_box - DEBUG <-> _get_json_classname_for_box: checking object with keys: ['bbox', 'category_id']
2025-11-14 09:46:48 - root._get_json_classname_for_box - DEBUG <-> _get_json_classname_for_box: checking object with keys: ['bbox', 'category_id']
2025-11-14 09:46:48 - root._get_json_classname_for_box - DEBUG <-> _get_json_classname_for_box: checking object with keys: ['bbox', 'category_id']
2025-11-14 09:46:48 - root._get_json_classname_for_box - DEBUG <-> _get_json_classname_for_box: checking object with keys: ['bbox', 'category_id']
2025-11-14 09:46:48 - root._get_json_classname_for_box - DEBUG <-> _get_json_classname_for_box: checking object with keys: ['bbox', 'category_id']
2025-11-14 09:46:48 - root._get_json_classname_for_box - DEBUG <-> _get_json_classname_for_box: checking object with keys: ['bbox', 'category_id']
2025-11-14 09:46:48 - root._get_json_classname_for_box - DEBUG <-> _get_json_classname_for_box: checking object with keys: ['bbox', 'category_id']
2025-11-14 09:46:48 - root._get_json_classname_for_box - DEBUG <-> _get_json_classname_for_box: checking object with keys: ['bbox', 'category_id']
2025-11-14 09:46:48 - root._get_json_classname_for_box - DEBUG <-> _get_json_classname_for_box: checking object with keys: ['bbox', 'category_id']
2025-11-14 09:46:48 - root.update_labels_panel - DEBUG <-> Label panel: box idx=10 numeric class_idx=4 -> class_name='no savety vest'
2025-11-14 09:46:48 - root._get_json_classname_for_box - DEBUG <-> _get_json_classname_for_box: checking candidate path: /home/madan/a/labels/converted_json/84f.json
2025-11-14 09:46:48 - root._get_json_classname_for_box - DEBUG <-> _get_json_classname_for_box: found file: /home/madan/a/labels/converted_json/84f.json
2025-11-14 09:46:48 - root._get_json_classname_for_box - DEBUG <-> _get_json_classname_for_box: checking object with keys: ['bbox', 'category_id']
2025-11-14 09:46:48 - root._get_json_classname_for_box - DEBUG <-> _get_json_classname_for_box: checking object with keys: ['bbox', 'category_id']
2025-11-14 09:46:48 - root._get_json_classname_for_box - DEBUG <-> _get_json_classname_for_box: checking object with keys: ['bbox', 'category_id']
2025-11-14 09:46:48 - root._get_json_classname_for_box - DEBUG <-> _get_json_classname_for_box: checking object with keys: ['bbox', 'category_id']
2025-11-14 09:46:48 - root._get_json_classname_for_box - DEBUG <-> _get_json_classname_for_box: checking object with keys: ['bbox', 'category_id']
2025-11-14 09:46:48 - root._get_json_classname_for_box - DEBUG <-> _get_json_classname_for_box: checking object with keys: ['bbox', 'category_id']
2025-11-14 09:46:48 - root._get_json_classname_for_box - DEBUG <-> _get_json_classname_for_box: checking object with keys: ['bbox', 'category_id']
2025-11-14 09:46:48 - root._get_json_classname_for_box - DEBUG <-> _get_json_classname_for_box: checking object with keys: ['bbox', 'category_id']
2025-11-14 09:46:48 - root._get_json_classname_for_box - DEBUG <-> _get_json_classname_for_box: checking object with keys: ['bbox', 'category_id']
2025-11-14 09:46:48 - root._get_json_classname_for_box - DEBUG <-> _get_json_classname_for_box: checking object with keys: ['bbox', 'category_id']
2025-11-14 09:46:48 - root._get_json_classname_for_box - DEBUG <-> _get_json_classname_for_box: checking object with keys: ['bbox', 'category_id']
2025-11-14 09:46:48 - root._get_json_classname_for_box - DEBUG <-> _get_json_classname_for_box: checking object with keys: ['bbox', 'category_id']
2025-11-14 09:46:48 - root.update_labels_panel - DEBUG <-> Label panel: box idx=11 numeric class_idx=2 -> class_name='savety vest'
2025-11-14 09:46:48 - root.update_labels_panel - DEBUG <-> Setting canvas.selected_boxes to {0, 1, 2, 3, 4, 5, 6, 7, 8, 9, 10, 11}
2025-11-14 09:46:48 - root._extract_boxes_from_item - DEBUG <-> JSON object fields: className=None, classId=None, category_id=0, category_name=None
2025-11-14 09:46:48 - root._extract_boxes_from_item - DEBUG <-> Parsed numeric category_id -> 0
2025-11-14 09:46:48 - root._extract_boxes_from_item - DEBUG <-> Appending box: x=0.51695,y=0.489437,w=0.214689,h=0.992958, resolved_class_id=0
2025-11-14 09:46:48 - root._extract_boxes_from_item - DEBUG <-> JSON object fields: className=None, classId=None, category_id=4, category_name=None
2025-11-14 09:46:48 - root._extract_boxes_from_item - DEBUG <-> Parsed numeric category_id -> 4
2025-11-14 09:46:48 - root._extract_boxes_from_item - DEBUG <-> Appending box: x=0.526836,y=0.566902,w=0.155367,h=0.640846, resolved_class_id=4
2025-11-14 09:46:48 - root._extract_boxes_from_item - DEBUG <-> JSON object fields: className=None, classId=None, category_id=1, category_name=None
2025-11-14 09:46:48 - root._extract_boxes_from_item - DEBUG <-> Parsed numeric category_id -> 1
2025-11-14 09:46:48 - root._extract_boxes_from_item - DEBUG <-> Appending box: x=0.501412,y=0.066901,w=0.09887,h=0.133803, resolved_class_id=1
2025-11-14 09:46:48 - root._load_json_boxes - DEBUG <-> Detected normalized per-image JSON bboxes — converting to pixel coords
2025-11-14 09:46:48 - root._get_json_classname_for_box - DEBUG <-> _get_json_classname_for_box: checking candidate path: /home/madan/a/labels/converted_json/148f.json
2025-11-14 09:46:48 - root._get_json_classname_for_box - DEBUG <-> _get_json_classname_for_box: found file: /home/madan/a/labels/converted_json/148f.json
2025-11-14 09:46:48 - root._get_json_classname_for_box - DEBUG <-> _get_json_classname_for_box: checking object with keys: ['bbox', 'category_id']
2025-11-14 09:46:48 - root._get_json_classname_for_box - DEBUG <-> _get_json_classname_for_box: checking object with keys: ['bbox', 'category_id']
2025-11-14 09:46:48 - root._get_json_classname_for_box - DEBUG <-> _get_json_classname_for_box: checking object with keys: ['bbox', 'category_id']
2025-11-14 09:46:48 - root.update_labels_panel - DEBUG <-> Label panel: box idx=0 numeric class_idx=0 -> class_name='person'
2025-11-14 09:46:48 - root._get_json_classname_for_box - DEBUG <-> _get_json_classname_for_box: checking candidate path: /home/madan/a/labels/converted_json/148f.json
2025-11-14 09:46:48 - root._get_json_classname_for_box - DEBUG <-> _get_json_classname_for_box: found file: /home/madan/a/labels/converted_json/148f.json
2025-11-14 09:46:48 - root._get_json_classname_for_box - DEBUG <-> _get_json_classname_for_box: checking object with keys: ['bbox', 'category_id']
2025-11-14 09:46:48 - root._get_json_classname_for_box - DEBUG <-> _get_json_classname_for_box: checking object with keys: ['bbox', 'category_id']
2025-11-14 09:46:48 - root._get_json_classname_for_box - DEBUG <-> _get_json_classname_for_box: checking object with keys: ['bbox', 'category_id']
2025-11-14 09:46:48 - root.update_labels_panel - DEBUG <-> Label panel: box idx=1 numeric class_idx=4 -> class_name='no savety vest'
2025-11-14 09:46:48 - root._get_json_classname_for_box - DEBUG <-> _get_json_classname_for_box: checking candidate path: /home/madan/a/labels/converted_json/148f.json
2025-11-14 09:46:48 - root._get_json_classname_for_box - DEBUG <-> _get_json_classname_for_box: found file: /home/madan/a/labels/converted_json/148f.json
2025-11-14 09:46:48 - root._get_json_classname_for_box - DEBUG <-> _get_json_classname_for_box: checking object with keys: ['bbox', 'category_id']
2025-11-14 09:46:48 - root._get_json_classname_for_box - DEBUG <-> _get_json_classname_for_box: checking object with keys: ['bbox', 'category_id']
2025-11-14 09:46:48 - root._get_json_classname_for_box - DEBUG <-> _get_json_classname_for_box: checking object with keys: ['bbox', 'category_id']
2025-11-14 09:46:48 - root.update_labels_panel - DEBUG <-> Label panel: box idx=2 numeric class_idx=1 -> class_name='helmet'
2025-11-14 09:46:48 - root.update_labels_panel - DEBUG <-> Setting canvas.selected_boxes to {0, 1, 2}
2025-11-14 09:47:05 - root.update_labels_panel - DEBUG <-> Label panel: box idx=0 numeric class_idx=1 -> class_name='helmet'
2025-11-14 09:47:05 - root.update_labels_panel - DEBUG <-> Label panel: box idx=1 numeric class_idx=1 -> class_name='helmet'
2025-11-14 09:47:05 - root.update_labels_panel - DEBUG <-> Label panel: box idx=2 numeric class_idx=1 -> class_name='helmet'
2025-11-14 09:47:05 - root.update_labels_panel - DEBUG <-> Label panel: box idx=3 numeric class_idx=1 -> class_name='helmet'
2025-11-14 09:47:05 - root.update_labels_panel - DEBUG <-> Label panel: box idx=4 numeric class_idx=1 -> class_name='helmet'
2025-11-14 09:47:05 - root.update_labels_panel - DEBUG <-> Label panel: box idx=5 numeric class_idx=1 -> class_name='helmet'
2025-11-14 09:47:05 - root.update_labels_panel - DEBUG <-> Label panel: box idx=6 numeric class_idx=0 -> class_name='person'
2025-11-14 09:47:05 - root.update_labels_panel - DEBUG <-> Label panel: box idx=7 numeric class_idx=0 -> class_name='person'
2025-11-14 09:47:05 - root.update_labels_panel - DEBUG <-> Label panel: box idx=8 numeric class_idx=0 -> class_name='person'
2025-11-14 09:47:05 - root.update_labels_panel - DEBUG <-> Label panel: box idx=9 numeric class_idx=0 -> class_name='person'
2025-11-14 09:47:05 - root.update_labels_panel - DEBUG <-> Label panel: box idx=10 numeric class_idx=0 -> class_name='person'
2025-11-14 09:47:05 - root.update_labels_panel - DEBUG <-> Label panel: box idx=11 numeric class_idx=0 -> class_name='person'
2025-11-14 09:47:05 - root.update_labels_panel - DEBUG <-> Label panel: box idx=12 numeric class_idx=2 -> class_name='savety vest'
2025-11-14 09:47:05 - root.update_labels_panel - DEBUG <-> Label panel: box idx=13 numeric class_idx=4 -> class_name='no savety vest'
2025-11-14 09:47:05 - root.update_labels_panel - DEBUG <-> Label panel: box idx=14 numeric class_idx=2 -> class_name='savety vest'
2025-11-14 09:47:05 - root.update_labels_panel - DEBUG <-> Label panel: box idx=15 numeric class_idx=4 -> class_name='no savety vest'
2025-11-14 09:47:05 - root.update_labels_panel - DEBUG <-> Label panel: box idx=16 numeric class_idx=4 -> class_name='no savety vest'
2025-11-14 09:47:05 - root.update_labels_panel - DEBUG <-> Label panel: box idx=17 numeric class_idx=2 -> class_name='savety vest'
2025-11-14 09:47:05 - root.update_labels_panel - DEBUG <-> Setting canvas.selected_boxes to {0, 1, 2, 3, 4, 5, 6, 7, 8, 9, 10, 11, 12, 13, 14, 15, 16, 17}
2025-11-14 09:47:23 - root.update_labels_panel - DEBUG <-> Label panel: box idx=0 numeric class_idx=1 -> class_name='helmet'
2025-11-14 09:47:23 - root.update_labels_panel - DEBUG <-> Label panel: box idx=1 numeric class_idx=1 -> class_name='helmet'
2025-11-14 09:47:23 - root.update_labels_panel - DEBUG <-> Label panel: box idx=2 numeric class_idx=1 -> class_name='helmet'
2025-11-14 09:47:23 - root.update_labels_panel - DEBUG <-> Label panel: box idx=3 numeric class_idx=1 -> class_name='helmet'
2025-11-14 09:47:23 - root.update_labels_panel - DEBUG <-> Label panel: box idx=4 numeric class_idx=1 -> class_name='helmet'
2025-11-14 09:47:23 - root.update_labels_panel - DEBUG <-> Label panel: box idx=5 numeric class_idx=1 -> class_name='helmet'
2025-11-14 09:47:23 - root.update_labels_panel - DEBUG <-> Label panel: box idx=6 numeric class_idx=0 -> class_name='person'
2025-11-14 09:47:23 - root.update_labels_panel - DEBUG <-> Label panel: box idx=7 numeric class_idx=0 -> class_name='person'
2025-11-14 09:47:23 - root.update_labels_panel - DEBUG <-> Label panel: box idx=8 numeric class_idx=0 -> class_name='person'
2025-11-14 09:47:23 - root.update_labels_panel - DEBUG <-> Label panel: box idx=9 numeric class_idx=0 -> class_name='person'
2025-11-14 09:47:23 - root.update_labels_panel - DEBUG <-> Label panel: box idx=10 numeric class_idx=0 -> class_name='person'
2025-11-14 09:47:23 - root.update_labels_panel - DEBUG <-> Label panel: box idx=11 numeric class_idx=0 -> class_name='person'
2025-11-14 09:47:23 - root.update_labels_panel - DEBUG <-> Label panel: box idx=12 numeric class_idx=2 -> class_name='savety vest'
2025-11-14 09:47:23 - root.update_labels_panel - DEBUG <-> Label panel: box idx=13 numeric class_idx=4 -> class_name='no savety vest'
2025-11-14 09:47:23 - root.update_labels_panel - DEBUG <-> Label panel: box idx=14 numeric class_idx=2 -> class_name='savety vest'
2025-11-14 09:47:23 - root.update_labels_panel - DEBUG <-> Label panel: box idx=15 numeric class_idx=4 -> class_name='no savety vest'
2025-11-14 09:47:23 - root.update_labels_panel - DEBUG <-> Label panel: box idx=16 numeric class_idx=4 -> class_name='no savety vest'
2025-11-14 09:47:23 - root.update_labels_panel - DEBUG <-> Label panel: box idx=17 numeric class_idx=2 -> class_name='savety vest'
2025-11-14 09:47:23 - root.update_labels_panel - DEBUG <-> Setting canvas.selected_boxes to {0, 1, 2, 3, 4, 5, 6, 7, 8, 9, 10, 11, 12, 13, 14, 15, 16, 17}
2025-11-14 09:47:31 - root._load_coco_boxes - DEBUG <-> COCO file has 166 images. Looking for: '6f.jpg'
2025-11-14 09:47:31 - root._load_coco_boxes - DEBUG <-> Found exact match for '6f.jpg' with image_id=27
2025-11-14 09:47:31 - root._load_coco_boxes - DEBUG <-> Loaded 18 annotations for '6f.jpg'
2025-11-14 09:47:31 - root.update_labels_panel - DEBUG <-> Label panel: box idx=0 numeric class_idx=1 -> class_name='helmet'
2025-11-14 09:47:31 - root.update_labels_panel - DEBUG <-> Label panel: box idx=1 numeric class_idx=1 -> class_name='helmet'
2025-11-14 09:47:31 - root.update_labels_panel - DEBUG <-> Label panel: box idx=2 numeric class_idx=1 -> class_name='helmet'
2025-11-14 09:47:31 - root.update_labels_panel - DEBUG <-> Label panel: box idx=3 numeric class_idx=1 -> class_name='helmet'
2025-11-14 09:47:31 - root.update_labels_panel - DEBUG <-> Label panel: box idx=4 numeric class_idx=1 -> class_name='helmet'
2025-11-14 09:47:31 - root.update_labels_panel - DEBUG <-> Label panel: box idx=5 numeric class_idx=1 -> class_name='helmet'
2025-11-14 09:47:31 - root.update_labels_panel - DEBUG <-> Label panel: box idx=6 numeric class_idx=0 -> class_name='person'
2025-11-14 09:47:31 - root.update_labels_panel - DEBUG <-> Label panel: box idx=7 numeric class_idx=0 -> class_name='person'
2025-11-14 09:47:31 - root.update_labels_panel - DEBUG <-> Label panel: box idx=8 numeric class_idx=0 -> class_name='person'
2025-11-14 09:47:31 - root.update_labels_panel - DEBUG <-> Label panel: box idx=9 numeric class_idx=0 -> class_name='person'
2025-11-14 09:47:31 - root.update_labels_panel - DEBUG <-> Label panel: box idx=10 numeric class_idx=0 -> class_name='person'
2025-11-14 09:47:31 - root.update_labels_panel - DEBUG <-> Label panel: box idx=11 numeric class_idx=0 -> class_name='person'
2025-11-14 09:47:31 - root.update_labels_panel - DEBUG <-> Label panel: box idx=12 numeric class_idx=2 -> class_name='savety vest'
2025-11-14 09:47:31 - root.update_labels_panel - DEBUG <-> Label panel: box idx=13 numeric class_idx=4 -> class_name='no savety vest'
2025-11-14 09:47:31 - root.update_labels_panel - DEBUG <-> Label panel: box idx=14 numeric class_idx=2 -> class_name='savety vest'
2025-11-14 09:47:31 - root.update_labels_panel - DEBUG <-> Label panel: box idx=15 numeric class_idx=4 -> class_name='no savety vest'
2025-11-14 09:47:31 - root.update_labels_panel - DEBUG <-> Label panel: box idx=16 numeric class_idx=4 -> class_name='no savety vest'
2025-11-14 09:47:31 - root.update_labels_panel - DEBUG <-> Label panel: box idx=17 numeric class_idx=2 -> class_name='savety vest'
2025-11-14 09:47:31 - root.update_labels_panel - DEBUG <-> Setting canvas.selected_boxes to {0, 1, 2, 3, 4, 5, 6, 7, 8, 9, 10, 11, 12, 13, 14, 15, 16, 17}
2025-11-14 09:47:34 - root._load_coco_boxes - DEBUG <-> COCO file has 166 images. Looking for: '37.jpg'
2025-11-14 09:47:34 - root._load_coco_boxes - DEBUG <-> Found exact match for '37.jpg' with image_id=17
2025-11-14 09:47:34 - root._load_coco_boxes - DEBUG <-> Loaded 6 annotations for '37.jpg'
2025-11-14 09:47:34 - root.update_labels_panel - DEBUG <-> Label panel: box idx=0 numeric class_idx=3 -> class_name='no helmet'
2025-11-14 09:47:34 - root.update_labels_panel - DEBUG <-> Label panel: box idx=1 numeric class_idx=3 -> class_name='no helmet'
2025-11-14 09:47:34 - root.update_labels_panel - DEBUG <-> Label panel: box idx=2 numeric class_idx=4 -> class_name='no savety vest'
2025-11-14 09:47:34 - root.update_labels_panel - DEBUG <-> Label panel: box idx=3 numeric class_idx=0 -> class_name='person'
2025-11-14 09:47:34 - root.update_labels_panel - DEBUG <-> Label panel: box idx=4 numeric class_idx=0 -> class_name='person'
2025-11-14 09:47:34 - root.update_labels_panel - DEBUG <-> Label panel: box idx=5 numeric class_idx=2 -> class_name='savety vest'
2025-11-14 09:47:34 - root.update_labels_panel - DEBUG <-> Setting canvas.selected_boxes to {0, 1, 2, 3, 4, 5}
2025-11-14 09:47:34 - root._load_coco_boxes - DEBUG <-> COCO file has 166 images. Looking for: '72f.jpg'
2025-11-14 09:47:34 - root._load_coco_boxes - DEBUG <-> Found exact match for '72f.jpg' with image_id=28
2025-11-14 09:47:34 - root._load_coco_boxes - DEBUG <-> Loaded 3 annotations for '72f.jpg'
2025-11-14 09:47:34 - root.update_labels_panel - DEBUG <-> Label panel: box idx=0 numeric class_idx=1 -> class_name='helmet'
2025-11-14 09:47:34 - root.update_labels_panel - DEBUG <-> Label panel: box idx=1 numeric class_idx=0 -> class_name='person'
2025-11-14 09:47:34 - root.update_labels_panel - DEBUG <-> Label panel: box idx=2 numeric class_idx=4 -> class_name='no savety vest'
2025-11-14 09:47:34 - root.update_labels_panel - DEBUG <-> Setting canvas.selected_boxes to {0, 1, 2}
2025-11-14 09:47:35 - root._load_coco_boxes - DEBUG <-> COCO file has 166 images. Looking for: '84f.jpg'
2025-11-14 09:47:35 - root._load_coco_boxes - DEBUG <-> Found exact match for '84f.jpg' with image_id=36
2025-11-14 09:47:35 - root._load_coco_boxes - DEBUG <-> Loaded 12 annotations for '84f.jpg'
2025-11-14 09:47:35 - root.update_labels_panel - DEBUG <-> Label panel: box idx=0 numeric class_idx=1 -> class_name='helmet'
2025-11-14 09:47:35 - root.update_labels_panel - DEBUG <-> Label panel: box idx=1 numeric class_idx=1 -> class_name='helmet'
2025-11-14 09:47:35 - root.update_labels_panel - DEBUG <-> Label panel: box idx=2 numeric class_idx=1 -> class_name='helmet'
2025-11-14 09:47:35 - root.update_labels_panel - DEBUG <-> Label panel: box idx=3 numeric class_idx=1 -> class_name='helmet'
2025-11-14 09:47:35 - root.update_labels_panel - DEBUG <-> Label panel: box idx=4 numeric class_idx=0 -> class_name='person'
2025-11-14 09:47:35 - root.update_labels_panel - DEBUG <-> Label panel: box idx=5 numeric class_idx=0 -> class_name='person'
2025-11-14 09:47:35 - root.update_labels_panel - DEBUG <-> Label panel: box idx=6 numeric class_idx=0 -> class_name='person'
2025-11-14 09:47:35 - root.update_labels_panel - DEBUG <-> Label panel: box idx=7 numeric class_idx=0 -> class_name='person'
2025-11-14 09:47:35 - root.update_labels_panel - DEBUG <-> Label panel: box idx=8 numeric class_idx=4 -> class_name='no savety vest'
2025-11-14 09:47:35 - root.update_labels_panel - DEBUG <-> Label panel: box idx=9 numeric class_idx=4 -> class_name='no savety vest'
2025-11-14 09:47:35 - root.update_labels_panel - DEBUG <-> Label panel: box idx=10 numeric class_idx=4 -> class_name='no savety vest'
2025-11-14 09:47:35 - root.update_labels_panel - DEBUG <-> Label panel: box idx=11 numeric class_idx=2 -> class_name='savety vest'
2025-11-14 09:47:35 - root.update_labels_panel - DEBUG <-> Setting canvas.selected_boxes to {0, 1, 2, 3, 4, 5, 6, 7, 8, 9, 10, 11}
2025-11-14 09:47:35 - root._load_coco_boxes - DEBUG <-> COCO file has 166 images. Looking for: '148f.jpg'
2025-11-14 09:47:35 - root._load_coco_boxes - DEBUG <-> Found exact match for '148f.jpg' with image_id=4
2025-11-14 09:47:35 - root._load_coco_boxes - DEBUG <-> Loaded 1 annotations for '148f.jpg'
2025-11-14 09:47:35 - root.update_labels_panel - DEBUG <-> Label panel: box idx=0 numeric class_idx=4 -> class_name='no savety vest'
2025-11-14 09:47:35 - root.update_labels_panel - DEBUG <-> Setting canvas.selected_boxes to {0}
2025-11-14 09:47:35 - root._load_coco_boxes - DEBUG <-> COCO file has 166 images. Looking for: '149.jpg'
2025-11-14 09:47:35 - root._load_coco_boxes - DEBUG <-> Found exact match for '149.jpg' with image_id=5
2025-11-14 09:47:35 - root._load_coco_boxes - DEBUG <-> Loaded 3 annotations for '149.jpg'
2025-11-14 09:47:35 - root.update_labels_panel - DEBUG <-> Label panel: box idx=0 numeric class_idx=3 -> class_name='no helmet'
2025-11-14 09:47:35 - root.update_labels_panel - DEBUG <-> Label panel: box idx=1 numeric class_idx=4 -> class_name='no savety vest'
2025-11-14 09:47:35 - root.update_labels_panel - DEBUG <-> Label panel: box idx=2 numeric class_idx=0 -> class_name='person'
2025-11-14 09:47:35 - root.update_labels_panel - DEBUG <-> Setting canvas.selected_boxes to {0, 1, 2}
2025-11-14 09:47:36 - root._load_coco_boxes - DEBUG <-> COCO file has 166 images. Looking for: '153f.jpg'
2025-11-14 09:47:36 - root._load_coco_boxes - DEBUG <-> Found exact match for '153f.jpg' with image_id=6
2025-11-14 09:47:36 - root._load_coco_boxes - DEBUG <-> Loaded 2 annotations for '153f.jpg'
2025-11-14 09:47:36 - root.update_labels_panel - DEBUG <-> Label panel: box idx=0 numeric class_idx=4 -> class_name='no savety vest'
2025-11-14 09:47:36 - root.update_labels_panel - DEBUG <-> Label panel: box idx=1 numeric class_idx=0 -> class_name='person'
2025-11-14 09:47:36 - root.update_labels_panel - DEBUG <-> Setting canvas.selected_boxes to {0, 1}
2025-11-14 09:47:36 - root._load_coco_boxes - DEBUG <-> COCO file has 166 images. Looking for: '164f.jpg'
2025-11-14 09:47:36 - root._load_coco_boxes - DEBUG <-> Found exact match for '164f.jpg' with image_id=7
2025-11-14 09:47:36 - root._load_coco_boxes - DEBUG <-> Loaded 2 annotations for '164f.jpg'
2025-11-14 09:47:36 - root.update_labels_panel - DEBUG <-> Label panel: box idx=0 numeric class_idx=4 -> class_name='no savety vest'
2025-11-14 09:47:36 - root.update_labels_panel - DEBUG <-> Label panel: box idx=1 numeric class_idx=0 -> class_name='person'
2025-11-14 09:47:36 - root.update_labels_panel - DEBUG <-> Setting canvas.selected_boxes to {0, 1}
2025-11-14 09:47:36 - root._load_coco_boxes - DEBUG <-> COCO file has 166 images. Looking for: '206f.jpg'
2025-11-14 09:47:36 - root._load_coco_boxes - DEBUG <-> Found exact match for '206f.jpg' with image_id=8
2025-11-14 09:47:36 - root._load_coco_boxes - DEBUG <-> Loaded 2 annotations for '206f.jpg'
2025-11-14 09:47:36 - root.update_labels_panel - DEBUG <-> Label panel: box idx=0 numeric class_idx=4 -> class_name='no savety vest'
2025-11-14 09:47:36 - root.update_labels_panel - DEBUG <-> Label panel: box idx=1 numeric class_idx=0 -> class_name='person'
2025-11-14 09:47:36 - root.update_labels_panel - DEBUG <-> Setting canvas.selected_boxes to {0, 1}
2025-11-14 09:47:54 - root.update_labels_panel - DEBUG <-> Setting canvas.selected_boxes to set()
2025-11-14 09:47:59 - root._load_coco_boxes - DEBUG <-> COCO file has 166 images. Looking for: '6f.jpg'
2025-11-14 09:47:59 - root._load_coco_boxes - DEBUG <-> Found exact match for '6f.jpg' with image_id=27
2025-11-14 09:47:59 - root._load_coco_boxes - DEBUG <-> Loaded 18 annotations for '6f.jpg'
2025-11-14 09:47:59 - root.update_labels_panel - DEBUG <-> Label panel: box idx=0 numeric class_idx=1 -> class_name='helmet'
2025-11-14 09:47:59 - root.update_labels_panel - DEBUG <-> Label panel: box idx=1 numeric class_idx=1 -> class_name='helmet'
2025-11-14 09:47:59 - root.update_labels_panel - DEBUG <-> Label panel: box idx=2 numeric class_idx=1 -> class_name='helmet'
2025-11-14 09:47:59 - root.update_labels_panel - DEBUG <-> Label panel: box idx=3 numeric class_idx=1 -> class_name='helmet'
2025-11-14 09:47:59 - root.update_labels_panel - DEBUG <-> Label panel: box idx=4 numeric class_idx=1 -> class_name='helmet'
2025-11-14 09:47:59 - root.update_labels_panel - DEBUG <-> Label panel: box idx=5 numeric class_idx=1 -> class_name='helmet'
2025-11-14 09:47:59 - root.update_labels_panel - DEBUG <-> Label panel: box idx=6 numeric class_idx=0 -> class_name='person'
2025-11-14 09:47:59 - root.update_labels_panel - DEBUG <-> Label panel: box idx=7 numeric class_idx=0 -> class_name='person'
2025-11-14 09:47:59 - root.update_labels_panel - DEBUG <-> Label panel: box idx=8 numeric class_idx=0 -> class_name='person'
2025-11-14 09:47:59 - root.update_labels_panel - DEBUG <-> Label panel: box idx=9 numeric class_idx=0 -> class_name='person'
2025-11-14 09:47:59 - root.update_labels_panel - DEBUG <-> Label panel: box idx=10 numeric class_idx=0 -> class_name='person'
2025-11-14 09:47:59 - root.update_labels_panel - DEBUG <-> Label panel: box idx=11 numeric class_idx=0 -> class_name='person'
2025-11-14 09:47:59 - root.update_labels_panel - DEBUG <-> Label panel: box idx=12 numeric class_idx=2 -> class_name='savety vest'
2025-11-14 09:47:59 - root.update_labels_panel - DEBUG <-> Label panel: box idx=13 numeric class_idx=4 -> class_name='no savety vest'
2025-11-14 09:47:59 - root.update_labels_panel - DEBUG <-> Label panel: box idx=14 numeric class_idx=2 -> class_name='savety vest'
2025-11-14 09:47:59 - root.update_labels_panel - DEBUG <-> Label panel: box idx=15 numeric class_idx=4 -> class_name='no savety vest'
2025-11-14 09:47:59 - root.update_labels_panel - DEBUG <-> Label panel: box idx=16 numeric class_idx=4 -> class_name='no savety vest'
2025-11-14 09:47:59 - root.update_labels_panel - DEBUG <-> Label panel: box idx=17 numeric class_idx=2 -> class_name='savety vest'
2025-11-14 09:47:59 - root.update_labels_panel - DEBUG <-> Setting canvas.selected_boxes to {0, 1, 2, 3, 4, 5, 6, 7, 8, 9, 10, 11, 12, 13, 14, 15, 16, 17}
2025-11-14 09:48:01 - root._load_coco_boxes - DEBUG <-> COCO file has 166 images. Looking for: '37.jpg'
2025-11-14 09:48:01 - root._load_coco_boxes - DEBUG <-> Found exact match for '37.jpg' with image_id=17
2025-11-14 09:48:01 - root._load_coco_boxes - DEBUG <-> Loaded 6 annotations for '37.jpg'
2025-11-14 09:48:01 - root.update_labels_panel - DEBUG <-> Label panel: box idx=0 numeric class_idx=3 -> class_name='no helmet'
2025-11-14 09:48:01 - root.update_labels_panel - DEBUG <-> Label panel: box idx=1 numeric class_idx=3 -> class_name='no helmet'
2025-11-14 09:48:01 - root.update_labels_panel - DEBUG <-> Label panel: box idx=2 numeric class_idx=4 -> class_name='no savety vest'
2025-11-14 09:48:01 - root.update_labels_panel - DEBUG <-> Label panel: box idx=3 numeric class_idx=0 -> class_name='person'
2025-11-14 09:48:01 - root.update_labels_panel - DEBUG <-> Label panel: box idx=4 numeric class_idx=0 -> class_name='person'
2025-11-14 09:48:01 - root.update_labels_panel - DEBUG <-> Label panel: box idx=5 numeric class_idx=2 -> class_name='savety vest'
2025-11-14 09:48:01 - root.update_labels_panel - DEBUG <-> Setting canvas.selected_boxes to {0, 1, 2, 3, 4, 5}
2025-11-14 09:48:01 - root._load_coco_boxes - DEBUG <-> COCO file has 166 images. Looking for: '72f.jpg'
2025-11-14 09:48:01 - root._load_coco_boxes - DEBUG <-> Found exact match for '72f.jpg' with image_id=28
2025-11-14 09:48:01 - root._load_coco_boxes - DEBUG <-> Loaded 3 annotations for '72f.jpg'
2025-11-14 09:48:01 - root.update_labels_panel - DEBUG <-> Label panel: box idx=0 numeric class_idx=1 -> class_name='helmet'
2025-11-14 09:48:01 - root.update_labels_panel - DEBUG <-> Label panel: box idx=1 numeric class_idx=0 -> class_name='person'
2025-11-14 09:48:01 - root.update_labels_panel - DEBUG <-> Label panel: box idx=2 numeric class_idx=4 -> class_name='no savety vest'
2025-11-14 09:48:01 - root.update_labels_panel - DEBUG <-> Setting canvas.selected_boxes to {0, 1, 2}
2025-11-14 09:48:02 - root._load_coco_boxes - DEBUG <-> COCO file has 166 images. Looking for: '84f.jpg'
2025-11-14 09:48:02 - root._load_coco_boxes - DEBUG <-> Found exact match for '84f.jpg' with image_id=36
2025-11-14 09:48:02 - root._load_coco_boxes - DEBUG <-> Loaded 12 annotations for '84f.jpg'
2025-11-14 09:48:02 - root.update_labels_panel - DEBUG <-> Label panel: box idx=0 numeric class_idx=1 -> class_name='helmet'
2025-11-14 09:48:02 - root.update_labels_panel - DEBUG <-> Label panel: box idx=1 numeric class_idx=1 -> class_name='helmet'
2025-11-14 09:48:02 - root.update_labels_panel - DEBUG <-> Label panel: box idx=2 numeric class_idx=1 -> class_name='helmet'
2025-11-14 09:48:02 - root.update_labels_panel - DEBUG <-> Label panel: box idx=3 numeric class_idx=1 -> class_name='helmet'
2025-11-14 09:48:02 - root.update_labels_panel - DEBUG <-> Label panel: box idx=4 numeric class_idx=0 -> class_name='person'
2025-11-14 09:48:02 - root.update_labels_panel - DEBUG <-> Label panel: box idx=5 numeric class_idx=0 -> class_name='person'
2025-11-14 09:48:02 - root.update_labels_panel - DEBUG <-> Label panel: box idx=6 numeric class_idx=0 -> class_name='person'
2025-11-14 09:48:02 - root.update_labels_panel - DEBUG <-> Label panel: box idx=7 numeric class_idx=0 -> class_name='person'
2025-11-14 09:48:02 - root.update_labels_panel - DEBUG <-> Label panel: box idx=8 numeric class_idx=4 -> class_name='no savety vest'
2025-11-14 09:48:02 - root.update_labels_panel - DEBUG <-> Label panel: box idx=9 numeric class_idx=4 -> class_name='no savety vest'
2025-11-14 09:48:02 - root.update_labels_panel - DEBUG <-> Label panel: box idx=10 numeric class_idx=4 -> class_name='no savety vest'
2025-11-14 09:48:02 - root.update_labels_panel - DEBUG <-> Label panel: box idx=11 numeric class_idx=2 -> class_name='savety vest'
2025-11-14 09:48:02 - root.update_labels_panel - DEBUG <-> Setting canvas.selected_boxes to {0, 1, 2, 3, 4, 5, 6, 7, 8, 9, 10, 11}
2025-11-14 09:48:02 - root._load_coco_boxes - DEBUG <-> COCO file has 166 images. Looking for: '148f.jpg'
2025-11-14 09:48:02 - root._load_coco_boxes - DEBUG <-> Found exact match for '148f.jpg' with image_id=4
2025-11-14 09:48:02 - root._load_coco_boxes - DEBUG <-> Loaded 1 annotations for '148f.jpg'
2025-11-14 09:48:02 - root.update_labels_panel - DEBUG <-> Label panel: box idx=0 numeric class_idx=4 -> class_name='no savety vest'
2025-11-14 09:48:02 - root.update_labels_panel - DEBUG <-> Setting canvas.selected_boxes to {0}
2025-11-14 09:48:02 - root._load_coco_boxes - DEBUG <-> COCO file has 166 images. Looking for: '149.jpg'
2025-11-14 09:48:02 - root._load_coco_boxes - DEBUG <-> Found exact match for '149.jpg' with image_id=5
2025-11-14 09:48:02 - root._load_coco_boxes - DEBUG <-> Loaded 3 annotations for '149.jpg'
2025-11-14 09:48:02 - root.update_labels_panel - DEBUG <-> Label panel: box idx=0 numeric class_idx=3 -> class_name='no helmet'
2025-11-14 09:48:02 - root.update_labels_panel - DEBUG <-> Label panel: box idx=1 numeric class_idx=4 -> class_name='no savety vest'
2025-11-14 09:48:02 - root.update_labels_panel - DEBUG <-> Label panel: box idx=2 numeric class_idx=0 -> class_name='person'
2025-11-14 09:48:02 - root.update_labels_panel - DEBUG <-> Setting canvas.selected_boxes to {0, 1, 2}
2025-11-14 09:48:03 - root._load_coco_boxes - DEBUG <-> COCO file has 166 images. Looking for: '153f.jpg'
2025-11-14 09:48:03 - root._load_coco_boxes - DEBUG <-> Found exact match for '153f.jpg' with image_id=6
2025-11-14 09:48:03 - root._load_coco_boxes - DEBUG <-> Loaded 2 annotations for '153f.jpg'
2025-11-14 09:48:03 - root.update_labels_panel - DEBUG <-> Label panel: box idx=0 numeric class_idx=4 -> class_name='no savety vest'
2025-11-14 09:48:03 - root.update_labels_panel - DEBUG <-> Label panel: box idx=1 numeric class_idx=0 -> class_name='person'
2025-11-14 09:48:03 - root.update_labels_panel - DEBUG <-> Setting canvas.selected_boxes to {0, 1}
2025-11-14 09:48:03 - root._load_coco_boxes - DEBUG <-> COCO file has 166 images. Looking for: '149.jpg'
2025-11-14 09:48:03 - root._load_coco_boxes - DEBUG <-> Found exact match for '149.jpg' with image_id=5
2025-11-14 09:48:03 - root._load_coco_boxes - DEBUG <-> Loaded 3 annotations for '149.jpg'
2025-11-14 09:48:03 - root.update_labels_panel - DEBUG <-> Label panel: box idx=0 numeric class_idx=3 -> class_name='no helmet'
2025-11-14 09:48:03 - root.update_labels_panel - DEBUG <-> Label panel: box idx=1 numeric class_idx=4 -> class_name='no savety vest'
2025-11-14 09:48:03 - root.update_labels_panel - DEBUG <-> Label panel: box idx=2 numeric class_idx=0 -> class_name='person'
2025-11-14 09:48:03 - root.update_labels_panel - DEBUG <-> Setting canvas.selected_boxes to {0, 1, 2}
2025-11-14 09:48:03 - root._load_coco_boxes - DEBUG <-> COCO file has 166 images. Looking for: '148f.jpg'
2025-11-14 09:48:03 - root._load_coco_boxes - DEBUG <-> Found exact match for '148f.jpg' with image_id=4
2025-11-14 09:48:03 - root._load_coco_boxes - DEBUG <-> Loaded 1 annotations for '148f.jpg'
2025-11-14 09:48:03 - root.update_labels_panel - DEBUG <-> Label panel: box idx=0 numeric class_idx=4 -> class_name='no savety vest'
2025-11-14 09:48:03 - root.update_labels_panel - DEBUG <-> Setting canvas.selected_boxes to {0}
2025-11-14 09:48:06 - root._load_coco_boxes - DEBUG <-> COCO file has 166 images. Looking for: '84f.jpg'
2025-11-14 09:48:06 - root._load_coco_boxes - DEBUG <-> Found exact match for '84f.jpg' with image_id=36
2025-11-14 09:48:06 - root._load_coco_boxes - DEBUG <-> Loaded 12 annotations for '84f.jpg'
2025-11-14 09:48:06 - root.update_labels_panel - DEBUG <-> Label panel: box idx=0 numeric class_idx=1 -> class_name='helmet'
2025-11-14 09:48:06 - root.update_labels_panel - DEBUG <-> Label panel: box idx=1 numeric class_idx=1 -> class_name='helmet'
2025-11-14 09:48:06 - root.update_labels_panel - DEBUG <-> Label panel: box idx=2 numeric class_idx=1 -> class_name='helmet'
2025-11-14 09:48:06 - root.update_labels_panel - DEBUG <-> Label panel: box idx=3 numeric class_idx=1 -> class_name='helmet'
2025-11-14 09:48:06 - root.update_labels_panel - DEBUG <-> Label panel: box idx=4 numeric class_idx=0 -> class_name='person'
2025-11-14 09:48:06 - root.update_labels_panel - DEBUG <-> Label panel: box idx=5 numeric class_idx=0 -> class_name='person'
2025-11-14 09:48:06 - root.update_labels_panel - DEBUG <-> Label panel: box idx=6 numeric class_idx=0 -> class_name='person'
2025-11-14 09:48:06 - root.update_labels_panel - DEBUG <-> Label panel: box idx=7 numeric class_idx=0 -> class_name='person'
2025-11-14 09:48:06 - root.update_labels_panel - DEBUG <-> Label panel: box idx=8 numeric class_idx=4 -> class_name='no savety vest'
2025-11-14 09:48:06 - root.update_labels_panel - DEBUG <-> Label panel: box idx=9 numeric class_idx=4 -> class_name='no savety vest'
2025-11-14 09:48:06 - root.update_labels_panel - DEBUG <-> Label panel: box idx=10 numeric class_idx=4 -> class_name='no savety vest'
2025-11-14 09:48:06 - root.update_labels_panel - DEBUG <-> Label panel: box idx=11 numeric class_idx=2 -> class_name='savety vest'
2025-11-14 09:48:06 - root.update_labels_panel - DEBUG <-> Setting canvas.selected_boxes to {0, 1, 2, 3, 4, 5, 6, 7, 8, 9, 10, 11}
2025-11-14 09:48:06 - root._load_coco_boxes - DEBUG <-> COCO file has 166 images. Looking for: '148f.jpg'
2025-11-14 09:48:06 - root._load_coco_boxes - DEBUG <-> Found exact match for '148f.jpg' with image_id=4
2025-11-14 09:48:06 - root._load_coco_boxes - DEBUG <-> Loaded 1 annotations for '148f.jpg'
2025-11-14 09:48:06 - root.update_labels_panel - DEBUG <-> Label panel: box idx=0 numeric class_idx=4 -> class_name='no savety vest'
2025-11-14 09:48:06 - root.update_labels_panel - DEBUG <-> Setting canvas.selected_boxes to {0}
2025-11-14 09:48:08 - root._load_coco_boxes - DEBUG <-> COCO file has 166 images. Looking for: '149.jpg'
2025-11-14 09:48:08 - root._load_coco_boxes - DEBUG <-> Found exact match for '149.jpg' with image_id=5
2025-11-14 09:48:08 - root._load_coco_boxes - DEBUG <-> Loaded 3 annotations for '149.jpg'
2025-11-14 09:48:08 - root.update_labels_panel - DEBUG <-> Label panel: box idx=0 numeric class_idx=3 -> class_name='no helmet'
2025-11-14 09:48:08 - root.update_labels_panel - DEBUG <-> Label panel: box idx=1 numeric class_idx=4 -> class_name='no savety vest'
2025-11-14 09:48:08 - root.update_labels_panel - DEBUG <-> Label panel: box idx=2 numeric class_idx=0 -> class_name='person'
2025-11-14 09:48:08 - root.update_labels_panel - DEBUG <-> Setting canvas.selected_boxes to {0, 1, 2}
2025-11-14 09:48:09 - root._load_coco_boxes - DEBUG <-> COCO file has 166 images. Looking for: '153f.jpg'
2025-11-14 09:48:09 - root._load_coco_boxes - DEBUG <-> Found exact match for '153f.jpg' with image_id=6
2025-11-14 09:48:09 - root._load_coco_boxes - DEBUG <-> Loaded 2 annotations for '153f.jpg'
2025-11-14 09:48:09 - root.update_labels_panel - DEBUG <-> Label panel: box idx=0 numeric class_idx=4 -> class_name='no savety vest'
2025-11-14 09:48:09 - root.update_labels_panel - DEBUG <-> Label panel: box idx=1 numeric class_idx=0 -> class_name='person'
2025-11-14 09:48:09 - root.update_labels_panel - DEBUG <-> Setting canvas.selected_boxes to {0, 1}
2025-11-14 09:48:09 - root._load_coco_boxes - DEBUG <-> COCO file has 166 images. Looking for: '164f.jpg'
2025-11-14 09:48:09 - root._load_coco_boxes - DEBUG <-> Found exact match for '164f.jpg' with image_id=7
2025-11-14 09:48:09 - root._load_coco_boxes - DEBUG <-> Loaded 2 annotations for '164f.jpg'
2025-11-14 09:48:09 - root.update_labels_panel - DEBUG <-> Label panel: box idx=0 numeric class_idx=4 -> class_name='no savety vest'
2025-11-14 09:48:09 - root.update_labels_panel - DEBUG <-> Label panel: box idx=1 numeric class_idx=0 -> class_name='person'
2025-11-14 09:48:09 - root.update_labels_panel - DEBUG <-> Setting canvas.selected_boxes to {0, 1}
2025-11-14 09:48:09 - root._load_coco_boxes - DEBUG <-> COCO file has 166 images. Looking for: '206f.jpg'
2025-11-14 09:48:09 - root._load_coco_boxes - DEBUG <-> Found exact match for '206f.jpg' with image_id=8
2025-11-14 09:48:09 - root._load_coco_boxes - DEBUG <-> Loaded 2 annotations for '206f.jpg'
2025-11-14 09:48:09 - root.update_labels_panel - DEBUG <-> Label panel: box idx=0 numeric class_idx=4 -> class_name='no savety vest'
2025-11-14 09:48:09 - root.update_labels_panel - DEBUG <-> Label panel: box idx=1 numeric class_idx=0 -> class_name='person'
2025-11-14 09:48:09 - root.update_labels_panel - DEBUG <-> Setting canvas.selected_boxes to {0, 1}
2025-11-14 09:48:10 - root._load_coco_boxes - DEBUG <-> COCO file has 166 images. Looking for: '164f.jpg'
2025-11-14 09:48:10 - root._load_coco_boxes - DEBUG <-> Found exact match for '164f.jpg' with image_id=7
2025-11-14 09:48:10 - root._load_coco_boxes - DEBUG <-> Loaded 2 annotations for '164f.jpg'
2025-11-14 09:48:10 - root.update_labels_panel - DEBUG <-> Label panel: box idx=0 numeric class_idx=4 -> class_name='no savety vest'
2025-11-14 09:48:10 - root.update_labels_panel - DEBUG <-> Label panel: box idx=1 numeric class_idx=0 -> class_name='person'
2025-11-14 09:48:10 - root.update_labels_panel - DEBUG <-> Setting canvas.selected_boxes to {0, 1}
2025-11-14 09:48:10 - root._load_coco_boxes - DEBUG <-> COCO file has 166 images. Looking for: '153f.jpg'
2025-11-14 09:48:10 - root._load_coco_boxes - DEBUG <-> Found exact match for '153f.jpg' with image_id=6
2025-11-14 09:48:10 - root._load_coco_boxes - DEBUG <-> Loaded 2 annotations for '153f.jpg'
2025-11-14 09:48:10 - root.update_labels_panel - DEBUG <-> Label panel: box idx=0 numeric class_idx=4 -> class_name='no savety vest'
2025-11-14 09:48:10 - root.update_labels_panel - DEBUG <-> Label panel: box idx=1 numeric class_idx=0 -> class_name='person'
2025-11-14 09:48:10 - root.update_labels_panel - DEBUG <-> Setting canvas.selected_boxes to {0, 1}
2025-11-14 09:48:10 - root._load_coco_boxes - DEBUG <-> COCO file has 166 images. Looking for: '149.jpg'
2025-11-14 09:48:10 - root._load_coco_boxes - DEBUG <-> Found exact match for '149.jpg' with image_id=5
2025-11-14 09:48:10 - root._load_coco_boxes - DEBUG <-> Loaded 3 annotations for '149.jpg'
2025-11-14 09:48:10 - root.update_labels_panel - DEBUG <-> Label panel: box idx=0 numeric class_idx=3 -> class_name='no helmet'
2025-11-14 09:48:10 - root.update_labels_panel - DEBUG <-> Label panel: box idx=1 numeric class_idx=4 -> class_name='no savety vest'
2025-11-14 09:48:10 - root.update_labels_panel - DEBUG <-> Label panel: box idx=2 numeric class_idx=0 -> class_name='person'
2025-11-14 09:48:10 - root.update_labels_panel - DEBUG <-> Setting canvas.selected_boxes to {0, 1, 2}
2025-11-14 09:48:11 - root._load_coco_boxes - DEBUG <-> COCO file has 166 images. Looking for: '148f.jpg'
2025-11-14 09:48:11 - root._load_coco_boxes - DEBUG <-> Found exact match for '148f.jpg' with image_id=4
2025-11-14 09:48:11 - root._load_coco_boxes - DEBUG <-> Loaded 1 annotations for '148f.jpg'
2025-11-14 09:48:11 - root.update_labels_panel - DEBUG <-> Label panel: box idx=0 numeric class_idx=4 -> class_name='no savety vest'
2025-11-14 09:48:11 - root.update_labels_panel - DEBUG <-> Setting canvas.selected_boxes to {0}
2025-11-14 09:48:14 - root.mousePressEvent - DEBUG <-> Mouse press at widget(486,188) -> image(166,2)
2025-11-14 09:48:18 - root.update_labels_panel - DEBUG <-> Label panel: box idx=0 numeric class_idx=4 -> class_name='no savety vest'
2025-11-14 09:48:18 - root.update_labels_panel - DEBUG <-> Label panel: box idx=1 numeric class_idx=3 -> class_name='no helmet'
2025-11-14 09:48:18 - root.update_labels_panel - DEBUG <-> Setting canvas.selected_boxes to {0, 1}
2025-11-14 09:48:26 - root.mouseReleaseEvent - DEBUG <-> Finished editing box 1
2025-11-14 09:48:28 - root.mouseReleaseEvent - DEBUG <-> Finished editing box 1
2025-11-14 09:48:38 - root.mousePressEvent - DEBUG <-> Mouse press at widget(427,182) -> image(146,0)
2025-11-14 09:48:41 - root.update_labels_panel - DEBUG <-> Label panel: box idx=0 numeric class_idx=4 -> class_name='no savety vest'
2025-11-14 09:48:41 - root.update_labels_panel - DEBUG <-> Label panel: box idx=1 numeric class_idx=3 -> class_name='no helmet'
2025-11-14 09:48:41 - root.update_labels_panel - DEBUG <-> Label panel: box idx=2 numeric class_idx=0 -> class_name='person'
2025-11-14 09:48:41 - root.update_labels_panel - DEBUG <-> Setting canvas.selected_boxes to {0, 1, 2}
2025-11-14 09:48:54 - root.update_labels_panel - DEBUG <-> Setting canvas.selected_boxes to set()
2025-11-14 09:48:57 - root._load_coco_boxes - DEBUG <-> COCO file has 166 images. Looking for: '6f.jpg'
2025-11-14 09:48:57 - root._load_coco_boxes - DEBUG <-> Found exact match for '6f.jpg' with image_id=27
2025-11-14 09:48:57 - root._load_coco_boxes - DEBUG <-> Loaded 18 annotations for '6f.jpg'
2025-11-14 09:48:57 - root.update_labels_panel - DEBUG <-> Label panel: box idx=0 numeric class_idx=1 -> class_name='helmet'
2025-11-14 09:48:57 - root.update_labels_panel - DEBUG <-> Label panel: box idx=1 numeric class_idx=1 -> class_name='helmet'
2025-11-14 09:48:57 - root.update_labels_panel - DEBUG <-> Label panel: box idx=2 numeric class_idx=1 -> class_name='helmet'
2025-11-14 09:48:57 - root.update_labels_panel - DEBUG <-> Label panel: box idx=3 numeric class_idx=1 -> class_name='helmet'
2025-11-14 09:48:57 - root.update_labels_panel - DEBUG <-> Label panel: box idx=4 numeric class_idx=1 -> class_name='helmet'
2025-11-14 09:48:57 - root.update_labels_panel - DEBUG <-> Label panel: box idx=5 numeric class_idx=1 -> class_name='helmet'
2025-11-14 09:48:57 - root.update_labels_panel - DEBUG <-> Label panel: box idx=6 numeric class_idx=0 -> class_name='person'
2025-11-14 09:48:57 - root.update_labels_panel - DEBUG <-> Label panel: box idx=7 numeric class_idx=0 -> class_name='person'
2025-11-14 09:48:57 - root.update_labels_panel - DEBUG <-> Label panel: box idx=8 numeric class_idx=0 -> class_name='person'
2025-11-14 09:48:57 - root.update_labels_panel - DEBUG <-> Label panel: box idx=9 numeric class_idx=0 -> class_name='person'
2025-11-14 09:48:57 - root.update_labels_panel - DEBUG <-> Label panel: box idx=10 numeric class_idx=0 -> class_name='person'
2025-11-14 09:48:57 - root.update_labels_panel - DEBUG <-> Label panel: box idx=11 numeric class_idx=0 -> class_name='person'
2025-11-14 09:48:57 - root.update_labels_panel - DEBUG <-> Label panel: box idx=12 numeric class_idx=2 -> class_name='savety vest'
2025-11-14 09:48:57 - root.update_labels_panel - DEBUG <-> Label panel: box idx=13 numeric class_idx=4 -> class_name='no savety vest'
2025-11-14 09:48:57 - root.update_labels_panel - DEBUG <-> Label panel: box idx=14 numeric class_idx=2 -> class_name='savety vest'
2025-11-14 09:48:57 - root.update_labels_panel - DEBUG <-> Label panel: box idx=15 numeric class_idx=4 -> class_name='no savety vest'
2025-11-14 09:48:57 - root.update_labels_panel - DEBUG <-> Label panel: box idx=16 numeric class_idx=4 -> class_name='no savety vest'
2025-11-14 09:48:57 - root.update_labels_panel - DEBUG <-> Label panel: box idx=17 numeric class_idx=2 -> class_name='savety vest'
2025-11-14 09:48:57 - root.update_labels_panel - DEBUG <-> Setting canvas.selected_boxes to {0, 1, 2, 3, 4, 5, 6, 7, 8, 9, 10, 11, 12, 13, 14, 15, 16, 17}
2025-11-14 09:48:59 - root._load_coco_boxes - DEBUG <-> COCO file has 166 images. Looking for: '37.jpg'
2025-11-14 09:48:59 - root._load_coco_boxes - DEBUG <-> Found exact match for '37.jpg' with image_id=17
2025-11-14 09:48:59 - root._load_coco_boxes - DEBUG <-> Loaded 6 annotations for '37.jpg'
2025-11-14 09:48:59 - root.update_labels_panel - DEBUG <-> Label panel: box idx=0 numeric class_idx=3 -> class_name='no helmet'
2025-11-14 09:48:59 - root.update_labels_panel - DEBUG <-> Label panel: box idx=1 numeric class_idx=3 -> class_name='no helmet'
2025-11-14 09:48:59 - root.update_labels_panel - DEBUG <-> Label panel: box idx=2 numeric class_idx=4 -> class_name='no savety vest'
2025-11-14 09:48:59 - root.update_labels_panel - DEBUG <-> Label panel: box idx=3 numeric class_idx=0 -> class_name='person'
2025-11-14 09:48:59 - root.update_labels_panel - DEBUG <-> Label panel: box idx=4 numeric class_idx=0 -> class_name='person'
2025-11-14 09:48:59 - root.update_labels_panel - DEBUG <-> Label panel: box idx=5 numeric class_idx=2 -> class_name='savety vest'
2025-11-14 09:48:59 - root.update_labels_panel - DEBUG <-> Setting canvas.selected_boxes to {0, 1, 2, 3, 4, 5}
2025-11-14 09:49:00 - root._load_coco_boxes - DEBUG <-> COCO file has 166 images. Looking for: '72f.jpg'
2025-11-14 09:49:00 - root._load_coco_boxes - DEBUG <-> Found exact match for '72f.jpg' with image_id=28
2025-11-14 09:49:00 - root._load_coco_boxes - DEBUG <-> Loaded 3 annotations for '72f.jpg'
2025-11-14 09:49:00 - root.update_labels_panel - DEBUG <-> Label panel: box idx=0 numeric class_idx=1 -> class_name='helmet'
2025-11-14 09:49:00 - root.update_labels_panel - DEBUG <-> Label panel: box idx=1 numeric class_idx=0 -> class_name='person'
2025-11-14 09:49:00 - root.update_labels_panel - DEBUG <-> Label panel: box idx=2 numeric class_idx=4 -> class_name='no savety vest'
2025-11-14 09:49:00 - root.update_labels_panel - DEBUG <-> Setting canvas.selected_boxes to {0, 1, 2}
2025-11-14 09:49:00 - root._load_coco_boxes - DEBUG <-> COCO file has 166 images. Looking for: '84f.jpg'
2025-11-14 09:49:00 - root._load_coco_boxes - DEBUG <-> Found exact match for '84f.jpg' with image_id=36
2025-11-14 09:49:00 - root._load_coco_boxes - DEBUG <-> Loaded 12 annotations for '84f.jpg'
2025-11-14 09:49:00 - root.update_labels_panel - DEBUG <-> Label panel: box idx=0 numeric class_idx=1 -> class_name='helmet'
2025-11-14 09:49:00 - root.update_labels_panel - DEBUG <-> Label panel: box idx=1 numeric class_idx=1 -> class_name='helmet'
2025-11-14 09:49:00 - root.update_labels_panel - DEBUG <-> Label panel: box idx=2 numeric class_idx=1 -> class_name='helmet'
2025-11-14 09:49:00 - root.update_labels_panel - DEBUG <-> Label panel: box idx=3 numeric class_idx=1 -> class_name='helmet'
2025-11-14 09:49:00 - root.update_labels_panel - DEBUG <-> Label panel: box idx=4 numeric class_idx=0 -> class_name='person'
2025-11-14 09:49:00 - root.update_labels_panel - DEBUG <-> Label panel: box idx=5 numeric class_idx=0 -> class_name='person'
2025-11-14 09:49:00 - root.update_labels_panel - DEBUG <-> Label panel: box idx=6 numeric class_idx=0 -> class_name='person'
2025-11-14 09:49:00 - root.update_labels_panel - DEBUG <-> Label panel: box idx=7 numeric class_idx=0 -> class_name='person'
2025-11-14 09:49:00 - root.update_labels_panel - DEBUG <-> Label panel: box idx=8 numeric class_idx=4 -> class_name='no savety vest'
2025-11-14 09:49:00 - root.update_labels_panel - DEBUG <-> Label panel: box idx=9 numeric class_idx=4 -> class_name='no savety vest'
2025-11-14 09:49:00 - root.update_labels_panel - DEBUG <-> Label panel: box idx=10 numeric class_idx=4 -> class_name='no savety vest'
2025-11-14 09:49:00 - root.update_labels_panel - DEBUG <-> Label panel: box idx=11 numeric class_idx=2 -> class_name='savety vest'
2025-11-14 09:49:00 - root.update_labels_panel - DEBUG <-> Setting canvas.selected_boxes to {0, 1, 2, 3, 4, 5, 6, 7, 8, 9, 10, 11}
2025-11-14 09:49:01 - root._load_coco_boxes - DEBUG <-> COCO file has 166 images. Looking for: '148f.jpg'
2025-11-14 09:49:01 - root._load_coco_boxes - DEBUG <-> Found exact match for '148f.jpg' with image_id=4
2025-11-14 09:49:01 - root._load_coco_boxes - DEBUG <-> Loaded 3 annotations for '148f.jpg'
2025-11-14 09:49:01 - root.update_labels_panel - DEBUG <-> Label panel: box idx=0 numeric class_idx=4 -> class_name='no savety vest'
2025-11-14 09:49:01 - root.update_labels_panel - DEBUG <-> Label panel: box idx=1 numeric class_idx=3 -> class_name='no helmet'
2025-11-14 09:49:01 - root.update_labels_panel - DEBUG <-> Label panel: box idx=2 numeric class_idx=0 -> class_name='person'
2025-11-14 09:49:01 - root.update_labels_panel - DEBUG <-> Setting canvas.selected_boxes to {0, 1, 2}
2025-11-14 09:49:02 - root._load_coco_boxes - DEBUG <-> COCO file has 166 images. Looking for: '149.jpg'
2025-11-14 09:49:02 - root._load_coco_boxes - DEBUG <-> Found exact match for '149.jpg' with image_id=5
2025-11-14 09:49:02 - root._load_coco_boxes - DEBUG <-> Loaded 3 annotations for '149.jpg'
2025-11-14 09:49:02 - root.update_labels_panel - DEBUG <-> Label panel: box idx=0 numeric class_idx=3 -> class_name='no helmet'
2025-11-14 09:49:02 - root.update_labels_panel - DEBUG <-> Label panel: box idx=1 numeric class_idx=4 -> class_name='no savety vest'
2025-11-14 09:49:02 - root.update_labels_panel - DEBUG <-> Label panel: box idx=2 numeric class_idx=0 -> class_name='person'
2025-11-14 09:49:02 - root.update_labels_panel - DEBUG <-> Setting canvas.selected_boxes to {0, 1, 2}
2025-11-14 09:49:03 - root._load_coco_boxes - DEBUG <-> COCO file has 166 images. Looking for: '153f.jpg'
2025-11-14 09:49:03 - root._load_coco_boxes - DEBUG <-> Found exact match for '153f.jpg' with image_id=6
2025-11-14 09:49:03 - root._load_coco_boxes - DEBUG <-> Loaded 2 annotations for '153f.jpg'
2025-11-14 09:49:03 - root.update_labels_panel - DEBUG <-> Label panel: box idx=0 numeric class_idx=4 -> class_name='no savety vest'
2025-11-14 09:49:03 - root.update_labels_panel - DEBUG <-> Label panel: box idx=1 numeric class_idx=0 -> class_name='person'
2025-11-14 09:49:03 - root.update_labels_panel - DEBUG <-> Setting canvas.selected_boxes to {0, 1}
2025-11-14 09:49:03 - root._load_coco_boxes - DEBUG <-> COCO file has 166 images. Looking for: '164f.jpg'
2025-11-14 09:49:03 - root._load_coco_boxes - DEBUG <-> Found exact match for '164f.jpg' with image_id=7
2025-11-14 09:49:03 - root._load_coco_boxes - DEBUG <-> Loaded 2 annotations for '164f.jpg'
2025-11-14 09:49:03 - root.update_labels_panel - DEBUG <-> Label panel: box idx=0 numeric class_idx=4 -> class_name='no savety vest'
2025-11-14 09:49:03 - root.update_labels_panel - DEBUG <-> Label panel: box idx=1 numeric class_idx=0 -> class_name='person'
2025-11-14 09:49:03 - root.update_labels_panel - DEBUG <-> Setting canvas.selected_boxes to {0, 1}
2025-11-14 09:49:04 - root._load_coco_boxes - DEBUG <-> COCO file has 166 images. Looking for: '206f.jpg'
2025-11-14 09:49:04 - root._load_coco_boxes - DEBUG <-> Found exact match for '206f.jpg' with image_id=8
2025-11-14 09:49:04 - root._load_coco_boxes - DEBUG <-> Loaded 2 annotations for '206f.jpg'
2025-11-14 09:49:04 - root.update_labels_panel - DEBUG <-> Label panel: box idx=0 numeric class_idx=4 -> class_name='no savety vest'
2025-11-14 09:49:04 - root.update_labels_panel - DEBUG <-> Label panel: box idx=1 numeric class_idx=0 -> class_name='person'
2025-11-14 09:49:04 - root.update_labels_panel - DEBUG <-> Setting canvas.selected_boxes to {0, 1}
2025-11-14 09:49:04 - root._load_coco_boxes - DEBUG <-> COCO file has 166 images. Looking for: '211f.jpg'
2025-11-14 09:49:04 - root._load_coco_boxes - DEBUG <-> Found exact match for '211f.jpg' with image_id=9
2025-11-14 09:49:04 - root._load_coco_boxes - DEBUG <-> Loaded 6 annotations for '211f.jpg'
2025-11-14 09:49:04 - root.update_labels_panel - DEBUG <-> Label panel: box idx=0 numeric class_idx=1 -> class_name='helmet'
2025-11-14 09:49:04 - root.update_labels_panel - DEBUG <-> Label panel: box idx=1 numeric class_idx=1 -> class_name='helmet'
2025-11-14 09:49:04 - root.update_labels_panel - DEBUG <-> Label panel: box idx=2 numeric class_idx=0 -> class_name='person'
2025-11-14 09:49:04 - root.update_labels_panel - DEBUG <-> Label panel: box idx=3 numeric class_idx=0 -> class_name='person'
2025-11-14 09:49:04 - root.update_labels_panel - DEBUG <-> Label panel: box idx=4 numeric class_idx=2 -> class_name='savety vest'
2025-11-14 09:49:04 - root.update_labels_panel - DEBUG <-> Label panel: box idx=5 numeric class_idx=2 -> class_name='savety vest'
2025-11-14 09:49:04 - root.update_labels_panel - DEBUG <-> Setting canvas.selected_boxes to {0, 1, 2, 3, 4, 5}
