2025-11-14 09:33:42 - INFO <-> Logging configured successfully.
2025-11-14 09:33:46 - INFO <-> Format selection cancelled by user.
2025-11-14 09:33:47 - INFO <-> Using in-memory classes (preserve manual/session classes)
2025-11-14 09:33:47 - INFO <-> <-> State reset before loading dataset.
2025-11-14 09:34:14 - INFO <-> Using in-memory classes (preserve manual/session classes)
2025-11-14 09:34:14 - INFO <-> <-> State reset before loading dataset.
2025-11-14 09:34:19 - INFO <-> Auto-detected annotation format: TXT
2025-11-14 09:34:20 - INFO <-> User proceeded with existing classes.
2025-11-14 09:34:20 - INFO <-> [LOAD_IMAGE] About to set selections: total boxes loaded = 18
2025-11-14 09:34:20 - INFO <-> [LOAD_IMAGE] current_index=0, current selected_box_indices=set()
2025-11-14 09:34:20 - INFO <-> [LOAD_IMAGE] Has this image been visited before? False
2025-11-14 09:34:20 - INFO <-> [LOAD_IMAGE] FIRST VISIT + manual_deselect_all=False: selected_box_indices={0, 1, 2, 3, 4, 5, 6, 7, 8, 9, 10, 11, 12, 13, 14, 15, 16, 17} (range 0-17)
2025-11-14 09:34:20 - INFO <-> [UPDATE_LABELS_PANEL] Called with 18 boxes. Current selected_box_indices={0, 1, 2, 3, 4, 5, 6, 7, 8, 9, 10, 11, 12, 13, 14, 15, 16, 17}
2025-11-14 09:34:20 - INFO <-> Dataset loaded. Images: 166. Format: TXT.
2025-11-14 09:34:21 - INFO <-> [LOAD_IMAGE] About to set selections: total boxes loaded = 6
2025-11-14 09:34:21 - INFO <-> [LOAD_IMAGE] current_index=1, current selected_box_indices=set()
2025-11-14 09:34:21 - INFO <-> [LOAD_IMAGE] Has this image been visited before? False
2025-11-14 09:34:21 - INFO <-> [LOAD_IMAGE] FIRST VISIT + manual_deselect_all=False: selected_box_indices={0, 1, 2, 3, 4, 5} (range 0-5)
2025-11-14 09:34:21 - INFO <-> [UPDATE_LABELS_PANEL] Called with 6 boxes. Current selected_box_indices={0, 1, 2, 3, 4, 5}
2025-11-14 09:34:22 - INFO <-> [LOAD_IMAGE] About to set selections: total boxes loaded = 3
2025-11-14 09:34:22 - INFO <-> [LOAD_IMAGE] current_index=2, current selected_box_indices=set()
2025-11-14 09:34:22 - INFO <-> [LOAD_IMAGE] Has this image been visited before? False
2025-11-14 09:34:22 - INFO <-> [LOAD_IMAGE] FIRST VISIT + manual_deselect_all=False: selected_box_indices={0, 1, 2} (range 0-2)
2025-11-14 09:34:22 - INFO <-> [UPDATE_LABELS_PANEL] Called with 3 boxes. Current selected_box_indices={0, 1, 2}
2025-11-14 09:34:24 - INFO <-> Converted 167 TXT files to JSON in '/home/madan/a/labels/converted_json'.
2025-11-14 09:34:54 - INFO <-> Format changed to JSON.
2025-11-14 09:34:55 - INFO <-> Prompting user to reload dataset for new format.
2025-11-14 09:34:55 - INFO <-> Using in-memory classes (preserve manual/session classes)
2025-11-14 09:34:55 - INFO <-> <-> State reset before loading dataset.
2025-11-14 09:35:06 - INFO <-> Application exiting with code 0.
2025-11-14 09:35:07 - INFO <-> Logging configured successfully.
2025-11-14 09:35:09 - INFO <-> Format changed to JSON.
2025-11-14 09:35:09 - INFO <-> Using in-memory classes (preserve manual/session classes)
2025-11-14 09:35:09 - INFO <-> <-> State reset before loading dataset.
2025-11-14 09:35:16 - INFO <-> Using preferred annotation format: JSON
2025-11-14 09:35:16 - INFO <-> Detected JSON bbox styles: ['bbox']
2025-11-14 09:35:16 - INFO <-> _discover_classes_in_json_folder: inspected 3 sample files, no class names found.
2025-11-14 09:35:16 - INFO <-> Sample JSON keys for 'frame392.json': ['image', 'annotations']
2025-11-14 09:35:16 - INFO <-> Sample object keys: ['bbox', 'category_id']
2025-11-14 09:35:16 - INFO <->   bbox: [0.36901, 0.426852, 0.019271, 0.035185]
2025-11-14 09:35:16 - INFO <->   category_id: 3
2025-11-14 09:35:16 - INFO <-> Sample JSON keys for 'frame048.json': ['image', 'annotations']
2025-11-14 09:35:16 - INFO <-> Sample object keys: ['bbox', 'category_id']
2025-11-14 09:35:16 - INFO <->   bbox: [0.788542, 0.55787, 0.013542, 0.015741]
2025-11-14 09:35:16 - INFO <->   category_id: 1
2025-11-14 09:35:16 - INFO <-> Sample JSON keys for 'image0314.json': ['image', 'annotations']
2025-11-14 09:35:16 - INFO <-> Sample object keys: ['bbox', 'category_id']
2025-11-14 09:35:16 - INFO <->   bbox: [0.489063, 0.35, 0.146875, 0.271875]
2025-11-14 09:35:16 - INFO <->   category_id: 4
2025-11-14 09:35:17 - INFO <-> User proceeded with existing classes.
2025-11-14 09:35:17 - INFO <-> Loaded JSON annotations for '6f.jpg' from '/home/madan/a/labels/converted_json/6f.json': 18 boxes. Sample classes: helmet, helmet, helmet, helmet, helmet, helmet, person, person, person, person...
2025-11-14 09:35:17 - INFO <-> [LOAD_IMAGE] About to set selections: total boxes loaded = 18
2025-11-14 09:35:17 - INFO <-> [LOAD_IMAGE] current_index=0, current selected_box_indices=set()
2025-11-14 09:35:17 - INFO <-> [LOAD_IMAGE] Has this image been visited before? False
2025-11-14 09:35:17 - INFO <-> [LOAD_IMAGE] FIRST VISIT + manual_deselect_all=False: selected_box_indices={0, 1, 2, 3, 4, 5, 6, 7, 8, 9, 10, 11, 12, 13, 14, 15, 16, 17} (range 0-17)
2025-11-14 09:35:17 - INFO <-> [UPDATE_LABELS_PANEL] Called with 18 boxes. Current selected_box_indices={0, 1, 2, 3, 4, 5, 6, 7, 8, 9, 10, 11, 12, 13, 14, 15, 16, 17}
2025-11-14 09:35:17 - INFO <-> Label[0] -> display='helmet' (box=(0.188672, 0.25, 0.074219, 0.0625), source_reason=mapped via classes.txt index 1)
2025-11-14 09:35:17 - INFO <-> Label[1] -> display='helmet' (box=(0.554297, 0.208854, 0.053906, 0.057292), source_reason=mapped via classes.txt index 1)
2025-11-14 09:35:17 - INFO <-> Label[2] -> display='helmet' (box=(0.3375, 0.272396, 0.05625, 0.055208), source_reason=mapped via classes.txt index 1)
2025-11-14 09:35:17 - INFO <-> Label[3] -> display='helmet' (box=(0.463281, 0.270833, 0.048438, 0.045833), source_reason=mapped via classes.txt index 1)
2025-11-14 09:35:17 - INFO <-> Label[4] -> display='helmet' (box=(0.821094, 0.213542, 0.151562, 0.1375), source_reason=mapped via classes.txt index 1)
2025-11-14 09:35:17 - INFO <-> Label[5] -> display='helmet' (box=(0.66875, 0.239063, 0.042188, 0.040625), source_reason=mapped via classes.txt index 1)
2025-11-14 09:35:17 - INFO <-> Label[6] -> display='person' (box=(0.2125, 0.493229, 0.176563, 0.634375), source_reason=mapped via classes.txt index 0)
2025-11-14 09:35:17 - INFO <-> Label[7] -> display='person' (box=(0.350781, 0.4875, 0.170313, 0.525), source_reason=mapped via classes.txt index 0)
2025-11-14 09:35:17 - INFO <-> Label[8] -> display='person' (box=(0.835938, 0.572396, 0.267188, 0.855208), source_reason=mapped via classes.txt index 0)
2025-11-14 09:35:17 - INFO <-> Label[9] -> display='person' (box=(0.476562, 0.455208, 0.128125, 0.43125), source_reason=mapped via classes.txt index 0)
2025-11-14 09:35:17 - INFO <-> Label[10] -> display='person' (box=(0.560547, 0.395313, 0.114844, 0.446875), source_reason=mapped via classes.txt index 0)
2025-11-14 09:35:17 - INFO <-> Label[11] -> display='person' (box=(0.665234, 0.404167, 0.089844, 0.404167), source_reason=mapped via classes.txt index 0)
2025-11-14 09:35:17 - INFO <-> Label[12] -> display='savety vest' (box=(0.851562, 0.545833, 0.229687, 0.36875), source_reason=mapped via classes.txt index 2)
2025-11-14 09:35:17 - INFO <-> Label[13] -> display='no savety vest' (box=(0.201953, 0.429167, 0.128906, 0.2125), source_reason=mapped via classes.txt index 4)
2025-11-14 09:35:17 - INFO <-> Label[14] -> display='savety vest' (box=(0.354687, 0.414583, 0.129688, 0.19375), source_reason=mapped via classes.txt index 2)
2025-11-14 09:35:17 - INFO <-> Label[15] -> display='no savety vest' (box=(0.46875, 0.401562, 0.078125, 0.157292), source_reason=mapped via classes.txt index 4)
2025-11-14 09:35:17 - INFO <-> Label[16] -> display='no savety vest' (box=(0.555078, 0.333854, 0.091406, 0.138542), source_reason=mapped via classes.txt index 4)
2025-11-14 09:35:17 - INFO <-> Label[17] -> display='savety vest' (box=(0.669141, 0.352604, 0.078906, 0.151042), source_reason=mapped via classes.txt index 2)
2025-11-14 09:35:17 - INFO <-> Dataset loaded. Images: 166. Format: JSON.
2025-11-14 09:35:22 - INFO <-> Loaded JSON annotations for '37.jpg' from '/home/madan/a/labels/converted_json/37.json': 6 boxes. Sample classes: no helmet, no helmet, no savety vest, person, person, savety vest
2025-11-14 09:35:22 - INFO <-> [LOAD_IMAGE] About to set selections: total boxes loaded = 6
2025-11-14 09:35:22 - INFO <-> [LOAD_IMAGE] current_index=1, current selected_box_indices=set()
2025-11-14 09:35:22 - INFO <-> [LOAD_IMAGE] Has this image been visited before? False
2025-11-14 09:35:22 - INFO <-> [LOAD_IMAGE] FIRST VISIT + manual_deselect_all=False: selected_box_indices={0, 1, 2, 3, 4, 5} (range 0-5)
2025-11-14 09:35:22 - INFO <-> [UPDATE_LABELS_PANEL] Called with 6 boxes. Current selected_box_indices={0, 1, 2, 3, 4, 5}
2025-11-14 09:35:22 - INFO <-> Label[0] -> display='no helmet' (box=(0.526442, 0.604567, 0.0625, 0.122596), source_reason=mapped via classes.txt index 3)
2025-11-14 09:35:22 - INFO <-> Label[1] -> display='no helmet' (box=(0.328125, 0.674279, 0.074519, 0.146635), source_reason=mapped via classes.txt index 3)
2025-11-14 09:35:22 - INFO <-> Label[2] -> display='no savety vest' (box=(0.341346, 0.840144, 0.110577, 0.242788), source_reason=mapped via classes.txt index 4)
2025-11-14 09:35:22 - INFO <-> Label[3] -> display='person' (box=(0.498798, 0.769231, 0.175481, 0.461538), source_reason=mapped via classes.txt index 0)
2025-11-14 09:35:22 - INFO <-> Label[4] -> display='person' (box=(0.34375, 0.792067, 0.153846, 0.401442), source_reason=mapped via classes.txt index 0)
2025-11-14 09:35:22 - INFO <-> Label[5] -> display='savety vest' (box=(0.53125, 0.748798, 0.100962, 0.185096), source_reason=mapped via classes.txt index 2)
2025-11-14 09:35:23 - INFO <-> Loaded JSON annotations for '72f.jpg' from '/home/madan/a/labels/converted_json/72f.json': 3 boxes. Sample classes: helmet, person, no savety vest
2025-11-14 09:35:23 - INFO <-> [LOAD_IMAGE] About to set selections: total boxes loaded = 3
2025-11-14 09:35:23 - INFO <-> [LOAD_IMAGE] current_index=2, current selected_box_indices=set()
2025-11-14 09:35:23 - INFO <-> [LOAD_IMAGE] Has this image been visited before? False
2025-11-14 09:35:23 - INFO <-> [LOAD_IMAGE] FIRST VISIT + manual_deselect_all=False: selected_box_indices={0, 1, 2} (range 0-2)
2025-11-14 09:35:23 - INFO <-> [UPDATE_LABELS_PANEL] Called with 3 boxes. Current selected_box_indices={0, 1, 2}
2025-11-14 09:35:23 - INFO <-> Label[0] -> display='helmet' (box=(0.084603, 0.582689, 0.070185, 0.084139), source_reason=mapped via classes.txt index 1)
2025-11-14 09:35:23 - INFO <-> Label[1] -> display='person' (box=(0.098749, 0.673114, 0.196409, 0.276596), source_reason=mapped via classes.txt index 0)
2025-11-14 09:35:23 - INFO <-> Label[2] -> display='no savety vest' (box=(0.107454, 0.698259, 0.169206, 0.141199), source_reason=mapped via classes.txt index 4)
2025-11-14 09:35:24 - INFO <-> Loaded JSON annotations for '37.jpg' from '/home/madan/a/labels/converted_json/37.json': 6 boxes. Sample classes: no helmet, no helmet, no savety vest, person, person, savety vest
2025-11-14 09:35:24 - INFO <-> [LOAD_IMAGE] About to set selections: total boxes loaded = 6
2025-11-14 09:35:24 - INFO <-> [LOAD_IMAGE] current_index=1, current selected_box_indices=set()
2025-11-14 09:35:24 - INFO <-> [LOAD_IMAGE] Has this image been visited before? True
2025-11-14 09:35:24 - INFO <-> [LOAD_IMAGE] REVISITING IMAGE: Restored 6/6 boxes from history. selected_box_indices={0, 1, 2, 3, 4, 5}
2025-11-14 09:35:24 - INFO <-> [UPDATE_LABELS_PANEL] Called with 6 boxes. Current selected_box_indices={0, 1, 2, 3, 4, 5}
2025-11-14 09:35:24 - INFO <-> Label[0] -> display='no helmet' (box=(0.526442, 0.604567, 0.0625, 0.122596), source_reason=mapped via classes.txt index 3)
2025-11-14 09:35:24 - INFO <-> Label[1] -> display='no helmet' (box=(0.328125, 0.674279, 0.074519, 0.146635), source_reason=mapped via classes.txt index 3)
2025-11-14 09:35:24 - INFO <-> Label[2] -> display='no savety vest' (box=(0.341346, 0.840144, 0.110577, 0.242788), source_reason=mapped via classes.txt index 4)
2025-11-14 09:35:24 - INFO <-> Label[3] -> display='person' (box=(0.498798, 0.769231, 0.175481, 0.461538), source_reason=mapped via classes.txt index 0)
2025-11-14 09:35:24 - INFO <-> Label[4] -> display='person' (box=(0.34375, 0.792067, 0.153846, 0.401442), source_reason=mapped via classes.txt index 0)
2025-11-14 09:35:24 - INFO <-> Label[5] -> display='savety vest' (box=(0.53125, 0.748798, 0.100962, 0.185096), source_reason=mapped via classes.txt index 2)
2025-11-14 09:35:24 - INFO <-> Loaded JSON annotations for '6f.jpg' from '/home/madan/a/labels/converted_json/6f.json': 18 boxes. Sample classes: helmet, helmet, helmet, helmet, helmet, helmet, person, person, person, person...
2025-11-14 09:35:24 - INFO <-> [LOAD_IMAGE] About to set selections: total boxes loaded = 18
2025-11-14 09:35:24 - INFO <-> [LOAD_IMAGE] current_index=0, current selected_box_indices=set()
2025-11-14 09:35:24 - INFO <-> [LOAD_IMAGE] Has this image been visited before? True
2025-11-14 09:35:24 - INFO <-> [LOAD_IMAGE] REVISITING IMAGE: Restored 18/18 boxes from history. selected_box_indices={0, 1, 2, 3, 4, 5, 6, 7, 8, 9, 10, 11, 12, 13, 14, 15, 16, 17}
2025-11-14 09:35:24 - INFO <-> [UPDATE_LABELS_PANEL] Called with 18 boxes. Current selected_box_indices={0, 1, 2, 3, 4, 5, 6, 7, 8, 9, 10, 11, 12, 13, 14, 15, 16, 17}
2025-11-14 09:35:24 - INFO <-> Label[0] -> display='helmet' (box=(0.188672, 0.25, 0.074219, 0.0625), source_reason=mapped via classes.txt index 1)
2025-11-14 09:35:24 - INFO <-> Label[1] -> display='helmet' (box=(0.554297, 0.208854, 0.053906, 0.057292), source_reason=mapped via classes.txt index 1)
2025-11-14 09:35:24 - INFO <-> Label[2] -> display='helmet' (box=(0.3375, 0.272396, 0.05625, 0.055208), source_reason=mapped via classes.txt index 1)
2025-11-14 09:35:24 - INFO <-> Label[3] -> display='helmet' (box=(0.463281, 0.270833, 0.048438, 0.045833), source_reason=mapped via classes.txt index 1)
2025-11-14 09:35:24 - INFO <-> Label[4] -> display='helmet' (box=(0.821094, 0.213542, 0.151562, 0.1375), source_reason=mapped via classes.txt index 1)
2025-11-14 09:35:24 - INFO <-> Label[5] -> display='helmet' (box=(0.66875, 0.239063, 0.042188, 0.040625), source_reason=mapped via classes.txt index 1)
2025-11-14 09:35:24 - INFO <-> Label[6] -> display='person' (box=(0.2125, 0.493229, 0.176563, 0.634375), source_reason=mapped via classes.txt index 0)
2025-11-14 09:35:24 - INFO <-> Label[7] -> display='person' (box=(0.350781, 0.4875, 0.170313, 0.525), source_reason=mapped via classes.txt index 0)
2025-11-14 09:35:24 - INFO <-> Label[8] -> display='person' (box=(0.835938, 0.572396, 0.267188, 0.855208), source_reason=mapped via classes.txt index 0)
2025-11-14 09:35:24 - INFO <-> Label[9] -> display='person' (box=(0.476562, 0.455208, 0.128125, 0.43125), source_reason=mapped via classes.txt index 0)
2025-11-14 09:35:24 - INFO <-> Label[10] -> display='person' (box=(0.560547, 0.395313, 0.114844, 0.446875), source_reason=mapped via classes.txt index 0)
2025-11-14 09:35:24 - INFO <-> Label[11] -> display='person' (box=(0.665234, 0.404167, 0.089844, 0.404167), source_reason=mapped via classes.txt index 0)
2025-11-14 09:35:24 - INFO <-> Label[12] -> display='savety vest' (box=(0.851562, 0.545833, 0.229687, 0.36875), source_reason=mapped via classes.txt index 2)
2025-11-14 09:35:24 - INFO <-> Label[13] -> display='no savety vest' (box=(0.201953, 0.429167, 0.128906, 0.2125), source_reason=mapped via classes.txt index 4)
2025-11-14 09:35:24 - INFO <-> Label[14] -> display='savety vest' (box=(0.354687, 0.414583, 0.129688, 0.19375), source_reason=mapped via classes.txt index 2)
2025-11-14 09:35:25 - INFO <-> Label[15] -> display='no savety vest' (box=(0.46875, 0.401562, 0.078125, 0.157292), source_reason=mapped via classes.txt index 4)
2025-11-14 09:35:25 - INFO <-> Label[16] -> display='no savety vest' (box=(0.555078, 0.333854, 0.091406, 0.138542), source_reason=mapped via classes.txt index 4)
2025-11-14 09:35:25 - INFO <-> Label[17] -> display='savety vest' (box=(0.669141, 0.352604, 0.078906, 0.151042), source_reason=mapped via classes.txt index 2)
2025-11-14 09:35:25 - INFO <-> Loaded JSON annotations for '37.jpg' from '/home/madan/a/labels/converted_json/37.json': 6 boxes. Sample classes: no helmet, no helmet, no savety vest, person, person, savety vest
2025-11-14 09:35:25 - INFO <-> [LOAD_IMAGE] About to set selections: total boxes loaded = 6
2025-11-14 09:35:25 - INFO <-> [LOAD_IMAGE] current_index=1, current selected_box_indices=set()
2025-11-14 09:35:25 - INFO <-> [LOAD_IMAGE] Has this image been visited before? True
2025-11-14 09:35:25 - INFO <-> [LOAD_IMAGE] REVISITING IMAGE: Restored 6/6 boxes from history. selected_box_indices={0, 1, 2, 3, 4, 5}
2025-11-14 09:35:25 - INFO <-> [UPDATE_LABELS_PANEL] Called with 6 boxes. Current selected_box_indices={0, 1, 2, 3, 4, 5}
2025-11-14 09:35:25 - INFO <-> Label[0] -> display='no helmet' (box=(0.526442, 0.604567, 0.0625, 0.122596), source_reason=mapped via classes.txt index 3)
2025-11-14 09:35:25 - INFO <-> Label[1] -> display='no helmet' (box=(0.328125, 0.674279, 0.074519, 0.146635), source_reason=mapped via classes.txt index 3)
2025-11-14 09:35:25 - INFO <-> Label[2] -> display='no savety vest' (box=(0.341346, 0.840144, 0.110577, 0.242788), source_reason=mapped via classes.txt index 4)
2025-11-14 09:35:25 - INFO <-> Label[3] -> display='person' (box=(0.498798, 0.769231, 0.175481, 0.461538), source_reason=mapped via classes.txt index 0)
2025-11-14 09:35:25 - INFO <-> Label[4] -> display='person' (box=(0.34375, 0.792067, 0.153846, 0.401442), source_reason=mapped via classes.txt index 0)
2025-11-14 09:35:25 - INFO <-> Label[5] -> display='savety vest' (box=(0.53125, 0.748798, 0.100962, 0.185096), source_reason=mapped via classes.txt index 2)
2025-11-14 09:35:25 - INFO <-> Loaded JSON annotations for '72f.jpg' from '/home/madan/a/labels/converted_json/72f.json': 3 boxes. Sample classes: helmet, person, no savety vest
2025-11-14 09:35:25 - INFO <-> [LOAD_IMAGE] About to set selections: total boxes loaded = 3
2025-11-14 09:35:25 - INFO <-> [LOAD_IMAGE] current_index=2, current selected_box_indices=set()
2025-11-14 09:35:25 - INFO <-> [LOAD_IMAGE] Has this image been visited before? True
2025-11-14 09:35:25 - INFO <-> [LOAD_IMAGE] REVISITING IMAGE: Restored 3/3 boxes from history. selected_box_indices={0, 1, 2}
2025-11-14 09:35:25 - INFO <-> [UPDATE_LABELS_PANEL] Called with 3 boxes. Current selected_box_indices={0, 1, 2}
2025-11-14 09:35:25 - INFO <-> Label[0] -> display='helmet' (box=(0.084603, 0.582689, 0.070185, 0.084139), source_reason=mapped via classes.txt index 1)
2025-11-14 09:35:25 - INFO <-> Label[1] -> display='person' (box=(0.098749, 0.673114, 0.196409, 0.276596), source_reason=mapped via classes.txt index 0)
2025-11-14 09:35:25 - INFO <-> Label[2] -> display='no savety vest' (box=(0.107454, 0.698259, 0.169206, 0.141199), source_reason=mapped via classes.txt index 4)
2025-11-14 09:35:26 - INFO <-> Loaded JSON annotations for '84f.jpg' from '/home/madan/a/labels/converted_json/84f.json': 12 boxes. Sample classes: helmet, helmet, helmet, helmet, person, person, person, person, no savety vest, no savety vest...
2025-11-14 09:35:26 - INFO <-> [LOAD_IMAGE] About to set selections: total boxes loaded = 12
2025-11-14 09:35:26 - INFO <-> [LOAD_IMAGE] current_index=3, current selected_box_indices=set()
2025-11-14 09:35:26 - INFO <-> [LOAD_IMAGE] Has this image been visited before? False
2025-11-14 09:35:26 - INFO <-> [LOAD_IMAGE] FIRST VISIT + manual_deselect_all=False: selected_box_indices={0, 1, 2, 3, 4, 5, 6, 7, 8, 9, 10, 11} (range 0-11)
2025-11-14 09:35:26 - INFO <-> [UPDATE_LABELS_PANEL] Called with 12 boxes. Current selected_box_indices={0, 1, 2, 3, 4, 5, 6, 7, 8, 9, 10, 11}
2025-11-14 09:35:26 - INFO <-> Label[0] -> display='helmet' (box=(0.494922, 0.352778, 0.050781, 0.061111), source_reason=mapped via classes.txt index 1)
2025-11-14 09:35:26 - INFO <-> Label[1] -> display='helmet' (box=(0.305859, 0.256944, 0.075781, 0.077778), source_reason=mapped via classes.txt index 1)
2025-11-14 09:35:26 - INFO <-> Label[2] -> display='helmet' (box=(0.415625, 0.345139, 0.05, 0.054167), source_reason=mapped via classes.txt index 1)
2025-11-14 09:35:26 - INFO <-> Label[3] -> display='helmet' (box=(0.614062, 0.343056, 0.067187, 0.077778), source_reason=mapped via classes.txt index 1)
2025-11-14 09:35:26 - INFO <-> Label[4] -> display='person' (box=(0.620703, 0.647222, 0.105469, 0.705556), source_reason=mapped via classes.txt index 0)
2025-11-14 09:35:26 - INFO <-> Label[5] -> display='person' (box=(0.504297, 0.620139, 0.094531, 0.606944), source_reason=mapped via classes.txt index 0)
2025-11-14 09:35:26 - INFO <-> Label[6] -> display='person' (box=(0.423828, 0.597917, 0.085156, 0.576389), source_reason=mapped via classes.txt index 0)
2025-11-14 09:35:26 - INFO <-> Label[7] -> display='person' (box=(0.324609, 0.580556, 0.147656, 0.738889), source_reason=mapped via classes.txt index 0)
2025-11-14 09:35:26 - INFO <-> Label[8] -> display='no savety vest' (box=(0.621875, 0.564583, 0.092188, 0.281944), source_reason=mapped via classes.txt index 4)
2025-11-14 09:35:26 - INFO <-> Label[9] -> display='no savety vest' (box=(0.504687, 0.539583, 0.096875, 0.201389), source_reason=mapped via classes.txt index 4)
2025-11-14 09:35:26 - INFO <-> Label[10] -> display='no savety vest' (box=(0.425391, 0.50625, 0.072656, 0.176389), source_reason=mapped via classes.txt index 4)
2025-11-14 09:35:26 - INFO <-> Label[11] -> display='savety vest' (box=(0.305859, 0.503472, 0.113281, 0.281944), source_reason=mapped via classes.txt index 2)
2025-11-14 09:35:26 - INFO <-> Loaded JSON annotations for '148f.jpg' from '/home/madan/a/labels/converted_json/148f.json': 3 boxes. Sample classes: person, no savety vest, helmet
2025-11-14 09:35:26 - INFO <-> [LOAD_IMAGE] About to set selections: total boxes loaded = 3
2025-11-14 09:35:26 - INFO <-> [LOAD_IMAGE] current_index=4, current selected_box_indices=set()
2025-11-14 09:35:26 - INFO <-> [LOAD_IMAGE] Has this image been visited before? False
2025-11-14 09:35:26 - INFO <-> [LOAD_IMAGE] FIRST VISIT + manual_deselect_all=False: selected_box_indices={0, 1, 2} (range 0-2)
2025-11-14 09:35:26 - INFO <-> [UPDATE_LABELS_PANEL] Called with 3 boxes. Current selected_box_indices={0, 1, 2}
2025-11-14 09:35:26 - INFO <-> Label[0] -> display='person' (box=(0.51695, 0.489437, 0.214689, 0.992958), source_reason=mapped via classes.txt index 0)
2025-11-14 09:35:26 - INFO <-> Label[1] -> display='no savety vest' (box=(0.526836, 0.566902, 0.155367, 0.640846), source_reason=mapped via classes.txt index 4)
2025-11-14 09:35:26 - INFO <-> Label[2] -> display='helmet' (box=(0.501412, 0.066901, 0.09887, 0.133803), source_reason=mapped via classes.txt index 1)
2025-11-14 09:35:27 - INFO <-> Loaded JSON annotations for '149.jpg' from '/home/madan/a/labels/converted_json/149.json': 3 boxes. Sample classes: no helmet, no savety vest, person
2025-11-14 09:35:27 - INFO <-> [LOAD_IMAGE] About to set selections: total boxes loaded = 3
2025-11-14 09:35:27 - INFO <-> [LOAD_IMAGE] current_index=5, current selected_box_indices=set()
2025-11-14 09:35:27 - INFO <-> [LOAD_IMAGE] Has this image been visited before? False
2025-11-14 09:35:27 - INFO <-> [LOAD_IMAGE] FIRST VISIT + manual_deselect_all=False: selected_box_indices={0, 1, 2} (range 0-2)
2025-11-14 09:35:27 - INFO <-> [UPDATE_LABELS_PANEL] Called with 3 boxes. Current selected_box_indices={0, 1, 2}
2025-11-14 09:35:27 - INFO <-> Label[0] -> display='no helmet' (box=(0.430288, 0.757212, 0.024038, 0.081731), source_reason=mapped via classes.txt index 3)
2025-11-14 09:35:27 - INFO <-> Label[1] -> display='no savety vest' (box=(0.4375, 0.680288, 0.048077, 0.105769), source_reason=mapped via classes.txt index 4)
2025-11-14 09:35:27 - INFO <-> Label[2] -> display='person' (box=(0.442308, 0.653846, 0.081731, 0.317308), source_reason=mapped via classes.txt index 0)
2025-11-14 09:35:30 - INFO <-> Format changed to COCO.
2025-11-14 09:35:31 - INFO <-> Prompting user to reload dataset for new format.
2025-11-14 09:35:38 - INFO <-> [UPDATE_LABELS_PANEL] Called with 3 boxes. Current selected_box_indices={0, 1, 2}
2025-11-14 09:35:38 - INFO <-> Confirmed and loaded 5 classes from '/home/madan/a/labels/converted_coco_json/_annotations.coco.json'.
2025-11-14 09:35:44 - INFO <-> [LOAD_IMAGE] About to set selections: total boxes loaded = 18
2025-11-14 09:35:44 - INFO <-> [LOAD_IMAGE] current_index=0, current selected_box_indices=set()
2025-11-14 09:35:44 - INFO <-> [LOAD_IMAGE] Has this image been visited before? False
2025-11-14 09:35:44 - INFO <-> [LOAD_IMAGE] FIRST VISIT + manual_deselect_all=False: selected_box_indices={0, 1, 2, 3, 4, 5, 6, 7, 8, 9, 10, 11, 12, 13, 14, 15, 16, 17} (range 0-17)
2025-11-14 09:35:44 - INFO <-> [UPDATE_LABELS_PANEL] Called with 18 boxes. Current selected_box_indices={0, 1, 2, 3, 4, 5, 6, 7, 8, 9, 10, 11, 12, 13, 14, 15, 16, 17}
2025-11-14 09:35:44 - INFO <-> COCO dataset loaded. Images: 166. Annotations: /home/madan/a/labels/converted_coco_json/_annotations.coco.json
2025-11-14 09:35:45 - INFO <-> [LOAD_IMAGE] About to set selections: total boxes loaded = 6
2025-11-14 09:35:45 - INFO <-> [LOAD_IMAGE] current_index=1, current selected_box_indices=set()
2025-11-14 09:35:45 - INFO <-> [LOAD_IMAGE] Has this image been visited before? False
2025-11-14 09:35:45 - INFO <-> [LOAD_IMAGE] FIRST VISIT + manual_deselect_all=False: selected_box_indices={0, 1, 2, 3, 4, 5} (range 0-5)
2025-11-14 09:35:45 - INFO <-> [UPDATE_LABELS_PANEL] Called with 6 boxes. Current selected_box_indices={0, 1, 2, 3, 4, 5}
2025-11-14 09:35:46 - INFO <-> [LOAD_IMAGE] About to set selections: total boxes loaded = 3
2025-11-14 09:35:46 - INFO <-> [LOAD_IMAGE] current_index=2, current selected_box_indices=set()
2025-11-14 09:35:46 - INFO <-> [LOAD_IMAGE] Has this image been visited before? False
2025-11-14 09:35:46 - INFO <-> [LOAD_IMAGE] FIRST VISIT + manual_deselect_all=False: selected_box_indices={0, 1, 2} (range 0-2)
2025-11-14 09:35:46 - INFO <-> [UPDATE_LABELS_PANEL] Called with 3 boxes. Current selected_box_indices={0, 1, 2}
2025-11-14 09:35:47 - INFO <-> [LOAD_IMAGE] About to set selections: total boxes loaded = 12
2025-11-14 09:35:47 - INFO <-> [LOAD_IMAGE] current_index=3, current selected_box_indices=set()
2025-11-14 09:35:47 - INFO <-> [LOAD_IMAGE] Has this image been visited before? False
2025-11-14 09:35:47 - INFO <-> [LOAD_IMAGE] FIRST VISIT + manual_deselect_all=False: selected_box_indices={0, 1, 2, 3, 4, 5, 6, 7, 8, 9, 10, 11} (range 0-11)
2025-11-14 09:35:47 - INFO <-> [UPDATE_LABELS_PANEL] Called with 12 boxes. Current selected_box_indices={0, 1, 2, 3, 4, 5, 6, 7, 8, 9, 10, 11}
2025-11-14 09:35:48 - INFO <-> Application exiting with code 0.
2025-11-14 09:36:37 - INFO <-> Logging configured successfully.
2025-11-14 09:36:40 - INFO <-> Format changed to JSON.
2025-11-14 09:36:40 - INFO <-> Using in-memory classes (preserve manual/session classes)
2025-11-14 09:36:40 - INFO <-> <-> State reset before loading dataset.
2025-11-14 09:36:46 - INFO <-> Using preferred annotation format: JSON
2025-11-14 09:36:46 - INFO <-> Detected JSON bbox styles: ['bbox']
2025-11-14 09:36:46 - INFO <-> _discover_classes_in_json_folder: inspected 3 sample files, no class names found.
2025-11-14 09:36:46 - INFO <-> Sample JSON keys for 'frame392.json': ['image', 'annotations']
2025-11-14 09:36:46 - INFO <-> Sample object keys: ['bbox', 'category_id']
2025-11-14 09:36:46 - INFO <->   bbox: [0.36901, 0.426852, 0.019271, 0.035185]
2025-11-14 09:36:46 - INFO <->   category_id: 3
2025-11-14 09:36:46 - INFO <-> Sample JSON keys for 'frame048.json': ['image', 'annotations']
2025-11-14 09:36:46 - INFO <-> Sample object keys: ['bbox', 'category_id']
2025-11-14 09:36:46 - INFO <->   bbox: [0.788542, 0.55787, 0.013542, 0.015741]
2025-11-14 09:36:46 - INFO <->   category_id: 1
2025-11-14 09:36:46 - INFO <-> Sample JSON keys for 'image0314.json': ['image', 'annotations']
2025-11-14 09:36:46 - INFO <-> Sample object keys: ['bbox', 'category_id']
2025-11-14 09:36:46 - INFO <->   bbox: [0.489063, 0.35, 0.146875, 0.271875]
2025-11-14 09:36:46 - INFO <->   category_id: 4
2025-11-14 09:36:47 - INFO <-> User proceeded with existing classes.
2025-11-14 09:36:47 - INFO <-> Loaded JSON annotations for '6f.jpg' from '/home/madan/a/labels/converted_json/6f.json': 18 boxes. Sample classes: helmet, helmet, helmet, helmet, helmet, helmet, person, person, person, person...
2025-11-14 09:36:47 - INFO <-> [LOAD_IMAGE] About to set selections: total boxes loaded = 18
2025-11-14 09:36:47 - INFO <-> [LOAD_IMAGE] current_index=0, current selected_box_indices=set()
2025-11-14 09:36:47 - INFO <-> [LOAD_IMAGE] Has this image been visited before? False
2025-11-14 09:36:47 - INFO <-> [LOAD_IMAGE] FIRST VISIT + manual_deselect_all=False: selected_box_indices={0, 1, 2, 3, 4, 5, 6, 7, 8, 9, 10, 11, 12, 13, 14, 15, 16, 17} (range 0-17)
2025-11-14 09:36:47 - INFO <-> [UPDATE_LABELS_PANEL] Called with 18 boxes. Current selected_box_indices={0, 1, 2, 3, 4, 5, 6, 7, 8, 9, 10, 11, 12, 13, 14, 15, 16, 17}
2025-11-14 09:36:47 - INFO <-> Label[0] -> display='helmet' (box=(0.188672, 0.25, 0.074219, 0.0625), source_reason=mapped via classes.txt index 1)
2025-11-14 09:36:47 - INFO <-> Label[1] -> display='helmet' (box=(0.554297, 0.208854, 0.053906, 0.057292), source_reason=mapped via classes.txt index 1)
2025-11-14 09:36:47 - INFO <-> Label[2] -> display='helmet' (box=(0.3375, 0.272396, 0.05625, 0.055208), source_reason=mapped via classes.txt index 1)
2025-11-14 09:36:47 - INFO <-> Label[3] -> display='helmet' (box=(0.463281, 0.270833, 0.048438, 0.045833), source_reason=mapped via classes.txt index 1)
2025-11-14 09:36:47 - INFO <-> Label[4] -> display='helmet' (box=(0.821094, 0.213542, 0.151562, 0.1375), source_reason=mapped via classes.txt index 1)
2025-11-14 09:36:47 - INFO <-> Label[5] -> display='helmet' (box=(0.66875, 0.239063, 0.042188, 0.040625), source_reason=mapped via classes.txt index 1)
2025-11-14 09:36:47 - INFO <-> Label[6] -> display='person' (box=(0.2125, 0.493229, 0.176563, 0.634375), source_reason=mapped via classes.txt index 0)
2025-11-14 09:36:47 - INFO <-> Label[7] -> display='person' (box=(0.350781, 0.4875, 0.170313, 0.525), source_reason=mapped via classes.txt index 0)
2025-11-14 09:36:47 - INFO <-> Label[8] -> display='person' (box=(0.835938, 0.572396, 0.267188, 0.855208), source_reason=mapped via classes.txt index 0)
2025-11-14 09:36:47 - INFO <-> Label[9] -> display='person' (box=(0.476562, 0.455208, 0.128125, 0.43125), source_reason=mapped via classes.txt index 0)
2025-11-14 09:36:47 - INFO <-> Label[10] -> display='person' (box=(0.560547, 0.395313, 0.114844, 0.446875), source_reason=mapped via classes.txt index 0)
2025-11-14 09:36:47 - INFO <-> Label[11] -> display='person' (box=(0.665234, 0.404167, 0.089844, 0.404167), source_reason=mapped via classes.txt index 0)
2025-11-14 09:36:47 - INFO <-> Label[12] -> display='savety vest' (box=(0.851562, 0.545833, 0.229687, 0.36875), source_reason=mapped via classes.txt index 2)
2025-11-14 09:36:47 - INFO <-> Label[13] -> display='no savety vest' (box=(0.201953, 0.429167, 0.128906, 0.2125), source_reason=mapped via classes.txt index 4)
2025-11-14 09:36:47 - INFO <-> Label[14] -> display='savety vest' (box=(0.354687, 0.414583, 0.129688, 0.19375), source_reason=mapped via classes.txt index 2)
2025-11-14 09:36:47 - INFO <-> Label[15] -> display='no savety vest' (box=(0.46875, 0.401562, 0.078125, 0.157292), source_reason=mapped via classes.txt index 4)
2025-11-14 09:36:47 - INFO <-> Label[16] -> display='no savety vest' (box=(0.555078, 0.333854, 0.091406, 0.138542), source_reason=mapped via classes.txt index 4)
2025-11-14 09:36:47 - INFO <-> Label[17] -> display='savety vest' (box=(0.669141, 0.352604, 0.078906, 0.151042), source_reason=mapped via classes.txt index 2)
2025-11-14 09:36:47 - INFO <-> Dataset loaded. Images: 166. Format: JSON.
2025-11-14 09:38:56 - INFO <-> Loaded JSON annotations for '37.jpg' from '/home/madan/a/labels/converted_json/37.json': 6 boxes. Sample classes: no helmet, no helmet, no savety vest, person, person, savety vest
2025-11-14 09:38:56 - INFO <-> [LOAD_IMAGE] About to set selections: total boxes loaded = 6
2025-11-14 09:38:56 - INFO <-> [LOAD_IMAGE] current_index=1, current selected_box_indices=set()
2025-11-14 09:38:56 - INFO <-> [LOAD_IMAGE] Has this image been visited before? False
2025-11-14 09:38:56 - INFO <-> [LOAD_IMAGE] FIRST VISIT + manual_deselect_all=False: selected_box_indices={0, 1, 2, 3, 4, 5} (range 0-5)
2025-11-14 09:38:56 - INFO <-> [UPDATE_LABELS_PANEL] Called with 6 boxes. Current selected_box_indices={0, 1, 2, 3, 4, 5}
2025-11-14 09:38:56 - INFO <-> Label[0] -> display='no helmet' (box=(0.526442, 0.604567, 0.0625, 0.122596), source_reason=mapped via classes.txt index 3)
2025-11-14 09:38:56 - INFO <-> Label[1] -> display='no helmet' (box=(0.328125, 0.674279, 0.074519, 0.146635), source_reason=mapped via classes.txt index 3)
2025-11-14 09:38:56 - INFO <-> Label[2] -> display='no savety vest' (box=(0.341346, 0.840144, 0.110577, 0.242788), source_reason=mapped via classes.txt index 4)
2025-11-14 09:38:56 - INFO <-> Label[3] -> display='person' (box=(0.498798, 0.769231, 0.175481, 0.461538), source_reason=mapped via classes.txt index 0)
2025-11-14 09:38:56 - INFO <-> Label[4] -> display='person' (box=(0.34375, 0.792067, 0.153846, 0.401442), source_reason=mapped via classes.txt index 0)
2025-11-14 09:38:56 - INFO <-> Label[5] -> display='savety vest' (box=(0.53125, 0.748798, 0.100962, 0.185096), source_reason=mapped via classes.txt index 2)
2025-11-14 09:38:56 - INFO <-> Loaded JSON annotations for '72f.jpg' from '/home/madan/a/labels/converted_json/72f.json': 3 boxes. Sample classes: helmet, person, no savety vest
2025-11-14 09:38:56 - INFO <-> [LOAD_IMAGE] About to set selections: total boxes loaded = 3
2025-11-14 09:38:56 - INFO <-> [LOAD_IMAGE] current_index=2, current selected_box_indices=set()
2025-11-14 09:38:56 - INFO <-> [LOAD_IMAGE] Has this image been visited before? False
2025-11-14 09:38:56 - INFO <-> [LOAD_IMAGE] FIRST VISIT + manual_deselect_all=False: selected_box_indices={0, 1, 2} (range 0-2)
2025-11-14 09:38:56 - INFO <-> [UPDATE_LABELS_PANEL] Called with 3 boxes. Current selected_box_indices={0, 1, 2}
2025-11-14 09:38:56 - INFO <-> Label[0] -> display='helmet' (box=(0.084603, 0.582689, 0.070185, 0.084139), source_reason=mapped via classes.txt index 1)
2025-11-14 09:38:56 - INFO <-> Label[1] -> display='person' (box=(0.098749, 0.673114, 0.196409, 0.276596), source_reason=mapped via classes.txt index 0)
2025-11-14 09:38:56 - INFO <-> Label[2] -> display='no savety vest' (box=(0.107454, 0.698259, 0.169206, 0.141199), source_reason=mapped via classes.txt index 4)
2025-11-14 09:38:56 - INFO <-> Loaded JSON annotations for '84f.jpg' from '/home/madan/a/labels/converted_json/84f.json': 12 boxes. Sample classes: helmet, helmet, helmet, helmet, person, person, person, person, no savety vest, no savety vest...
2025-11-14 09:38:56 - INFO <-> [LOAD_IMAGE] About to set selections: total boxes loaded = 12
2025-11-14 09:38:56 - INFO <-> [LOAD_IMAGE] current_index=3, current selected_box_indices=set()
2025-11-14 09:38:56 - INFO <-> [LOAD_IMAGE] Has this image been visited before? False
2025-11-14 09:38:56 - INFO <-> [LOAD_IMAGE] FIRST VISIT + manual_deselect_all=False: selected_box_indices={0, 1, 2, 3, 4, 5, 6, 7, 8, 9, 10, 11} (range 0-11)
2025-11-14 09:38:56 - INFO <-> [UPDATE_LABELS_PANEL] Called with 12 boxes. Current selected_box_indices={0, 1, 2, 3, 4, 5, 6, 7, 8, 9, 10, 11}
2025-11-14 09:38:56 - INFO <-> Label[0] -> display='helmet' (box=(0.494922, 0.352778, 0.050781, 0.061111), source_reason=mapped via classes.txt index 1)
2025-11-14 09:38:56 - INFO <-> Label[1] -> display='helmet' (box=(0.305859, 0.256944, 0.075781, 0.077778), source_reason=mapped via classes.txt index 1)
2025-11-14 09:38:56 - INFO <-> Label[2] -> display='helmet' (box=(0.415625, 0.345139, 0.05, 0.054167), source_reason=mapped via classes.txt index 1)
2025-11-14 09:38:56 - INFO <-> Label[3] -> display='helmet' (box=(0.614062, 0.343056, 0.067187, 0.077778), source_reason=mapped via classes.txt index 1)
2025-11-14 09:38:56 - INFO <-> Label[4] -> display='person' (box=(0.620703, 0.647222, 0.105469, 0.705556), source_reason=mapped via classes.txt index 0)
2025-11-14 09:38:56 - INFO <-> Label[5] -> display='person' (box=(0.504297, 0.620139, 0.094531, 0.606944), source_reason=mapped via classes.txt index 0)
2025-11-14 09:38:56 - INFO <-> Label[6] -> display='person' (box=(0.423828, 0.597917, 0.085156, 0.576389), source_reason=mapped via classes.txt index 0)
2025-11-14 09:38:56 - INFO <-> Label[7] -> display='person' (box=(0.324609, 0.580556, 0.147656, 0.738889), source_reason=mapped via classes.txt index 0)
2025-11-14 09:38:56 - INFO <-> Label[8] -> display='no savety vest' (box=(0.621875, 0.564583, 0.092188, 0.281944), source_reason=mapped via classes.txt index 4)
2025-11-14 09:38:56 - INFO <-> Label[9] -> display='no savety vest' (box=(0.504687, 0.539583, 0.096875, 0.201389), source_reason=mapped via classes.txt index 4)
2025-11-14 09:38:56 - INFO <-> Label[10] -> display='no savety vest' (box=(0.425391, 0.50625, 0.072656, 0.176389), source_reason=mapped via classes.txt index 4)
2025-11-14 09:38:56 - INFO <-> Label[11] -> display='savety vest' (box=(0.305859, 0.503472, 0.113281, 0.281944), source_reason=mapped via classes.txt index 2)
2025-11-14 09:38:57 - INFO <-> Loaded JSON annotations for '148f.jpg' from '/home/madan/a/labels/converted_json/148f.json': 3 boxes. Sample classes: person, no savety vest, helmet
2025-11-14 09:38:57 - INFO <-> [LOAD_IMAGE] About to set selections: total boxes loaded = 3
2025-11-14 09:38:57 - INFO <-> [LOAD_IMAGE] current_index=4, current selected_box_indices=set()
2025-11-14 09:38:57 - INFO <-> [LOAD_IMAGE] Has this image been visited before? False
2025-11-14 09:38:57 - INFO <-> [LOAD_IMAGE] FIRST VISIT + manual_deselect_all=False: selected_box_indices={0, 1, 2} (range 0-2)
2025-11-14 09:38:57 - INFO <-> [UPDATE_LABELS_PANEL] Called with 3 boxes. Current selected_box_indices={0, 1, 2}
2025-11-14 09:38:57 - INFO <-> Label[0] -> display='person' (box=(0.51695, 0.489437, 0.214689, 0.992958), source_reason=mapped via classes.txt index 0)
2025-11-14 09:38:57 - INFO <-> Label[1] -> display='no savety vest' (box=(0.526836, 0.566902, 0.155367, 0.640846), source_reason=mapped via classes.txt index 4)
2025-11-14 09:38:57 - INFO <-> Label[2] -> display='helmet' (box=(0.501412, 0.066901, 0.09887, 0.133803), source_reason=mapped via classes.txt index 1)
2025-11-14 09:38:57 - INFO <-> Loaded JSON annotations for '149.jpg' from '/home/madan/a/labels/converted_json/149.json': 3 boxes. Sample classes: no helmet, no savety vest, person
2025-11-14 09:38:57 - INFO <-> [LOAD_IMAGE] About to set selections: total boxes loaded = 3
2025-11-14 09:38:57 - INFO <-> [LOAD_IMAGE] current_index=5, current selected_box_indices=set()
2025-11-14 09:38:57 - INFO <-> [LOAD_IMAGE] Has this image been visited before? False
2025-11-14 09:38:57 - INFO <-> [LOAD_IMAGE] FIRST VISIT + manual_deselect_all=False: selected_box_indices={0, 1, 2} (range 0-2)
2025-11-14 09:38:57 - INFO <-> [UPDATE_LABELS_PANEL] Called with 3 boxes. Current selected_box_indices={0, 1, 2}
2025-11-14 09:38:57 - INFO <-> Label[0] -> display='no helmet' (box=(0.430288, 0.757212, 0.024038, 0.081731), source_reason=mapped via classes.txt index 3)
2025-11-14 09:38:57 - INFO <-> Label[1] -> display='no savety vest' (box=(0.4375, 0.680288, 0.048077, 0.105769), source_reason=mapped via classes.txt index 4)
2025-11-14 09:38:57 - INFO <-> Label[2] -> display='person' (box=(0.442308, 0.653846, 0.081731, 0.317308), source_reason=mapped via classes.txt index 0)
2025-11-14 09:38:57 - INFO <-> Loaded JSON annotations for '153f.jpg' from '/home/madan/a/labels/converted_json/153f.json': 2 boxes. Sample classes: no savety vest, person
2025-11-14 09:38:57 - INFO <-> [LOAD_IMAGE] About to set selections: total boxes loaded = 2
2025-11-14 09:38:57 - INFO <-> [LOAD_IMAGE] current_index=6, current selected_box_indices=set()
2025-11-14 09:38:57 - INFO <-> [LOAD_IMAGE] Has this image been visited before? False
2025-11-14 09:38:57 - INFO <-> [LOAD_IMAGE] FIRST VISIT + manual_deselect_all=False: selected_box_indices={0, 1} (range 0-1)
2025-11-14 09:38:57 - INFO <-> [UPDATE_LABELS_PANEL] Called with 2 boxes. Current selected_box_indices={0, 1}
2025-11-14 09:38:57 - INFO <-> Label[0] -> display='no savety vest' (box=(0.698438, 0.444444, 0.028125, 0.052778), source_reason=mapped via classes.txt index 4)
2025-11-14 09:38:57 - INFO <-> Label[1] -> display='person' (box=(0.691406, 0.461806, 0.05, 0.151389), source_reason=mapped via classes.txt index 0)
2025-11-14 09:38:58 - INFO <-> Loaded JSON annotations for '164f.jpg' from '/home/madan/a/labels/converted_json/164f.json': 2 boxes. Sample classes: no savety vest, person
2025-11-14 09:38:58 - INFO <-> [LOAD_IMAGE] About to set selections: total boxes loaded = 2
2025-11-14 09:38:58 - INFO <-> [LOAD_IMAGE] current_index=7, current selected_box_indices=set()
2025-11-14 09:38:58 - INFO <-> [LOAD_IMAGE] Has this image been visited before? False
2025-11-14 09:38:58 - INFO <-> [LOAD_IMAGE] FIRST VISIT + manual_deselect_all=False: selected_box_indices={0, 1} (range 0-1)
2025-11-14 09:38:58 - INFO <-> [UPDATE_LABELS_PANEL] Called with 2 boxes. Current selected_box_indices={0, 1}
2025-11-14 09:38:58 - INFO <-> Label[0] -> display='no savety vest' (box=(0.58841, 0.641075, 0.032689, 0.069098), source_reason=mapped via classes.txt index 4)
2025-11-14 09:38:58 - INFO <-> Label[1] -> display='person' (box=(0.585438, 0.65547, 0.065379, 0.15547), source_reason=mapped via classes.txt index 0)
2025-11-14 09:39:00 - INFO <-> Application exiting with code 0.
2025-11-14 09:41:57 - INFO <-> Logging configured successfully.
2025-11-14 09:41:59 - INFO <-> Format changed to JSON.
2025-11-14 09:41:59 - INFO <-> Using in-memory classes (preserve manual/session classes)
2025-11-14 09:41:59 - INFO <-> <-> State reset before loading dataset.
2025-11-14 09:42:06 - INFO <-> Using preferred annotation format: JSON
2025-11-14 09:42:06 - INFO <-> Detected JSON bbox styles: ['bbox']
2025-11-14 09:42:06 - INFO <-> _discover_classes_in_json_folder: inspected 3 sample files, no class names found.
2025-11-14 09:42:06 - INFO <-> Sample JSON keys for 'frame392.json': ['image', 'annotations']
2025-11-14 09:42:06 - INFO <-> Sample object keys: ['bbox', 'category_id']
2025-11-14 09:42:06 - INFO <->   bbox: [0.36901, 0.426852, 0.019271, 0.035185]
2025-11-14 09:42:06 - INFO <->   category_id: 3
2025-11-14 09:42:06 - INFO <-> Sample JSON keys for 'frame048.json': ['image', 'annotations']
2025-11-14 09:42:06 - INFO <-> Sample object keys: ['bbox', 'category_id']
2025-11-14 09:42:06 - INFO <->   bbox: [0.788542, 0.55787, 0.013542, 0.015741]
2025-11-14 09:42:06 - INFO <->   category_id: 1
2025-11-14 09:42:06 - INFO <-> Sample JSON keys for 'image0314.json': ['image', 'annotations']
2025-11-14 09:42:06 - INFO <-> Sample object keys: ['bbox', 'category_id']
2025-11-14 09:42:06 - INFO <->   bbox: [0.489063, 0.35, 0.146875, 0.271875]
2025-11-14 09:42:06 - INFO <->   category_id: 4
2025-11-14 09:42:07 - INFO <-> User proceeded with existing classes.
2025-11-14 09:42:07 - INFO <-> Loaded JSON annotations for '6f.jpg' from '/home/madan/a/labels/converted_json/6f.json': 18 boxes. Sample classes: helmet, helmet, helmet, helmet, helmet, helmet, person, person, person, person...
2025-11-14 09:42:07 - INFO <-> [LOAD_IMAGE] About to set selections: total boxes loaded = 18
2025-11-14 09:42:07 - INFO <-> [LOAD_IMAGE] current_index=0, current selected_box_indices=set()
2025-11-14 09:42:07 - INFO <-> [LOAD_IMAGE] Has this image been visited before? False
2025-11-14 09:42:07 - INFO <-> [LOAD_IMAGE] FIRST VISIT + manual_deselect_all=False: selected_box_indices={0, 1, 2, 3, 4, 5, 6, 7, 8, 9, 10, 11, 12, 13, 14, 15, 16, 17} (range 0-17)
2025-11-14 09:42:07 - INFO <-> [UPDATE_LABELS_PANEL] Called with 18 boxes. Current selected_box_indices={0, 1, 2, 3, 4, 5, 6, 7, 8, 9, 10, 11, 12, 13, 14, 15, 16, 17}
2025-11-14 09:42:07 - INFO <-> Label[0] -> display='helmet' (box=(194.00000000000003, 210.0, 95.00031999999999, 60.0), source_reason=mapped via classes.txt index 1)
2025-11-14 09:42:07 - INFO <-> Label[1] -> display='helmet' (box=(675.0003200000001, 172.99968, 68.99968, 55.00032), source_reason=mapped via classes.txt index 1)
2025-11-14 09:42:07 - INFO <-> Label[2] -> display='helmet' (box=(396.0, 235.00032000000004, 72.0, 52.99968), source_reason=mapped via classes.txt index 1)
2025-11-14 09:42:07 - INFO <-> Label[3] -> display='helmet' (box=(561.99936, 237.99983999999998, 62.000640000000004, 43.99968), source_reason=mapped via classes.txt index 1)
2025-11-14 09:42:07 - INFO <-> Label[4] -> display='helmet' (box=(954.00064, 139.00032000000002, 193.99936, 132.0), source_reason=mapped via classes.txt index 1)
2025-11-14 09:42:07 - INFO <-> Label[5] -> display='helmet' (box=(828.99968, 210.00047999999998, 54.000640000000004, 39.0), source_reason=mapped via classes.txt index 1)
2025-11-14 09:42:07 - INFO <-> Label[6] -> display='person' (box=(158.99967999999998, 168.99983999999995, 226.00064, 609.0), source_reason=mapped via classes.txt index 0)
2025-11-14 09:42:07 - INFO <-> Label[7] -> display='person' (box=(339.99936, 215.99999999999997, 218.00063999999998, 504.0), source_reason=mapped via classes.txt index 0)
2025-11-14 09:42:07 - INFO <-> Label[8] -> display='person' (box=(899.00032, 139.00032000000004, 342.00064, 820.99968), source_reason=mapped via classes.txt index 0)
2025-11-14 09:42:07 - INFO <-> Label[9] -> display='person' (box=(527.99936, 229.99967999999998, 164.0, 414.0), source_reason=mapped via classes.txt index 0)
2025-11-14 09:42:07 - INFO <-> Label[10] -> display='person' (box=(644.0, 165.00048, 147.00032, 429.0), source_reason=mapped via classes.txt index 0)
2025-11-14 09:42:07 - INFO <-> Label[11] -> display='person' (box=(793.99936, 194.00016, 115.00031999999999, 388.00032), source_reason=mapped via classes.txt index 0)
2025-11-14 09:42:07 - INFO <-> Label[12] -> display='savety vest' (box=(942.9996800000001, 346.99968, 293.99936, 354.0), source_reason=mapped via classes.txt index 2)
2025-11-14 09:42:07 - INFO <-> Label[13] -> display='no savety vest' (box=(176.0, 310.00032, 164.99967999999998, 204.0), source_reason=mapped via classes.txt index 4)
2025-11-14 09:42:07 - INFO <-> Label[14] -> display='savety vest' (box=(370.9990399999999, 304.99968, 166.00064, 186.0), source_reason=mapped via classes.txt index 2)
2025-11-14 09:42:07 - INFO <-> Label[15] -> display='no savety vest' (box=(550.0, 309.99935999999997, 100.0, 151.00032), source_reason=mapped via classes.txt index 4)
2025-11-14 09:42:07 - INFO <-> Label[16] -> display='no savety vest' (box=(651.9999999999999, 253.99968, 116.99968, 133.00032), source_reason=mapped via classes.txt index 4)
2025-11-14 09:42:07 - INFO <-> Label[17] -> display='savety vest' (box=(806.00064, 265.99967999999996, 100.99968000000001, 145.00032000000002), source_reason=mapped via classes.txt index 2)
2025-11-14 09:42:07 - INFO <-> Dataset loaded. Images: 166. Format: JSON.
2025-11-14 09:42:11 - INFO <-> Loaded JSON annotations for '37.jpg' from '/home/madan/a/labels/converted_json/37.json': 6 boxes. Sample classes: no helmet, no helmet, no savety vest, person, person, savety vest
2025-11-14 09:42:11 - INFO <-> [LOAD_IMAGE] About to set selections: total boxes loaded = 6
2025-11-14 09:42:11 - INFO <-> [LOAD_IMAGE] current_index=1, current selected_box_indices=set()
2025-11-14 09:42:11 - INFO <-> [LOAD_IMAGE] Has this image been visited before? False
2025-11-14 09:42:11 - INFO <-> [LOAD_IMAGE] FIRST VISIT + manual_deselect_all=False: selected_box_indices={0, 1, 2, 3, 4, 5} (range 0-5)
2025-11-14 09:42:11 - INFO <-> [UPDATE_LABELS_PANEL] Called with 6 boxes. Current selected_box_indices={0, 1, 2, 3, 4, 5}
2025-11-14 09:42:11 - INFO <-> Label[0] -> display='no helmet' (box=(205.99987199999998, 225.99990400000002, 26.0, 50.999936), source_reason=mapped via classes.txt index 3)
2025-11-14 09:42:11 - INFO <-> Label[1] -> display='no helmet' (box=(121.00004799999999, 249.99998399999998, 30.999904, 61.000159999999994), source_reason=mapped via classes.txt index 3)
2025-11-14 09:42:11 - INFO <-> Label[2] -> display='no savety vest' (box=(118.99991999999999, 299.0, 46.000032, 100.999808), source_reason=mapped via classes.txt index 4)
2025-11-14 09:42:11 - INFO <-> Label[3] -> display='person' (box=(170.99992, 224.000192, 73.000096, 191.999808), source_reason=mapped via classes.txt index 0)
2025-11-14 09:42:11 - INFO <-> Label[4] -> display='person' (box=(111.00003199999999, 245.99993599999996, 63.999936000000005, 166.999872), source_reason=mapped via classes.txt index 0)
2025-11-14 09:42:11 - INFO <-> Label[5] -> display='savety vest' (box=(199.99990400000002, 273.0, 42.000192, 76.999936), source_reason=mapped via classes.txt index 2)
2025-11-14 09:42:12 - INFO <-> Loaded JSON annotations for '72f.jpg' from '/home/madan/a/labels/converted_json/72f.json': 3 boxes. Sample classes: helmet, person, no savety vest
2025-11-14 09:42:12 - INFO <-> [LOAD_IMAGE] About to set selections: total boxes loaded = 3
2025-11-14 09:42:12 - INFO <-> [LOAD_IMAGE] current_index=2, current selected_box_indices=set()
2025-11-14 09:42:12 - INFO <-> [LOAD_IMAGE] Has this image been visited before? False
2025-11-14 09:42:12 - INFO <-> [LOAD_IMAGE] FIRST VISIT + manual_deselect_all=False: selected_box_indices={0, 1, 2} (range 0-2)
2025-11-14 09:42:12 - INFO <-> [UPDATE_LABELS_PANEL] Called with 3 boxes. Current selected_box_indices={0, 1, 2}
2025-11-14 09:42:12 - INFO <-> Label[0] -> display='helmet' (box=(91.000299, 559.000563, 129.00002999999998, 86.99972600000001), source_reason=mapped via classes.txt index 1)
2025-11-14 09:42:12 - INFO <-> Label[1] -> display='person' (box=(1.0007910000000062, 552.999744, 360.999742, 286.000264), source_reason=mapped via classes.txt index 0)
2025-11-14 09:42:12 - INFO <-> Label[2] -> display='no savety vest' (box=(42.00013799999999, 648.999923, 311.000628, 145.999766), source_reason=mapped via classes.txt index 4)
2025-11-14 09:42:13 - INFO <-> Loaded JSON annotations for '84f.jpg' from '/home/madan/a/labels/converted_json/84f.json': 12 boxes. Sample classes: helmet, helmet, helmet, helmet, person, person, person, person, no savety vest, no savety vest...
2025-11-14 09:42:13 - INFO <-> [LOAD_IMAGE] About to set selections: total boxes loaded = 12
2025-11-14 09:42:13 - INFO <-> [LOAD_IMAGE] current_index=3, current selected_box_indices=set()
2025-11-14 09:42:13 - INFO <-> [LOAD_IMAGE] Has this image been visited before? False
2025-11-14 09:42:13 - INFO <-> [LOAD_IMAGE] FIRST VISIT + manual_deselect_all=False: selected_box_indices={0, 1, 2, 3, 4, 5, 6, 7, 8, 9, 10, 11} (range 0-11)
2025-11-14 09:42:13 - INFO <-> [UPDATE_LABELS_PANEL] Called with 12 boxes. Current selected_box_indices={0, 1, 2, 3, 4, 5, 6, 7, 8, 9, 10, 11}
2025-11-14 09:42:13 - INFO <-> Label[0] -> display='helmet' (box=(601.00032, 232.00019999999998, 64.99968, 43.999919999999996), source_reason=mapped via classes.txt index 1)
2025-11-14 09:42:13 - INFO <-> Label[1] -> display='helmet' (box=(342.99968, 156.9996, 96.99968, 56.00016), source_reason=mapped via classes.txt index 1)
2025-11-14 09:42:13 - INFO <-> Label[2] -> display='helmet' (box=(500.0, 228.99996, 64.0, 39.00024), source_reason=mapped via classes.txt index 1)
2025-11-14 09:42:13 - INFO <-> Label[3] -> display='helmet' (box=(742.9996800000001, 219.00024000000002, 85.99936, 56.00016), source_reason=mapped via classes.txt index 1)
2025-11-14 09:42:13 - INFO <-> Label[4] -> display='person' (box=(726.99968, 211.99967999999998, 135.00032, 508.00032), source_reason=mapped via classes.txt index 0)
2025-11-14 09:42:13 - INFO <-> Label[5] -> display='person' (box=(585.00032, 228.00024, 120.99968000000001, 436.99968), source_reason=mapped via classes.txt index 0)
2025-11-14 09:42:13 - INFO <-> Label[6] -> display='person' (box=(488.0, 223.0002, 108.99968, 415.00008), source_reason=mapped via classes.txt index 0)
2025-11-14 09:42:13 - INFO <-> Label[7] -> display='person' (box=(320.99967999999996, 152.00027999999998, 188.99968, 532.00008), source_reason=mapped via classes.txt index 0)
2025-11-14 09:42:13 - INFO <-> Label[8] -> display='no savety vest' (box=(736.99968, 304.99992, 118.00064, 202.99967999999998), source_reason=mapped via classes.txt index 4)
2025-11-14 09:42:13 - INFO <-> Label[9] -> display='no savety vest' (box=(583.99936, 315.99972, 124.0, 145.00008), source_reason=mapped via classes.txt index 4)
2025-11-14 09:42:13 - INFO <-> Label[10] -> display='no savety vest' (box=(498.0006400000001, 300.99996, 92.99968, 127.00008), source_reason=mapped via classes.txt index 4)
2025-11-14 09:42:13 - INFO <-> Label[11] -> display='savety vest' (box=(318.99967999999996, 261.00000000000006, 144.99968, 202.99967999999998), source_reason=mapped via classes.txt index 2)
2025-11-14 09:42:14 - INFO <-> Loaded JSON annotations for '148f.jpg' from '/home/madan/a/labels/converted_json/148f.json': 3 boxes. Sample classes: person, no savety vest, helmet
2025-11-14 09:42:14 - INFO <-> [LOAD_IMAGE] About to set selections: total boxes loaded = 3
2025-11-14 09:42:14 - INFO <-> [LOAD_IMAGE] current_index=4, current selected_box_indices=set()
2025-11-14 09:42:14 - INFO <-> [LOAD_IMAGE] Has this image been visited before? False
2025-11-14 09:42:14 - INFO <-> [LOAD_IMAGE] FIRST VISIT + manual_deselect_all=False: selected_box_indices={0, 1, 2} (range 0-2)
2025-11-14 09:42:14 - INFO <-> [UPDATE_LABELS_PANEL] Called with 3 boxes. Current selected_box_indices={0, 1, 2}
2025-11-14 09:42:14 - INFO <-> Label[0] -> display='person' (box=(145.000347, -0.999963999999999, 75.999906, 141.000036), source_reason=mapped via classes.txt index 0)
2025-11-14 09:42:14 - INFO <-> Label[1] -> display='no savety vest' (box=(158.99998499999998, 35.000018, 54.999918, 91.00013200000001), source_reason=mapped via classes.txt index 4)
2025-11-14 09:42:14 - INFO <-> Label[2] -> display='helmet' (box=(159.999858, -7.1000000000071e-05, 34.99998, 19.000026000000002), source_reason=mapped via classes.txt index 1)
2025-11-14 09:42:14 - INFO <-> Loaded JSON annotations for '149.jpg' from '/home/madan/a/labels/converted_json/149.json': 3 boxes. Sample classes: no helmet, no savety vest, person
2025-11-14 09:42:14 - INFO <-> [LOAD_IMAGE] About to set selections: total boxes loaded = 3
2025-11-14 09:42:14 - INFO <-> [LOAD_IMAGE] current_index=5, current selected_box_indices=set()
2025-11-14 09:42:14 - INFO <-> [LOAD_IMAGE] Has this image been visited before? False
2025-11-14 09:42:14 - INFO <-> [LOAD_IMAGE] FIRST VISIT + manual_deselect_all=False: selected_box_indices={0, 1, 2} (range 0-2)
2025-11-14 09:42:14 - INFO <-> [UPDATE_LABELS_PANEL] Called with 3 boxes. Current selected_box_indices={0, 1, 2}
2025-11-14 09:42:14 - INFO <-> Label[0] -> display='no helmet' (box=(173.99990400000002, 298.000144, 9.999808, 34.000096), source_reason=mapped via classes.txt index 3)
2025-11-14 09:42:14 - INFO <-> Label[1] -> display='no savety vest' (box=(171.99998399999998, 260.999856, 20.000032, 43.999904), source_reason=mapped via classes.txt index 4)
2025-11-14 09:42:14 - INFO <-> Label[2] -> display='person' (box=(167.00008, 205.99987200000004, 34.000096, 132.000128), source_reason=mapped via classes.txt index 0)
2025-11-14 09:42:15 - INFO <-> Loaded JSON annotations for '153f.jpg' from '/home/madan/a/labels/converted_json/153f.json': 2 boxes. Sample classes: no savety vest, person
2025-11-14 09:42:15 - INFO <-> [LOAD_IMAGE] About to set selections: total boxes loaded = 2
2025-11-14 09:42:15 - INFO <-> [LOAD_IMAGE] current_index=6, current selected_box_indices=set()
2025-11-14 09:42:15 - INFO <-> [LOAD_IMAGE] Has this image been visited before? False
2025-11-14 09:42:15 - INFO <-> [LOAD_IMAGE] FIRST VISIT + manual_deselect_all=False: selected_box_indices={0, 1} (range 0-1)
2025-11-14 09:42:15 - INFO <-> [UPDATE_LABELS_PANEL] Called with 2 boxes. Current selected_box_indices={0, 1}
2025-11-14 09:42:15 - INFO <-> Label[0] -> display='no savety vest' (box=(876.00064, 300.9996, 36.0, 38.00016), source_reason=mapped via classes.txt index 4)
2025-11-14 09:42:15 - INFO <-> Label[1] -> display='person' (box=(852.9996799999999, 278.00028, 64.0, 109.00008), source_reason=mapped via classes.txt index 0)
2025-11-14 09:42:17 - INFO <-> Format changed to TXT.
2025-11-14 09:42:18 - INFO <-> Prompting user to reload dataset for new format.
2025-11-14 09:42:18 - INFO <-> Using in-memory classes (preserve manual/session classes)
2025-11-14 09:42:18 - INFO <-> <-> State reset before loading dataset.
2025-11-14 09:42:24 - INFO <-> Using preferred annotation format: TXT
2025-11-14 09:42:24 - INFO <-> User proceeded with existing classes.
2025-11-14 09:42:24 - INFO <-> [LOAD_IMAGE] About to set selections: total boxes loaded = 18
2025-11-14 09:42:24 - INFO <-> [LOAD_IMAGE] current_index=0, current selected_box_indices=set()
2025-11-14 09:42:24 - INFO <-> [LOAD_IMAGE] Has this image been visited before? False
2025-11-14 09:42:24 - INFO <-> [LOAD_IMAGE] FIRST VISIT + manual_deselect_all=False: selected_box_indices={0, 1, 2, 3, 4, 5, 6, 7, 8, 9, 10, 11, 12, 13, 14, 15, 16, 17} (range 0-17)
2025-11-14 09:42:24 - INFO <-> [UPDATE_LABELS_PANEL] Called with 18 boxes. Current selected_box_indices={0, 1, 2, 3, 4, 5, 6, 7, 8, 9, 10, 11, 12, 13, 14, 15, 16, 17}
2025-11-14 09:42:24 - INFO <-> Dataset loaded. Images: 166. Format: TXT.
2025-11-14 09:42:26 - INFO <-> [LOAD_IMAGE] About to set selections: total boxes loaded = 6
2025-11-14 09:42:26 - INFO <-> [LOAD_IMAGE] current_index=1, current selected_box_indices=set()
2025-11-14 09:42:26 - INFO <-> [LOAD_IMAGE] Has this image been visited before? False
2025-11-14 09:42:26 - INFO <-> [LOAD_IMAGE] FIRST VISIT + manual_deselect_all=False: selected_box_indices={0, 1, 2, 3, 4, 5} (range 0-5)
2025-11-14 09:42:26 - INFO <-> [UPDATE_LABELS_PANEL] Called with 6 boxes. Current selected_box_indices={0, 1, 2, 3, 4, 5}
2025-11-14 09:42:26 - INFO <-> [LOAD_IMAGE] About to set selections: total boxes loaded = 3
2025-11-14 09:42:26 - INFO <-> [LOAD_IMAGE] current_index=2, current selected_box_indices=set()
2025-11-14 09:42:26 - INFO <-> [LOAD_IMAGE] Has this image been visited before? False
2025-11-14 09:42:26 - INFO <-> [LOAD_IMAGE] FIRST VISIT + manual_deselect_all=False: selected_box_indices={0, 1, 2} (range 0-2)
2025-11-14 09:42:26 - INFO <-> [UPDATE_LABELS_PANEL] Called with 3 boxes. Current selected_box_indices={0, 1, 2}
2025-11-14 09:42:26 - INFO <-> [LOAD_IMAGE] About to set selections: total boxes loaded = 12
2025-11-14 09:42:26 - INFO <-> [LOAD_IMAGE] current_index=3, current selected_box_indices=set()
2025-11-14 09:42:26 - INFO <-> [LOAD_IMAGE] Has this image been visited before? False
2025-11-14 09:42:26 - INFO <-> [LOAD_IMAGE] FIRST VISIT + manual_deselect_all=False: selected_box_indices={0, 1, 2, 3, 4, 5, 6, 7, 8, 9, 10, 11} (range 0-11)
2025-11-14 09:42:26 - INFO <-> [UPDATE_LABELS_PANEL] Called with 12 boxes. Current selected_box_indices={0, 1, 2, 3, 4, 5, 6, 7, 8, 9, 10, 11}
2025-11-14 09:42:29 - INFO <-> Format changed to COCO.
2025-11-14 09:42:30 - INFO <-> Prompting user to reload dataset for new format.
2025-11-14 09:42:41 - INFO <-> [UPDATE_LABELS_PANEL] Called with 12 boxes. Current selected_box_indices={0, 1, 2, 3, 4, 5, 6, 7, 8, 9, 10, 11}
2025-11-14 09:42:41 - INFO <-> Confirmed and loaded 5 classes from '/home/madan/a/labels/converted_coco_json/_annotations.coco.json'.
2025-11-14 09:42:47 - INFO <-> [LOAD_IMAGE] About to set selections: total boxes loaded = 18
2025-11-14 09:42:47 - INFO <-> [LOAD_IMAGE] current_index=0, current selected_box_indices=set()
2025-11-14 09:42:47 - INFO <-> [LOAD_IMAGE] Has this image been visited before? False
2025-11-14 09:42:47 - INFO <-> [LOAD_IMAGE] FIRST VISIT + manual_deselect_all=False: selected_box_indices={0, 1, 2, 3, 4, 5, 6, 7, 8, 9, 10, 11, 12, 13, 14, 15, 16, 17} (range 0-17)
2025-11-14 09:42:47 - INFO <-> [UPDATE_LABELS_PANEL] Called with 18 boxes. Current selected_box_indices={0, 1, 2, 3, 4, 5, 6, 7, 8, 9, 10, 11, 12, 13, 14, 15, 16, 17}
2025-11-14 09:42:47 - INFO <-> COCO dataset loaded. Images: 166. Annotations: /home/madan/a/labels/converted_coco_json/_annotations.coco.json
2025-11-14 09:42:50 - INFO <-> Application exiting with code 0.
2025-11-14 09:46:17 - INFO <-> Logging configured successfully.
2025-11-14 09:46:18 - INFO <-> Using in-memory classes (preserve manual/session classes)
2025-11-14 09:46:18 - INFO <-> <-> State reset before loading dataset.
2025-11-14 09:46:24 - INFO <-> Auto-detected annotation format: TXT
2025-11-14 09:46:25 - INFO <-> User proceeded with existing classes.
2025-11-14 09:46:25 - INFO <-> [LOAD_IMAGE] About to set selections: total boxes loaded = 18
2025-11-14 09:46:25 - INFO <-> [LOAD_IMAGE] current_index=0, current selected_box_indices=set()
2025-11-14 09:46:25 - INFO <-> [LOAD_IMAGE] Has this image been visited before? False
2025-11-14 09:46:25 - INFO <-> [LOAD_IMAGE] FIRST VISIT + manual_deselect_all=False: selected_box_indices={0, 1, 2, 3, 4, 5, 6, 7, 8, 9, 10, 11, 12, 13, 14, 15, 16, 17} (range 0-17)
2025-11-14 09:46:25 - INFO <-> [UPDATE_LABELS_PANEL] Called with 18 boxes. Current selected_box_indices={0, 1, 2, 3, 4, 5, 6, 7, 8, 9, 10, 11, 12, 13, 14, 15, 16, 17}
2025-11-14 09:46:25 - INFO <-> Dataset loaded. Images: 166. Format: TXT.
2025-11-14 09:46:25 - INFO <-> [LOAD_IMAGE] About to set selections: total boxes loaded = 6
2025-11-14 09:46:25 - INFO <-> [LOAD_IMAGE] current_index=1, current selected_box_indices=set()
2025-11-14 09:46:25 - INFO <-> [LOAD_IMAGE] Has this image been visited before? False
2025-11-14 09:46:25 - INFO <-> [LOAD_IMAGE] FIRST VISIT + manual_deselect_all=False: selected_box_indices={0, 1, 2, 3, 4, 5} (range 0-5)
2025-11-14 09:46:25 - INFO <-> [UPDATE_LABELS_PANEL] Called with 6 boxes. Current selected_box_indices={0, 1, 2, 3, 4, 5}
2025-11-14 09:46:25 - INFO <-> [LOAD_IMAGE] About to set selections: total boxes loaded = 3
2025-11-14 09:46:25 - INFO <-> [LOAD_IMAGE] current_index=2, current selected_box_indices=set()
2025-11-14 09:46:25 - INFO <-> [LOAD_IMAGE] Has this image been visited before? False
2025-11-14 09:46:25 - INFO <-> [LOAD_IMAGE] FIRST VISIT + manual_deselect_all=False: selected_box_indices={0, 1, 2} (range 0-2)
2025-11-14 09:46:25 - INFO <-> [UPDATE_LABELS_PANEL] Called with 3 boxes. Current selected_box_indices={0, 1, 2}
2025-11-14 09:46:26 - INFO <-> [LOAD_IMAGE] About to set selections: total boxes loaded = 12
2025-11-14 09:46:26 - INFO <-> [LOAD_IMAGE] current_index=3, current selected_box_indices=set()
2025-11-14 09:46:26 - INFO <-> [LOAD_IMAGE] Has this image been visited before? False
2025-11-14 09:46:26 - INFO <-> [LOAD_IMAGE] FIRST VISIT + manual_deselect_all=False: selected_box_indices={0, 1, 2, 3, 4, 5, 6, 7, 8, 9, 10, 11} (range 0-11)
2025-11-14 09:46:26 - INFO <-> [UPDATE_LABELS_PANEL] Called with 12 boxes. Current selected_box_indices={0, 1, 2, 3, 4, 5, 6, 7, 8, 9, 10, 11}
2025-11-14 09:46:26 - INFO <-> [LOAD_IMAGE] About to set selections: total boxes loaded = 3
2025-11-14 09:46:26 - INFO <-> [LOAD_IMAGE] current_index=4, current selected_box_indices=set()
2025-11-14 09:46:26 - INFO <-> [LOAD_IMAGE] Has this image been visited before? False
2025-11-14 09:46:26 - INFO <-> [LOAD_IMAGE] FIRST VISIT + manual_deselect_all=False: selected_box_indices={0, 1, 2} (range 0-2)
2025-11-14 09:46:26 - INFO <-> [UPDATE_LABELS_PANEL] Called with 3 boxes. Current selected_box_indices={0, 1, 2}
2025-11-14 09:46:26 - INFO <-> [LOAD_IMAGE] About to set selections: total boxes loaded = 3
2025-11-14 09:46:26 - INFO <-> [LOAD_IMAGE] current_index=5, current selected_box_indices=set()
2025-11-14 09:46:26 - INFO <-> [LOAD_IMAGE] Has this image been visited before? False
2025-11-14 09:46:26 - INFO <-> [LOAD_IMAGE] FIRST VISIT + manual_deselect_all=False: selected_box_indices={0, 1, 2} (range 0-2)
2025-11-14 09:46:26 - INFO <-> [UPDATE_LABELS_PANEL] Called with 3 boxes. Current selected_box_indices={0, 1, 2}
2025-11-14 09:46:27 - INFO <-> [NESTED_DRAW] ======== MOUSE PRESS ========
2025-11-14 09:46:27 - INFO <-> [NESTED_DRAW] mode=view, image_loaded=True, is_drawing_enabled=False, num_boxes=3
2025-11-14 09:46:27 - INFO <-> [NESTED_DRAW] ✗ REJECTED: mode=view, image=True
2025-11-14 09:46:28 - INFO <-> Format selection cancelled by user.
2025-11-14 09:46:30 - INFO <-> Converted 167 TXT files to JSON in '/home/madan/a/labels/converted_json'.
2025-11-14 09:46:34 - INFO <-> Format changed to JSON.
2025-11-14 09:46:35 - INFO <-> Prompting user to reload dataset for new format.
2025-11-14 09:46:35 - INFO <-> Using in-memory classes (preserve manual/session classes)
2025-11-14 09:46:35 - INFO <-> <-> State reset before loading dataset.
2025-11-14 09:46:42 - INFO <-> Using preferred annotation format: JSON
2025-11-14 09:46:42 - INFO <-> Detected JSON bbox styles: ['bbox']
2025-11-14 09:46:42 - INFO <-> _discover_classes_in_json_folder: inspected 3 sample files, no class names found.
2025-11-14 09:46:42 - INFO <-> Sample JSON keys for 'frame392.json': ['image', 'annotations']
2025-11-14 09:46:42 - INFO <-> Sample object keys: ['bbox', 'category_id']
2025-11-14 09:46:42 - INFO <->   bbox: [0.36901, 0.426852, 0.019271, 0.035185]
2025-11-14 09:46:42 - INFO <->   category_id: 3
2025-11-14 09:46:42 - INFO <-> Sample JSON keys for 'frame048.json': ['image', 'annotations']
2025-11-14 09:46:42 - INFO <-> Sample object keys: ['bbox', 'category_id']
2025-11-14 09:46:42 - INFO <->   bbox: [0.788542, 0.55787, 0.013542, 0.015741]
2025-11-14 09:46:42 - INFO <->   category_id: 1
2025-11-14 09:46:42 - INFO <-> Sample JSON keys for 'image0314.json': ['image', 'annotations']
2025-11-14 09:46:42 - INFO <-> Sample object keys: ['bbox', 'category_id']
2025-11-14 09:46:42 - INFO <->   bbox: [0.489063, 0.35, 0.146875, 0.271875]
2025-11-14 09:46:42 - INFO <->   category_id: 4
2025-11-14 09:46:43 - INFO <-> User proceeded with existing classes.
2025-11-14 09:46:43 - INFO <-> Loaded JSON annotations for '6f.jpg' from '/home/madan/a/labels/converted_json/6f.json': 18 boxes. Sample classes: helmet, helmet, helmet, helmet, helmet, helmet, person, person, person, person...
2025-11-14 09:46:43 - INFO <-> [LOAD_IMAGE] About to set selections: total boxes loaded = 18
2025-11-14 09:46:43 - INFO <-> [LOAD_IMAGE] current_index=0, current selected_box_indices=set()
2025-11-14 09:46:43 - INFO <-> [LOAD_IMAGE] Has this image been visited before? False
2025-11-14 09:46:43 - INFO <-> [LOAD_IMAGE] FIRST VISIT + manual_deselect_all=False: selected_box_indices={0, 1, 2, 3, 4, 5, 6, 7, 8, 9, 10, 11, 12, 13, 14, 15, 16, 17} (range 0-17)
2025-11-14 09:46:43 - INFO <-> [UPDATE_LABELS_PANEL] Called with 18 boxes. Current selected_box_indices={0, 1, 2, 3, 4, 5, 6, 7, 8, 9, 10, 11, 12, 13, 14, 15, 16, 17}
2025-11-14 09:46:43 - INFO <-> Label[0] -> display='helmet' (box=(194.00000000000003, 210.0, 95.00031999999999, 60.0), source_reason=mapped via classes.txt index 1)
2025-11-14 09:46:43 - INFO <-> Label[1] -> display='helmet' (box=(675.0003200000001, 172.99968, 68.99968, 55.00032), source_reason=mapped via classes.txt index 1)
2025-11-14 09:46:43 - INFO <-> Label[2] -> display='helmet' (box=(396.0, 235.00032000000004, 72.0, 52.99968), source_reason=mapped via classes.txt index 1)
2025-11-14 09:46:43 - INFO <-> Label[3] -> display='helmet' (box=(561.99936, 237.99983999999998, 62.000640000000004, 43.99968), source_reason=mapped via classes.txt index 1)
2025-11-14 09:46:43 - INFO <-> Label[4] -> display='helmet' (box=(954.00064, 139.00032000000002, 193.99936, 132.0), source_reason=mapped via classes.txt index 1)
2025-11-14 09:46:43 - INFO <-> Label[5] -> display='helmet' (box=(828.99968, 210.00047999999998, 54.000640000000004, 39.0), source_reason=mapped via classes.txt index 1)
2025-11-14 09:46:43 - INFO <-> Label[6] -> display='person' (box=(158.99967999999998, 168.99983999999995, 226.00064, 609.0), source_reason=mapped via classes.txt index 0)
2025-11-14 09:46:43 - INFO <-> Label[7] -> display='person' (box=(339.99936, 215.99999999999997, 218.00063999999998, 504.0), source_reason=mapped via classes.txt index 0)
2025-11-14 09:46:43 - INFO <-> Label[8] -> display='person' (box=(899.00032, 139.00032000000004, 342.00064, 820.99968), source_reason=mapped via classes.txt index 0)
2025-11-14 09:46:43 - INFO <-> Label[9] -> display='person' (box=(527.99936, 229.99967999999998, 164.0, 414.0), source_reason=mapped via classes.txt index 0)
2025-11-14 09:46:43 - INFO <-> Label[10] -> display='person' (box=(644.0, 165.00048, 147.00032, 429.0), source_reason=mapped via classes.txt index 0)
2025-11-14 09:46:43 - INFO <-> Label[11] -> display='person' (box=(793.99936, 194.00016, 115.00031999999999, 388.00032), source_reason=mapped via classes.txt index 0)
2025-11-14 09:46:43 - INFO <-> Label[12] -> display='savety vest' (box=(942.9996800000001, 346.99968, 293.99936, 354.0), source_reason=mapped via classes.txt index 2)
2025-11-14 09:46:43 - INFO <-> Label[13] -> display='no savety vest' (box=(176.0, 310.00032, 164.99967999999998, 204.0), source_reason=mapped via classes.txt index 4)
2025-11-14 09:46:43 - INFO <-> Label[14] -> display='savety vest' (box=(370.9990399999999, 304.99968, 166.00064, 186.0), source_reason=mapped via classes.txt index 2)
2025-11-14 09:46:43 - INFO <-> Label[15] -> display='no savety vest' (box=(550.0, 309.99935999999997, 100.0, 151.00032), source_reason=mapped via classes.txt index 4)
2025-11-14 09:46:43 - INFO <-> Label[16] -> display='no savety vest' (box=(651.9999999999999, 253.99968, 116.99968, 133.00032), source_reason=mapped via classes.txt index 4)
2025-11-14 09:46:43 - INFO <-> Label[17] -> display='savety vest' (box=(806.00064, 265.99967999999996, 100.99968000000001, 145.00032000000002), source_reason=mapped via classes.txt index 2)
2025-11-14 09:46:43 - INFO <-> Dataset loaded. Images: 166. Format: JSON.
2025-11-14 09:46:44 - INFO <-> Loaded JSON annotations for '37.jpg' from '/home/madan/a/labels/converted_json/37.json': 6 boxes. Sample classes: no helmet, no helmet, no savety vest, person, person, savety vest
2025-11-14 09:46:44 - INFO <-> [LOAD_IMAGE] About to set selections: total boxes loaded = 6
2025-11-14 09:46:44 - INFO <-> [LOAD_IMAGE] current_index=1, current selected_box_indices=set()
2025-11-14 09:46:44 - INFO <-> [LOAD_IMAGE] Has this image been visited before? False
2025-11-14 09:46:44 - INFO <-> [LOAD_IMAGE] FIRST VISIT + manual_deselect_all=False: selected_box_indices={0, 1, 2, 3, 4, 5} (range 0-5)
2025-11-14 09:46:44 - INFO <-> [UPDATE_LABELS_PANEL] Called with 6 boxes. Current selected_box_indices={0, 1, 2, 3, 4, 5}
2025-11-14 09:46:44 - INFO <-> Label[0] -> display='no helmet' (box=(205.99987199999998, 225.99990400000002, 26.0, 50.999936), source_reason=mapped via classes.txt index 3)
2025-11-14 09:46:44 - INFO <-> Label[1] -> display='no helmet' (box=(121.00004799999999, 249.99998399999998, 30.999904, 61.000159999999994), source_reason=mapped via classes.txt index 3)
2025-11-14 09:46:44 - INFO <-> Label[2] -> display='no savety vest' (box=(118.99991999999999, 299.0, 46.000032, 100.999808), source_reason=mapped via classes.txt index 4)
2025-11-14 09:46:44 - INFO <-> Label[3] -> display='person' (box=(170.99992, 224.000192, 73.000096, 191.999808), source_reason=mapped via classes.txt index 0)
2025-11-14 09:46:44 - INFO <-> Label[4] -> display='person' (box=(111.00003199999999, 245.99993599999996, 63.999936000000005, 166.999872), source_reason=mapped via classes.txt index 0)
2025-11-14 09:46:44 - INFO <-> Label[5] -> display='savety vest' (box=(199.99990400000002, 273.0, 42.000192, 76.999936), source_reason=mapped via classes.txt index 2)
2025-11-14 09:46:47 - INFO <-> Loaded JSON annotations for '72f.jpg' from '/home/madan/a/labels/converted_json/72f.json': 3 boxes. Sample classes: helmet, person, no savety vest
2025-11-14 09:46:47 - INFO <-> [LOAD_IMAGE] About to set selections: total boxes loaded = 3
2025-11-14 09:46:47 - INFO <-> [LOAD_IMAGE] current_index=2, current selected_box_indices=set()
2025-11-14 09:46:47 - INFO <-> [LOAD_IMAGE] Has this image been visited before? False
2025-11-14 09:46:47 - INFO <-> [LOAD_IMAGE] FIRST VISIT + manual_deselect_all=False: selected_box_indices={0, 1, 2} (range 0-2)
2025-11-14 09:46:47 - INFO <-> [UPDATE_LABELS_PANEL] Called with 3 boxes. Current selected_box_indices={0, 1, 2}
2025-11-14 09:46:47 - INFO <-> Label[0] -> display='helmet' (box=(91.000299, 559.000563, 129.00002999999998, 86.99972600000001), source_reason=mapped via classes.txt index 1)
2025-11-14 09:46:47 - INFO <-> Label[1] -> display='person' (box=(1.0007910000000062, 552.999744, 360.999742, 286.000264), source_reason=mapped via classes.txt index 0)
2025-11-14 09:46:47 - INFO <-> Label[2] -> display='no savety vest' (box=(42.00013799999999, 648.999923, 311.000628, 145.999766), source_reason=mapped via classes.txt index 4)
2025-11-14 09:46:48 - INFO <-> Loaded JSON annotations for '84f.jpg' from '/home/madan/a/labels/converted_json/84f.json': 12 boxes. Sample classes: helmet, helmet, helmet, helmet, person, person, person, person, no savety vest, no savety vest...
2025-11-14 09:46:48 - INFO <-> [LOAD_IMAGE] About to set selections: total boxes loaded = 12
2025-11-14 09:46:48 - INFO <-> [LOAD_IMAGE] current_index=3, current selected_box_indices=set()
2025-11-14 09:46:48 - INFO <-> [LOAD_IMAGE] Has this image been visited before? False
2025-11-14 09:46:48 - INFO <-> [LOAD_IMAGE] FIRST VISIT + manual_deselect_all=False: selected_box_indices={0, 1, 2, 3, 4, 5, 6, 7, 8, 9, 10, 11} (range 0-11)
2025-11-14 09:46:48 - INFO <-> [UPDATE_LABELS_PANEL] Called with 12 boxes. Current selected_box_indices={0, 1, 2, 3, 4, 5, 6, 7, 8, 9, 10, 11}
2025-11-14 09:46:48 - INFO <-> Label[0] -> display='helmet' (box=(601.00032, 232.00019999999998, 64.99968, 43.999919999999996), source_reason=mapped via classes.txt index 1)
2025-11-14 09:46:48 - INFO <-> Label[1] -> display='helmet' (box=(342.99968, 156.9996, 96.99968, 56.00016), source_reason=mapped via classes.txt index 1)
2025-11-14 09:46:48 - INFO <-> Label[2] -> display='helmet' (box=(500.0, 228.99996, 64.0, 39.00024), source_reason=mapped via classes.txt index 1)
2025-11-14 09:46:48 - INFO <-> Label[3] -> display='helmet' (box=(742.9996800000001, 219.00024000000002, 85.99936, 56.00016), source_reason=mapped via classes.txt index 1)
2025-11-14 09:46:48 - INFO <-> Label[4] -> display='person' (box=(726.99968, 211.99967999999998, 135.00032, 508.00032), source_reason=mapped via classes.txt index 0)
2025-11-14 09:46:48 - INFO <-> Label[5] -> display='person' (box=(585.00032, 228.00024, 120.99968000000001, 436.99968), source_reason=mapped via classes.txt index 0)
2025-11-14 09:46:48 - INFO <-> Label[6] -> display='person' (box=(488.0, 223.0002, 108.99968, 415.00008), source_reason=mapped via classes.txt index 0)
2025-11-14 09:46:48 - INFO <-> Label[7] -> display='person' (box=(320.99967999999996, 152.00027999999998, 188.99968, 532.00008), source_reason=mapped via classes.txt index 0)
2025-11-14 09:46:48 - INFO <-> Label[8] -> display='no savety vest' (box=(736.99968, 304.99992, 118.00064, 202.99967999999998), source_reason=mapped via classes.txt index 4)
2025-11-14 09:46:48 - INFO <-> Label[9] -> display='no savety vest' (box=(583.99936, 315.99972, 124.0, 145.00008), source_reason=mapped via classes.txt index 4)
2025-11-14 09:46:48 - INFO <-> Label[10] -> display='no savety vest' (box=(498.0006400000001, 300.99996, 92.99968, 127.00008), source_reason=mapped via classes.txt index 4)
2025-11-14 09:46:48 - INFO <-> Label[11] -> display='savety vest' (box=(318.99967999999996, 261.00000000000006, 144.99968, 202.99967999999998), source_reason=mapped via classes.txt index 2)
2025-11-14 09:46:48 - INFO <-> Loaded JSON annotations for '148f.jpg' from '/home/madan/a/labels/converted_json/148f.json': 3 boxes. Sample classes: person, no savety vest, helmet
2025-11-14 09:46:48 - INFO <-> [LOAD_IMAGE] About to set selections: total boxes loaded = 3
2025-11-14 09:46:48 - INFO <-> [LOAD_IMAGE] current_index=4, current selected_box_indices=set()
2025-11-14 09:46:48 - INFO <-> [LOAD_IMAGE] Has this image been visited before? False
2025-11-14 09:46:48 - INFO <-> [LOAD_IMAGE] FIRST VISIT + manual_deselect_all=False: selected_box_indices={0, 1, 2} (range 0-2)
2025-11-14 09:46:48 - INFO <-> [UPDATE_LABELS_PANEL] Called with 3 boxes. Current selected_box_indices={0, 1, 2}
2025-11-14 09:46:48 - INFO <-> Label[0] -> display='person' (box=(145.000347, -0.999963999999999, 75.999906, 141.000036), source_reason=mapped via classes.txt index 0)
2025-11-14 09:46:48 - INFO <-> Label[1] -> display='no savety vest' (box=(158.99998499999998, 35.000018, 54.999918, 91.00013200000001), source_reason=mapped via classes.txt index 4)
2025-11-14 09:46:48 - INFO <-> Label[2] -> display='helmet' (box=(159.999858, -7.1000000000071e-05, 34.99998, 19.000026000000002), source_reason=mapped via classes.txt index 1)
2025-11-14 09:46:54 - WARNING <-> TXT to COCO conversion failed: No .txt files found in label directory.
2025-11-14 09:46:57 - INFO <-> Format changed to TXT.
2025-11-14 09:46:57 - INFO <-> Prompting user to reload dataset for new format.
2025-11-14 09:46:57 - INFO <-> Using in-memory classes (preserve manual/session classes)
2025-11-14 09:46:57 - INFO <-> <-> State reset before loading dataset.
2025-11-14 09:47:04 - INFO <-> Using preferred annotation format: TXT
2025-11-14 09:47:05 - INFO <-> User proceeded with existing classes.
2025-11-14 09:47:05 - INFO <-> [LOAD_IMAGE] About to set selections: total boxes loaded = 18
2025-11-14 09:47:05 - INFO <-> [LOAD_IMAGE] current_index=0, current selected_box_indices=set()
2025-11-14 09:47:05 - INFO <-> [LOAD_IMAGE] Has this image been visited before? False
2025-11-14 09:47:05 - INFO <-> [LOAD_IMAGE] FIRST VISIT + manual_deselect_all=False: selected_box_indices={0, 1, 2, 3, 4, 5, 6, 7, 8, 9, 10, 11, 12, 13, 14, 15, 16, 17} (range 0-17)
2025-11-14 09:47:05 - INFO <-> [UPDATE_LABELS_PANEL] Called with 18 boxes. Current selected_box_indices={0, 1, 2, 3, 4, 5, 6, 7, 8, 9, 10, 11, 12, 13, 14, 15, 16, 17}
2025-11-14 09:47:05 - INFO <-> Dataset loaded. Images: 166. Format: TXT.
2025-11-14 09:47:11 - INFO <-> Format changed to COCO.
2025-11-14 09:47:12 - INFO <-> Prompting user to reload dataset for new format.
2025-11-14 09:47:23 - INFO <-> [UPDATE_LABELS_PANEL] Called with 18 boxes. Current selected_box_indices={0, 1, 2, 3, 4, 5, 6, 7, 8, 9, 10, 11, 12, 13, 14, 15, 16, 17}
2025-11-14 09:47:23 - INFO <-> Confirmed and loaded 5 classes from '/home/madan/a/labels/converted_coco_json/_annotations.coco.json'.
2025-11-14 09:47:31 - INFO <-> [LOAD_IMAGE] About to set selections: total boxes loaded = 18
2025-11-14 09:47:31 - INFO <-> [LOAD_IMAGE] current_index=0, current selected_box_indices=set()
2025-11-14 09:47:31 - INFO <-> [LOAD_IMAGE] Has this image been visited before? False
2025-11-14 09:47:31 - INFO <-> [LOAD_IMAGE] FIRST VISIT + manual_deselect_all=False: selected_box_indices={0, 1, 2, 3, 4, 5, 6, 7, 8, 9, 10, 11, 12, 13, 14, 15, 16, 17} (range 0-17)
2025-11-14 09:47:31 - INFO <-> [UPDATE_LABELS_PANEL] Called with 18 boxes. Current selected_box_indices={0, 1, 2, 3, 4, 5, 6, 7, 8, 9, 10, 11, 12, 13, 14, 15, 16, 17}
2025-11-14 09:47:31 - INFO <-> COCO dataset loaded. Images: 166. Annotations: /home/madan/a/labels/converted_coco_json/_annotations.coco.json
2025-11-14 09:47:34 - INFO <-> [LOAD_IMAGE] About to set selections: total boxes loaded = 6
2025-11-14 09:47:34 - INFO <-> [LOAD_IMAGE] current_index=1, current selected_box_indices=set()
2025-11-14 09:47:34 - INFO <-> [LOAD_IMAGE] Has this image been visited before? False
2025-11-14 09:47:34 - INFO <-> [LOAD_IMAGE] FIRST VISIT + manual_deselect_all=False: selected_box_indices={0, 1, 2, 3, 4, 5} (range 0-5)
2025-11-14 09:47:34 - INFO <-> [UPDATE_LABELS_PANEL] Called with 6 boxes. Current selected_box_indices={0, 1, 2, 3, 4, 5}
2025-11-14 09:47:34 - INFO <-> [LOAD_IMAGE] About to set selections: total boxes loaded = 3
2025-11-14 09:47:34 - INFO <-> [LOAD_IMAGE] current_index=2, current selected_box_indices=set()
2025-11-14 09:47:34 - INFO <-> [LOAD_IMAGE] Has this image been visited before? False
2025-11-14 09:47:34 - INFO <-> [LOAD_IMAGE] FIRST VISIT + manual_deselect_all=False: selected_box_indices={0, 1, 2} (range 0-2)
2025-11-14 09:47:34 - INFO <-> [UPDATE_LABELS_PANEL] Called with 3 boxes. Current selected_box_indices={0, 1, 2}
2025-11-14 09:47:35 - INFO <-> [LOAD_IMAGE] About to set selections: total boxes loaded = 12
2025-11-14 09:47:35 - INFO <-> [LOAD_IMAGE] current_index=3, current selected_box_indices=set()
2025-11-14 09:47:35 - INFO <-> [LOAD_IMAGE] Has this image been visited before? False
2025-11-14 09:47:35 - INFO <-> [LOAD_IMAGE] FIRST VISIT + manual_deselect_all=False: selected_box_indices={0, 1, 2, 3, 4, 5, 6, 7, 8, 9, 10, 11} (range 0-11)
2025-11-14 09:47:35 - INFO <-> [UPDATE_LABELS_PANEL] Called with 12 boxes. Current selected_box_indices={0, 1, 2, 3, 4, 5, 6, 7, 8, 9, 10, 11}
2025-11-14 09:47:35 - INFO <-> [LOAD_IMAGE] About to set selections: total boxes loaded = 1
2025-11-14 09:47:35 - INFO <-> [LOAD_IMAGE] current_index=4, current selected_box_indices=set()
2025-11-14 09:47:35 - INFO <-> [LOAD_IMAGE] Has this image been visited before? False
2025-11-14 09:47:35 - INFO <-> [LOAD_IMAGE] FIRST VISIT + manual_deselect_all=False: selected_box_indices={0} (range 0-0)
2025-11-14 09:47:35 - INFO <-> [UPDATE_LABELS_PANEL] Called with 1 boxes. Current selected_box_indices={0}
2025-11-14 09:47:35 - INFO <-> [LOAD_IMAGE] About to set selections: total boxes loaded = 3
2025-11-14 09:47:35 - INFO <-> [LOAD_IMAGE] current_index=5, current selected_box_indices=set()
2025-11-14 09:47:35 - INFO <-> [LOAD_IMAGE] Has this image been visited before? False
2025-11-14 09:47:35 - INFO <-> [LOAD_IMAGE] FIRST VISIT + manual_deselect_all=False: selected_box_indices={0, 1, 2} (range 0-2)
2025-11-14 09:47:35 - INFO <-> [UPDATE_LABELS_PANEL] Called with 3 boxes. Current selected_box_indices={0, 1, 2}
2025-11-14 09:47:36 - INFO <-> [LOAD_IMAGE] About to set selections: total boxes loaded = 2
2025-11-14 09:47:36 - INFO <-> [LOAD_IMAGE] current_index=6, current selected_box_indices=set()
2025-11-14 09:47:36 - INFO <-> [LOAD_IMAGE] Has this image been visited before? False
2025-11-14 09:47:36 - INFO <-> [LOAD_IMAGE] FIRST VISIT + manual_deselect_all=False: selected_box_indices={0, 1} (range 0-1)
2025-11-14 09:47:36 - INFO <-> [UPDATE_LABELS_PANEL] Called with 2 boxes. Current selected_box_indices={0, 1}
2025-11-14 09:47:36 - INFO <-> [LOAD_IMAGE] About to set selections: total boxes loaded = 2
2025-11-14 09:47:36 - INFO <-> [LOAD_IMAGE] current_index=7, current selected_box_indices=set()
2025-11-14 09:47:36 - INFO <-> [LOAD_IMAGE] Has this image been visited before? False
2025-11-14 09:47:36 - INFO <-> [LOAD_IMAGE] FIRST VISIT + manual_deselect_all=False: selected_box_indices={0, 1} (range 0-1)
2025-11-14 09:47:36 - INFO <-> [UPDATE_LABELS_PANEL] Called with 2 boxes. Current selected_box_indices={0, 1}
2025-11-14 09:47:36 - INFO <-> [LOAD_IMAGE] About to set selections: total boxes loaded = 2
2025-11-14 09:47:36 - INFO <-> [LOAD_IMAGE] current_index=8, current selected_box_indices=set()
2025-11-14 09:47:36 - INFO <-> [LOAD_IMAGE] Has this image been visited before? False
2025-11-14 09:47:36 - INFO <-> [LOAD_IMAGE] FIRST VISIT + manual_deselect_all=False: selected_box_indices={0, 1} (range 0-1)
2025-11-14 09:47:36 - INFO <-> [UPDATE_LABELS_PANEL] Called with 2 boxes. Current selected_box_indices={0, 1}
2025-11-14 09:47:38 - INFO <-> Application exiting with code 0.
2025-11-14 09:47:39 - INFO <-> Logging configured successfully.
2025-11-14 09:47:41 - INFO <-> Format changed to COCO.
2025-11-14 09:47:54 - INFO <-> [UPDATE_LABELS_PANEL] Called with 0 boxes. Current selected_box_indices=set()
2025-11-14 09:47:54 - INFO <-> Confirmed and loaded 5 classes from '/home/madan/a/labels/converted_coco_json/_annotations.coco.json'.
2025-11-14 09:47:59 - INFO <-> [LOAD_IMAGE] About to set selections: total boxes loaded = 18
2025-11-14 09:47:59 - INFO <-> [LOAD_IMAGE] current_index=0, current selected_box_indices=set()
2025-11-14 09:47:59 - INFO <-> [LOAD_IMAGE] Has this image been visited before? False
2025-11-14 09:47:59 - INFO <-> [LOAD_IMAGE] FIRST VISIT + manual_deselect_all=False: selected_box_indices={0, 1, 2, 3, 4, 5, 6, 7, 8, 9, 10, 11, 12, 13, 14, 15, 16, 17} (range 0-17)
2025-11-14 09:47:59 - INFO <-> [UPDATE_LABELS_PANEL] Called with 18 boxes. Current selected_box_indices={0, 1, 2, 3, 4, 5, 6, 7, 8, 9, 10, 11, 12, 13, 14, 15, 16, 17}
2025-11-14 09:47:59 - INFO <-> COCO dataset loaded. Images: 166. Annotations: /home/madan/a/labels/converted_coco_json/_annotations.coco.json
2025-11-14 09:48:01 - INFO <-> [LOAD_IMAGE] About to set selections: total boxes loaded = 6
2025-11-14 09:48:01 - INFO <-> [LOAD_IMAGE] current_index=1, current selected_box_indices=set()
2025-11-14 09:48:01 - INFO <-> [LOAD_IMAGE] Has this image been visited before? False
2025-11-14 09:48:01 - INFO <-> [LOAD_IMAGE] FIRST VISIT + manual_deselect_all=False: selected_box_indices={0, 1, 2, 3, 4, 5} (range 0-5)
2025-11-14 09:48:01 - INFO <-> [UPDATE_LABELS_PANEL] Called with 6 boxes. Current selected_box_indices={0, 1, 2, 3, 4, 5}
2025-11-14 09:48:01 - INFO <-> [LOAD_IMAGE] About to set selections: total boxes loaded = 3
2025-11-14 09:48:01 - INFO <-> [LOAD_IMAGE] current_index=2, current selected_box_indices=set()
2025-11-14 09:48:01 - INFO <-> [LOAD_IMAGE] Has this image been visited before? False
2025-11-14 09:48:01 - INFO <-> [LOAD_IMAGE] FIRST VISIT + manual_deselect_all=False: selected_box_indices={0, 1, 2} (range 0-2)
2025-11-14 09:48:01 - INFO <-> [UPDATE_LABELS_PANEL] Called with 3 boxes. Current selected_box_indices={0, 1, 2}
2025-11-14 09:48:02 - INFO <-> [LOAD_IMAGE] About to set selections: total boxes loaded = 12
2025-11-14 09:48:02 - INFO <-> [LOAD_IMAGE] current_index=3, current selected_box_indices=set()
2025-11-14 09:48:02 - INFO <-> [LOAD_IMAGE] Has this image been visited before? False
2025-11-14 09:48:02 - INFO <-> [LOAD_IMAGE] FIRST VISIT + manual_deselect_all=False: selected_box_indices={0, 1, 2, 3, 4, 5, 6, 7, 8, 9, 10, 11} (range 0-11)
2025-11-14 09:48:02 - INFO <-> [UPDATE_LABELS_PANEL] Called with 12 boxes. Current selected_box_indices={0, 1, 2, 3, 4, 5, 6, 7, 8, 9, 10, 11}
2025-11-14 09:48:02 - INFO <-> [LOAD_IMAGE] About to set selections: total boxes loaded = 1
2025-11-14 09:48:02 - INFO <-> [LOAD_IMAGE] current_index=4, current selected_box_indices=set()
2025-11-14 09:48:02 - INFO <-> [LOAD_IMAGE] Has this image been visited before? False
2025-11-14 09:48:02 - INFO <-> [LOAD_IMAGE] FIRST VISIT + manual_deselect_all=False: selected_box_indices={0} (range 0-0)
2025-11-14 09:48:02 - INFO <-> [UPDATE_LABELS_PANEL] Called with 1 boxes. Current selected_box_indices={0}
2025-11-14 09:48:02 - INFO <-> [LOAD_IMAGE] About to set selections: total boxes loaded = 3
2025-11-14 09:48:02 - INFO <-> [LOAD_IMAGE] current_index=5, current selected_box_indices=set()
2025-11-14 09:48:02 - INFO <-> [LOAD_IMAGE] Has this image been visited before? False
2025-11-14 09:48:02 - INFO <-> [LOAD_IMAGE] FIRST VISIT + manual_deselect_all=False: selected_box_indices={0, 1, 2} (range 0-2)
2025-11-14 09:48:02 - INFO <-> [UPDATE_LABELS_PANEL] Called with 3 boxes. Current selected_box_indices={0, 1, 2}
2025-11-14 09:48:03 - INFO <-> [LOAD_IMAGE] About to set selections: total boxes loaded = 2
2025-11-14 09:48:03 - INFO <-> [LOAD_IMAGE] current_index=6, current selected_box_indices=set()
2025-11-14 09:48:03 - INFO <-> [LOAD_IMAGE] Has this image been visited before? False
2025-11-14 09:48:03 - INFO <-> [LOAD_IMAGE] FIRST VISIT + manual_deselect_all=False: selected_box_indices={0, 1} (range 0-1)
2025-11-14 09:48:03 - INFO <-> [UPDATE_LABELS_PANEL] Called with 2 boxes. Current selected_box_indices={0, 1}
2025-11-14 09:48:03 - INFO <-> [LOAD_IMAGE] About to set selections: total boxes loaded = 3
2025-11-14 09:48:03 - INFO <-> [LOAD_IMAGE] current_index=5, current selected_box_indices=set()
2025-11-14 09:48:03 - INFO <-> [LOAD_IMAGE] Has this image been visited before? True
2025-11-14 09:48:03 - INFO <-> [LOAD_IMAGE] REVISITING IMAGE: Restored 3/3 boxes from history. selected_box_indices={0, 1, 2}
2025-11-14 09:48:03 - INFO <-> [UPDATE_LABELS_PANEL] Called with 3 boxes. Current selected_box_indices={0, 1, 2}
2025-11-14 09:48:03 - INFO <-> [LOAD_IMAGE] About to set selections: total boxes loaded = 1
2025-11-14 09:48:03 - INFO <-> [LOAD_IMAGE] current_index=4, current selected_box_indices=set()
2025-11-14 09:48:03 - INFO <-> [LOAD_IMAGE] Has this image been visited before? True
2025-11-14 09:48:03 - INFO <-> [LOAD_IMAGE] REVISITING IMAGE: Restored 1/1 boxes from history. selected_box_indices={0}
2025-11-14 09:48:03 - INFO <-> [UPDATE_LABELS_PANEL] Called with 1 boxes. Current selected_box_indices={0}
2025-11-14 09:48:06 - INFO <-> [LOAD_IMAGE] About to set selections: total boxes loaded = 12
2025-11-14 09:48:06 - INFO <-> [LOAD_IMAGE] current_index=3, current selected_box_indices=set()
2025-11-14 09:48:06 - INFO <-> [LOAD_IMAGE] Has this image been visited before? True
2025-11-14 09:48:06 - INFO <-> [LOAD_IMAGE] REVISITING IMAGE: Restored 12/12 boxes from history. selected_box_indices={0, 1, 2, 3, 4, 5, 6, 7, 8, 9, 10, 11}
2025-11-14 09:48:06 - INFO <-> [UPDATE_LABELS_PANEL] Called with 12 boxes. Current selected_box_indices={0, 1, 2, 3, 4, 5, 6, 7, 8, 9, 10, 11}
2025-11-14 09:48:06 - INFO <-> [LOAD_IMAGE] About to set selections: total boxes loaded = 1
2025-11-14 09:48:06 - INFO <-> [LOAD_IMAGE] current_index=4, current selected_box_indices=set()
2025-11-14 09:48:06 - INFO <-> [LOAD_IMAGE] Has this image been visited before? True
2025-11-14 09:48:06 - INFO <-> [LOAD_IMAGE] REVISITING IMAGE: Restored 1/1 boxes from history. selected_box_indices={0}
2025-11-14 09:48:06 - INFO <-> [UPDATE_LABELS_PANEL] Called with 1 boxes. Current selected_box_indices={0}
2025-11-14 09:48:08 - INFO <-> [LOAD_IMAGE] About to set selections: total boxes loaded = 3
2025-11-14 09:48:08 - INFO <-> [LOAD_IMAGE] current_index=5, current selected_box_indices=set()
2025-11-14 09:48:08 - INFO <-> [LOAD_IMAGE] Has this image been visited before? True
2025-11-14 09:48:08 - INFO <-> [LOAD_IMAGE] REVISITING IMAGE: Restored 3/3 boxes from history. selected_box_indices={0, 1, 2}
2025-11-14 09:48:08 - INFO <-> [UPDATE_LABELS_PANEL] Called with 3 boxes. Current selected_box_indices={0, 1, 2}
2025-11-14 09:48:09 - INFO <-> [LOAD_IMAGE] About to set selections: total boxes loaded = 2
2025-11-14 09:48:09 - INFO <-> [LOAD_IMAGE] current_index=6, current selected_box_indices=set()
2025-11-14 09:48:09 - INFO <-> [LOAD_IMAGE] Has this image been visited before? True
2025-11-14 09:48:09 - INFO <-> [LOAD_IMAGE] REVISITING IMAGE: Restored 2/2 boxes from history. selected_box_indices={0, 1}
2025-11-14 09:48:09 - INFO <-> [UPDATE_LABELS_PANEL] Called with 2 boxes. Current selected_box_indices={0, 1}
2025-11-14 09:48:09 - INFO <-> [LOAD_IMAGE] About to set selections: total boxes loaded = 2
2025-11-14 09:48:09 - INFO <-> [LOAD_IMAGE] current_index=7, current selected_box_indices=set()
2025-11-14 09:48:09 - INFO <-> [LOAD_IMAGE] Has this image been visited before? False
2025-11-14 09:48:09 - INFO <-> [LOAD_IMAGE] FIRST VISIT + manual_deselect_all=False: selected_box_indices={0, 1} (range 0-1)
2025-11-14 09:48:09 - INFO <-> [UPDATE_LABELS_PANEL] Called with 2 boxes. Current selected_box_indices={0, 1}
2025-11-14 09:48:09 - INFO <-> [LOAD_IMAGE] About to set selections: total boxes loaded = 2
2025-11-14 09:48:09 - INFO <-> [LOAD_IMAGE] current_index=8, current selected_box_indices=set()
2025-11-14 09:48:09 - INFO <-> [LOAD_IMAGE] Has this image been visited before? False
2025-11-14 09:48:09 - INFO <-> [LOAD_IMAGE] FIRST VISIT + manual_deselect_all=False: selected_box_indices={0, 1} (range 0-1)
2025-11-14 09:48:09 - INFO <-> [UPDATE_LABELS_PANEL] Called with 2 boxes. Current selected_box_indices={0, 1}
2025-11-14 09:48:10 - INFO <-> [LOAD_IMAGE] About to set selections: total boxes loaded = 2
2025-11-14 09:48:10 - INFO <-> [LOAD_IMAGE] current_index=7, current selected_box_indices=set()
2025-11-14 09:48:10 - INFO <-> [LOAD_IMAGE] Has this image been visited before? True
2025-11-14 09:48:10 - INFO <-> [LOAD_IMAGE] REVISITING IMAGE: Restored 2/2 boxes from history. selected_box_indices={0, 1}
2025-11-14 09:48:10 - INFO <-> [UPDATE_LABELS_PANEL] Called with 2 boxes. Current selected_box_indices={0, 1}
2025-11-14 09:48:10 - INFO <-> [LOAD_IMAGE] About to set selections: total boxes loaded = 2
2025-11-14 09:48:10 - INFO <-> [LOAD_IMAGE] current_index=6, current selected_box_indices=set()
2025-11-14 09:48:10 - INFO <-> [LOAD_IMAGE] Has this image been visited before? True
2025-11-14 09:48:10 - INFO <-> [LOAD_IMAGE] REVISITING IMAGE: Restored 2/2 boxes from history. selected_box_indices={0, 1}
2025-11-14 09:48:10 - INFO <-> [UPDATE_LABELS_PANEL] Called with 2 boxes. Current selected_box_indices={0, 1}
2025-11-14 09:48:10 - INFO <-> [LOAD_IMAGE] About to set selections: total boxes loaded = 3
2025-11-14 09:48:10 - INFO <-> [LOAD_IMAGE] current_index=5, current selected_box_indices=set()
2025-11-14 09:48:10 - INFO <-> [LOAD_IMAGE] Has this image been visited before? True
2025-11-14 09:48:10 - INFO <-> [LOAD_IMAGE] REVISITING IMAGE: Restored 3/3 boxes from history. selected_box_indices={0, 1, 2}
2025-11-14 09:48:10 - INFO <-> [UPDATE_LABELS_PANEL] Called with 3 boxes. Current selected_box_indices={0, 1, 2}
2025-11-14 09:48:11 - INFO <-> [LOAD_IMAGE] About to set selections: total boxes loaded = 1
2025-11-14 09:48:11 - INFO <-> [LOAD_IMAGE] current_index=4, current selected_box_indices=set()
2025-11-14 09:48:11 - INFO <-> [LOAD_IMAGE] Has this image been visited before? True
2025-11-14 09:48:11 - INFO <-> [LOAD_IMAGE] REVISITING IMAGE: Restored 1/1 boxes from history. selected_box_indices={0}
2025-11-14 09:48:11 - INFO <-> [UPDATE_LABELS_PANEL] Called with 1 boxes. Current selected_box_indices={0}
2025-11-14 09:48:14 - INFO <-> [NESTED_DRAW] ======== MOUSE PRESS ========
2025-11-14 09:48:14 - INFO <-> [NESTED_DRAW] mode=edit, image_loaded=True, is_drawing_enabled=True, num_boxes=1
2025-11-14 09:48:14 - INFO <-> [NESTED_DRAW] Click at img_coords=(166, 2)
2025-11-14 09:48:14 - INFO <-> [NESTED_DRAW] Found 0 boxes under cursor for potential selection/drawing.
2025-11-14 09:48:14 - INFO <-> [NESTED_DRAW] mouseMoveEvent: parent_box_bounds=None, start=(166,2), current=(168,3)
2025-11-14 09:48:14 - INFO <-> [NESTED_DRAW] current_box set to (166, 2, 2, 1)
2025-11-14 09:48:14 - INFO <-> [NESTED_DRAW] mouseMoveEvent: parent_box_bounds=None, start=(166,2), current=(174,6)
2025-11-14 09:48:14 - INFO <-> [NESTED_DRAW] current_box set to (166, 2, 8, 4)
2025-11-14 09:48:14 - INFO <-> [NESTED_DRAW] mouseMoveEvent: parent_box_bounds=None, start=(166,2), current=(183,12)
2025-11-14 09:48:14 - INFO <-> [NESTED_DRAW] current_box set to (166, 2, 17, 10)
2025-11-14 09:48:14 - INFO <-> [NESTED_DRAW] mouseMoveEvent: parent_box_bounds=None, start=(166,2), current=(190,16)
2025-11-14 09:48:14 - INFO <-> [NESTED_DRAW] current_box set to (166, 2, 24, 14)
2025-11-14 09:48:14 - INFO <-> [NESTED_DRAW] mouseMoveEvent: parent_box_bounds=None, start=(166,2), current=(194,18)
2025-11-14 09:48:14 - INFO <-> [NESTED_DRAW] current_box set to (166, 2, 28, 16)
2025-11-14 09:48:14 - INFO <-> [NESTED_DRAW] mouseMoveEvent: parent_box_bounds=None, start=(166,2), current=(196,20)
2025-11-14 09:48:14 - INFO <-> [NESTED_DRAW] current_box set to (166, 2, 30, 18)
2025-11-14 09:48:14 - INFO <-> [NESTED_DRAW] mouseMoveEvent: parent_box_bounds=None, start=(166,2), current=(198,20)
2025-11-14 09:48:14 - INFO <-> [NESTED_DRAW] current_box set to (166, 2, 32, 18)
2025-11-14 09:48:14 - INFO <-> [NESTED_DRAW] mouseMoveEvent: parent_box_bounds=None, start=(166,2), current=(199,21)
2025-11-14 09:48:14 - INFO <-> [NESTED_DRAW] current_box set to (166, 2, 33, 19)
2025-11-14 09:48:14 - INFO <-> [NESTED_DRAW] mouseMoveEvent: parent_box_bounds=None, start=(166,2), current=(199,22)
2025-11-14 09:48:14 - INFO <-> [NESTED_DRAW] current_box set to (166, 2, 33, 20)
2025-11-14 09:48:14 - INFO <-> [NESTED_DRAW] mouseMoveEvent: parent_box_bounds=None, start=(166,2), current=(200,22)
2025-11-14 09:48:14 - INFO <-> [NESTED_DRAW] current_box set to (166, 2, 34, 20)
2025-11-14 09:48:14 - INFO <-> [NESTED_DRAW] mouseMoveEvent: parent_box_bounds=None, start=(166,2), current=(201,22)
2025-11-14 09:48:14 - INFO <-> [NESTED_DRAW] current_box set to (166, 2, 35, 20)
2025-11-14 09:48:14 - INFO <-> [NESTED_DRAW] mouseMoveEvent: parent_box_bounds=None, start=(166,2), current=(201,22)
2025-11-14 09:48:14 - INFO <-> [NESTED_DRAW] current_box set to (166, 2, 35, 20)
2025-11-14 09:48:14 - INFO <-> [NESTED_DRAW] mouseMoveEvent: parent_box_bounds=None, start=(166,2), current=(201,23)
2025-11-14 09:48:14 - INFO <-> [NESTED_DRAW] current_box set to (166, 2, 35, 21)
2025-11-14 09:48:14 - INFO <-> [NESTED_DRAW] mouseMoveEvent: parent_box_bounds=None, start=(166,2), current=(202,23)
2025-11-14 09:48:14 - INFO <-> [NESTED_DRAW] current_box set to (166, 2, 36, 21)
2025-11-14 09:48:14 - INFO <-> [NESTED_DRAW] mouseMoveEvent: parent_box_bounds=None, start=(166,2), current=(202,23)
2025-11-14 09:48:14 - INFO <-> [NESTED_DRAW] current_box set to (166, 2, 36, 21)
2025-11-14 09:48:14 - INFO <-> [NESTED_DRAW] mouseMoveEvent: parent_box_bounds=None, start=(166,2), current=(203,23)
2025-11-14 09:48:14 - INFO <-> [NESTED_DRAW] current_box set to (166, 2, 37, 21)
2025-11-14 09:48:14 - INFO <-> [NESTED_DRAW] mouseMoveEvent: parent_box_bounds=None, start=(166,2), current=(202,23)
2025-11-14 09:48:14 - INFO <-> [NESTED_DRAW] current_box set to (166, 2, 36, 21)
2025-11-14 09:48:14 - INFO <-> [NESTED_DRAW] mouseMoveEvent: parent_box_bounds=None, start=(166,2), current=(202,23)
2025-11-14 09:48:14 - INFO <-> [NESTED_DRAW] current_box set to (166, 2, 36, 21)
2025-11-14 09:48:14 - INFO <-> [NESTED_DRAW] mouseMoveEvent: parent_box_bounds=None, start=(166,2), current=(202,23)
2025-11-14 09:48:14 - INFO <-> [NESTED_DRAW] current_box set to (166, 2, 36, 21)
2025-11-14 09:48:14 - INFO <-> [NESTED_DRAW] mouseMoveEvent: parent_box_bounds=None, start=(166,2), current=(202,24)
2025-11-14 09:48:14 - INFO <-> [NESTED_DRAW] current_box set to (166, 2, 36, 22)
2025-11-14 09:48:14 - INFO <-> [NESTED_DRAW] mouseMoveEvent: parent_box_bounds=None, start=(166,2), current=(202,24)
2025-11-14 09:48:14 - INFO <-> [NESTED_DRAW] current_box set to (166, 2, 36, 22)
2025-11-14 09:48:14 - INFO <-> [NESTED_DRAW] mouseMoveEvent: parent_box_bounds=None, start=(166,2), current=(201,24)
2025-11-14 09:48:14 - INFO <-> [NESTED_DRAW] current_box set to (166, 2, 35, 22)
2025-11-14 09:48:14 - INFO <-> [NESTED_DRAW] mouseMoveEvent: parent_box_bounds=None, start=(166,2), current=(201,24)
2025-11-14 09:48:14 - INFO <-> [NESTED_DRAW] current_box set to (166, 2, 35, 22)
2025-11-14 09:48:14 - INFO <-> [NESTED_DRAW] mouseMoveEvent: parent_box_bounds=None, start=(166,2), current=(201,24)
2025-11-14 09:48:14 - INFO <-> [NESTED_DRAW] current_box set to (166, 2, 35, 22)
2025-11-14 09:48:14 - INFO <-> [NESTED_DRAW] mouseMoveEvent: parent_box_bounds=None, start=(166,2), current=(201,25)
2025-11-14 09:48:14 - INFO <-> [NESTED_DRAW] current_box set to (166, 2, 35, 23)
2025-11-14 09:48:14 - INFO <-> [NESTED_DRAW] mouseMoveEvent: parent_box_bounds=None, start=(166,2), current=(200,25)
2025-11-14 09:48:14 - INFO <-> [NESTED_DRAW] current_box set to (166, 2, 34, 23)
2025-11-14 09:48:14 - INFO <-> [NESTED_DRAW] mouseMoveEvent: parent_box_bounds=None, start=(166,2), current=(200,25)
2025-11-14 09:48:14 - INFO <-> [NESTED_DRAW] current_box set to (166, 2, 34, 23)
2025-11-14 09:48:14 - INFO <-> [NESTED_DRAW] mouseMoveEvent: parent_box_bounds=None, start=(166,2), current=(200,25)
2025-11-14 09:48:14 - INFO <-> [NESTED_DRAW] current_box set to (166, 2, 34, 23)
2025-11-14 09:48:14 - INFO <-> [NESTED_DRAW] mouseMoveEvent: parent_box_bounds=None, start=(166,2), current=(199,25)
2025-11-14 09:48:14 - INFO <-> [NESTED_DRAW] current_box set to (166, 2, 33, 23)
2025-11-14 09:48:14 - INFO <-> [NESTED_DRAW] mouseMoveEvent: parent_box_bounds=None, start=(166,2), current=(199,25)
2025-11-14 09:48:14 - INFO <-> [NESTED_DRAW] current_box set to (166, 2, 33, 23)
2025-11-14 09:48:14 - INFO <-> [NESTED_DRAW] mouseMoveEvent: parent_box_bounds=None, start=(166,2), current=(199,25)
2025-11-14 09:48:14 - INFO <-> [NESTED_DRAW] current_box set to (166, 2, 33, 23)
2025-11-14 09:48:14 - INFO <-> [NESTED_DRAW] mouseMoveEvent: parent_box_bounds=None, start=(166,2), current=(198,25)
2025-11-14 09:48:14 - INFO <-> [NESTED_DRAW] current_box set to (166, 2, 32, 23)
2025-11-14 09:48:14 - INFO <-> [NESTED_DRAW] mouseMoveEvent: parent_box_bounds=None, start=(166,2), current=(198,25)
2025-11-14 09:48:14 - INFO <-> [NESTED_DRAW] current_box set to (166, 2, 32, 23)
2025-11-14 09:48:14 - INFO <-> [NESTED_DRAW] mouseMoveEvent: parent_box_bounds=None, start=(166,2), current=(197,26)
2025-11-14 09:48:14 - INFO <-> [NESTED_DRAW] current_box set to (166, 2, 31, 24)
2025-11-14 09:48:14 - INFO <-> [NESTED_DRAW] mouseMoveEvent: parent_box_bounds=None, start=(166,2), current=(197,26)
2025-11-14 09:48:14 - INFO <-> [NESTED_DRAW] current_box set to (166, 2, 31, 24)
2025-11-14 09:48:14 - INFO <-> [NESTED_DRAW] mouseMoveEvent: parent_box_bounds=None, start=(166,2), current=(197,25)
2025-11-14 09:48:14 - INFO <-> [NESTED_DRAW] current_box set to (166, 2, 31, 23)
2025-11-14 09:48:14 - INFO <-> [NESTED_DRAW] mouseMoveEvent: parent_box_bounds=None, start=(166,2), current=(196,25)
2025-11-14 09:48:14 - INFO <-> [NESTED_DRAW] current_box set to (166, 2, 30, 23)
2025-11-14 09:48:14 - INFO <-> [NESTED_DRAW] mouseMoveEvent: parent_box_bounds=None, start=(166,2), current=(196,25)
2025-11-14 09:48:14 - INFO <-> [NESTED_DRAW] current_box set to (166, 2, 30, 23)
2025-11-14 09:48:14 - INFO <-> [NESTED_DRAW] mouseMoveEvent: parent_box_bounds=None, start=(166,2), current=(196,25)
2025-11-14 09:48:14 - INFO <-> [NESTED_DRAW] current_box set to (166, 2, 30, 23)
2025-11-14 09:48:14 - INFO <-> [NESTED_DRAW] mouseMoveEvent: parent_box_bounds=None, start=(166,2), current=(195,25)
2025-11-14 09:48:14 - INFO <-> [NESTED_DRAW] current_box set to (166, 2, 29, 23)
2025-11-14 09:48:15 - INFO <-> [NESTED_DRAW] mouseMoveEvent: parent_box_bounds=None, start=(166,2), current=(195,25)
2025-11-14 09:48:15 - INFO <-> [NESTED_DRAW] current_box set to (166, 2, 29, 23)
2025-11-14 09:48:15 - INFO <-> [NESTED_DRAW] mouseMoveEvent: parent_box_bounds=None, start=(166,2), current=(195,24)
2025-11-14 09:48:15 - INFO <-> [NESTED_DRAW] current_box set to (166, 2, 29, 22)
2025-11-14 09:48:15 - INFO <-> [NESTED_DRAW] mouseMoveEvent: parent_box_bounds=None, start=(166,2), current=(194,24)
2025-11-14 09:48:15 - INFO <-> [NESTED_DRAW] current_box set to (166, 2, 28, 22)
2025-11-14 09:48:15 - INFO <-> [NESTED_DRAW] mouseMoveEvent: parent_box_bounds=None, start=(166,2), current=(194,23)
2025-11-14 09:48:15 - INFO <-> [NESTED_DRAW] current_box set to (166, 2, 28, 21)
2025-11-14 09:48:15 - INFO <-> [NESTED_DRAW] mouseMoveEvent: parent_box_bounds=None, start=(166,2), current=(194,23)
2025-11-14 09:48:15 - INFO <-> [NESTED_DRAW] current_box set to (166, 2, 28, 21)
2025-11-14 09:48:15 - INFO <-> [NESTED_DRAW] mouseMoveEvent: parent_box_bounds=None, start=(166,2), current=(194,22)
2025-11-14 09:48:15 - INFO <-> [NESTED_DRAW] current_box set to (166, 2, 28, 20)
2025-11-14 09:48:15 - INFO <-> [NESTED_DRAW] mouseMoveEvent: parent_box_bounds=None, start=(166,2), current=(194,22)
2025-11-14 09:48:15 - INFO <-> [NESTED_DRAW] current_box set to (166, 2, 28, 20)
2025-11-14 09:48:18 - INFO <-> Image '148f.jpg': added bbox idx=1 class=3 bbox=(166.0,2.0,28.0,20.0)
2025-11-14 09:48:18 - INFO <-> Saved annotations for '148f.jpg' (2 boxes) format=COCO
2025-11-14 09:48:18 - INFO <-> [UPDATE_LABELS_PANEL] Called with 2 boxes. Current selected_box_indices={0, 1}
2025-11-14 09:48:20 - INFO <-> [NESTED_DRAW] ======== MOUSE PRESS ========
2025-11-14 09:48:20 - INFO <-> [NESTED_DRAW] mode=edit, image_loaded=True, is_drawing_enabled=True, num_boxes=2
2025-11-14 09:48:20 - INFO <-> [NESTED_DRAW] Click at img_coords=(166, 20)
2025-11-14 09:48:20 - INFO <-> [NESTED_DRAW] Found 1 boxes under cursor for potential selection/drawing.
2025-11-14 09:48:20 - INFO <-> [NESTED_DRAW] Best box: idx=1, bounds=(166, 2, 28, 20), is_drawing_enabled=True
2025-11-14 09:48:20 - INFO <-> [NESTED_DRAW] ✓ STARTING NESTED DRAW - parent_box_index=1, parent_box_bounds=(166, 2, 28, 20)
2025-11-14 09:48:20 - INFO <-> [NESTED_DRAW] mouseMoveEvent: parent_box_bounds=(166, 2, 28, 20), start=(166,20), current=(166,20)
2025-11-14 09:48:20 - INFO <-> [NESTED_DRAW] Clamped: x1=166, y1=20, x2=166, y2=20
2025-11-14 09:48:20 - INFO <-> [NESTED_DRAW] current_box set to (166, 20, 0, 0)
2025-11-14 09:48:20 - INFO <-> [NESTED_DRAW] mouseMoveEvent: parent_box_bounds=(166, 2, 28, 20), start=(166,20), current=(166,20)
2025-11-14 09:48:20 - INFO <-> [NESTED_DRAW] Clamped: x1=166, y1=20, x2=166, y2=20
2025-11-14 09:48:20 - INFO <-> [NESTED_DRAW] current_box set to (166, 20, 0, 0)
2025-11-14 09:48:20 - INFO <-> [NESTED_DRAW] mouseMoveEvent: parent_box_bounds=(166, 2, 28, 20), start=(166,20), current=(165,20)
2025-11-14 09:48:20 - INFO <-> [NESTED_DRAW] Clamped: x1=166, y1=20, x2=166, y2=20
2025-11-14 09:48:20 - INFO <-> [NESTED_DRAW] current_box set to (166, 20, 0, 0)
2025-11-14 09:48:20 - INFO <-> [NESTED_DRAW] mouseMoveEvent: parent_box_bounds=(166, 2, 28, 20), start=(166,20), current=(165,20)
2025-11-14 09:48:20 - INFO <-> [NESTED_DRAW] Clamped: x1=166, y1=20, x2=166, y2=20
2025-11-14 09:48:20 - INFO <-> [NESTED_DRAW] current_box set to (166, 20, 0, 0)
2025-11-14 09:48:20 - INFO <-> [NESTED_DRAW] mouseMoveEvent: parent_box_bounds=(166, 2, 28, 20), start=(166,20), current=(164,20)
2025-11-14 09:48:20 - INFO <-> [NESTED_DRAW] Clamped: x1=166, y1=20, x2=166, y2=20
2025-11-14 09:48:20 - INFO <-> [NESTED_DRAW] current_box set to (166, 20, 0, 0)
2025-11-14 09:48:20 - INFO <-> [NESTED_DRAW] mouseMoveEvent: parent_box_bounds=(166, 2, 28, 20), start=(166,20), current=(164,20)
2025-11-14 09:48:20 - INFO <-> [NESTED_DRAW] Clamped: x1=166, y1=20, x2=166, y2=20
2025-11-14 09:48:20 - INFO <-> [NESTED_DRAW] current_box set to (166, 20, 0, 0)
2025-11-14 09:48:20 - INFO <-> [NESTED_DRAW] mouseMoveEvent: parent_box_bounds=(166, 2, 28, 20), start=(166,20), current=(164,20)
2025-11-14 09:48:20 - INFO <-> [NESTED_DRAW] Clamped: x1=166, y1=20, x2=166, y2=20
2025-11-14 09:48:20 - INFO <-> [NESTED_DRAW] current_box set to (166, 20, 0, 0)
2025-11-14 09:48:20 - INFO <-> [NESTED_DRAW] mouseMoveEvent: parent_box_bounds=(166, 2, 28, 20), start=(166,20), current=(163,20)
2025-11-14 09:48:20 - INFO <-> [NESTED_DRAW] Clamped: x1=166, y1=20, x2=166, y2=20
2025-11-14 09:48:20 - INFO <-> [NESTED_DRAW] current_box set to (166, 20, 0, 0)
2025-11-14 09:48:20 - INFO <-> [NESTED_DRAW] mouseMoveEvent: parent_box_bounds=(166, 2, 28, 20), start=(166,20), current=(163,20)
2025-11-14 09:48:20 - INFO <-> [NESTED_DRAW] Clamped: x1=166, y1=20, x2=166, y2=20
2025-11-14 09:48:20 - INFO <-> [NESTED_DRAW] current_box set to (166, 20, 0, 0)
2025-11-14 09:48:20 - INFO <-> [NESTED_DRAW] mouseMoveEvent: parent_box_bounds=(166, 2, 28, 20), start=(166,20), current=(163,20)
2025-11-14 09:48:20 - INFO <-> [NESTED_DRAW] Clamped: x1=166, y1=20, x2=166, y2=20
2025-11-14 09:48:20 - INFO <-> [NESTED_DRAW] current_box set to (166, 20, 0, 0)
2025-11-14 09:48:20 - INFO <-> [NESTED_DRAW] mouseMoveEvent: parent_box_bounds=(166, 2, 28, 20), start=(166,20), current=(162,20)
2025-11-14 09:48:20 - INFO <-> [NESTED_DRAW] Clamped: x1=166, y1=20, x2=166, y2=20
2025-11-14 09:48:20 - INFO <-> [NESTED_DRAW] current_box set to (166, 20, 0, 0)
2025-11-14 09:48:20 - INFO <-> [NESTED_DRAW] mouseMoveEvent: parent_box_bounds=(166, 2, 28, 20), start=(166,20), current=(162,20)
2025-11-14 09:48:20 - INFO <-> [NESTED_DRAW] Clamped: x1=166, y1=20, x2=166, y2=20
2025-11-14 09:48:20 - INFO <-> [NESTED_DRAW] current_box set to (166, 20, 0, 0)
2025-11-14 09:48:21 - INFO <-> [NESTED_DRAW] mouseMoveEvent: parent_box_bounds=(166, 2, 28, 20), start=(166,20), current=(162,20)
2025-11-14 09:48:21 - INFO <-> [NESTED_DRAW] Clamped: x1=166, y1=20, x2=166, y2=20
2025-11-14 09:48:21 - INFO <-> [NESTED_DRAW] current_box set to (166, 20, 0, 0)
2025-11-14 09:48:23 - INFO <-> Drawing mode set to: False
2025-11-14 09:48:24 - INFO <-> [NESTED_DRAW] ======== MOUSE PRESS ========
2025-11-14 09:48:24 - INFO <-> [NESTED_DRAW] mode=edit, image_loaded=True, is_drawing_enabled=False, num_boxes=2
2025-11-14 09:48:24 - INFO <-> [NESTED_DRAW] Click at img_coords=(164, 20)
2025-11-14 09:48:24 - INFO <-> [EDITING] Starting edit on box 1 with handle 'bottom-left'
2025-11-14 09:48:27 - INFO <-> [NESTED_DRAW] ======== MOUSE PRESS ========
2025-11-14 09:48:27 - INFO <-> [NESTED_DRAW] mode=edit, image_loaded=True, is_drawing_enabled=False, num_boxes=2
2025-11-14 09:48:27 - INFO <-> [NESTED_DRAW] Click at img_coords=(180, 1)
2025-11-14 09:48:27 - INFO <-> [EDITING] Starting edit on box 1 with handle 'top'
2025-11-14 09:48:30 - INFO <-> Saved annotations for '148f.jpg' (2 boxes) format=COCO
2025-11-14 09:48:36 - INFO <-> [NESTED_DRAW] ======== MOUSE PRESS ========
2025-11-14 09:48:36 - INFO <-> [NESTED_DRAW] mode=edit, image_loaded=True, is_drawing_enabled=False, num_boxes=2
2025-11-14 09:48:36 - INFO <-> [NESTED_DRAW] Click at img_coords=(149, 3)
2025-11-14 09:48:36 - INFO <-> [NESTED_DRAW] Found 0 boxes under cursor for potential selection/drawing.
2025-11-14 09:48:38 - INFO <-> [NESTED_DRAW] ======== MOUSE PRESS ========
2025-11-14 09:48:38 - INFO <-> [NESTED_DRAW] mode=edit, image_loaded=True, is_drawing_enabled=True, num_boxes=2
2025-11-14 09:48:38 - INFO <-> [NESTED_DRAW] Click at img_coords=(146, 0)
2025-11-14 09:48:38 - INFO <-> [NESTED_DRAW] Found 0 boxes under cursor for potential selection/drawing.
2025-11-14 09:48:38 - INFO <-> [NESTED_DRAW] mouseMoveEvent: parent_box_bounds=None, start=(146,0), current=(147,3)
2025-11-14 09:48:38 - INFO <-> [NESTED_DRAW] current_box set to (146, 0, 1, 3)
2025-11-14 09:48:38 - INFO <-> [NESTED_DRAW] mouseMoveEvent: parent_box_bounds=None, start=(146,0), current=(149,6)
2025-11-14 09:48:38 - INFO <-> [NESTED_DRAW] current_box set to (146, 0, 3, 6)
2025-11-14 09:48:38 - INFO <-> [NESTED_DRAW] mouseMoveEvent: parent_box_bounds=None, start=(146,0), current=(151,11)
2025-11-14 09:48:38 - INFO <-> [NESTED_DRAW] current_box set to (146, 0, 5, 11)
2025-11-14 09:48:38 - INFO <-> [NESTED_DRAW] mouseMoveEvent: parent_box_bounds=None, start=(146,0), current=(154,16)
2025-11-14 09:48:38 - INFO <-> [NESTED_DRAW] current_box set to (146, 0, 8, 16)
2025-11-14 09:48:38 - INFO <-> [NESTED_DRAW] mouseMoveEvent: parent_box_bounds=None, start=(146,0), current=(156,20)
2025-11-14 09:48:38 - INFO <-> [NESTED_DRAW] current_box set to (146, 0, 10, 20)
2025-11-14 09:48:38 - INFO <-> [NESTED_DRAW] mouseMoveEvent: parent_box_bounds=None, start=(146,0), current=(158,24)
2025-11-14 09:48:38 - INFO <-> [NESTED_DRAW] current_box set to (146, 0, 12, 24)
2025-11-14 09:48:38 - INFO <-> [NESTED_DRAW] mouseMoveEvent: parent_box_bounds=None, start=(146,0), current=(160,28)
2025-11-14 09:48:38 - INFO <-> [NESTED_DRAW] current_box set to (146, 0, 14, 28)
2025-11-14 09:48:38 - INFO <-> [NESTED_DRAW] mouseMoveEvent: parent_box_bounds=None, start=(146,0), current=(161,31)
2025-11-14 09:48:38 - INFO <-> [NESTED_DRAW] current_box set to (146, 0, 15, 31)
2025-11-14 09:48:38 - INFO <-> [NESTED_DRAW] mouseMoveEvent: parent_box_bounds=None, start=(146,0), current=(162,34)
2025-11-14 09:48:38 - INFO <-> [NESTED_DRAW] current_box set to (146, 0, 16, 34)
2025-11-14 09:48:38 - INFO <-> [NESTED_DRAW] mouseMoveEvent: parent_box_bounds=None, start=(146,0), current=(164,36)
2025-11-14 09:48:38 - INFO <-> [NESTED_DRAW] current_box set to (146, 0, 18, 36)
2025-11-14 09:48:38 - INFO <-> [NESTED_DRAW] mouseMoveEvent: parent_box_bounds=None, start=(146,0), current=(165,39)
2025-11-14 09:48:38 - INFO <-> [NESTED_DRAW] current_box set to (146, 0, 19, 39)
2025-11-14 09:48:38 - INFO <-> [NESTED_DRAW] mouseMoveEvent: parent_box_bounds=None, start=(146,0), current=(166,41)
2025-11-14 09:48:38 - INFO <-> [NESTED_DRAW] current_box set to (146, 0, 20, 41)
2025-11-14 09:48:38 - INFO <-> [NESTED_DRAW] mouseMoveEvent: parent_box_bounds=None, start=(146,0), current=(167,43)
2025-11-14 09:48:38 - INFO <-> [NESTED_DRAW] current_box set to (146, 0, 21, 43)
2025-11-14 09:48:38 - INFO <-> [NESTED_DRAW] mouseMoveEvent: parent_box_bounds=None, start=(146,0), current=(167,45)
2025-11-14 09:48:38 - INFO <-> [NESTED_DRAW] current_box set to (146, 0, 21, 45)
2025-11-14 09:48:38 - INFO <-> [NESTED_DRAW] mouseMoveEvent: parent_box_bounds=None, start=(146,0), current=(168,48)
2025-11-14 09:48:38 - INFO <-> [NESTED_DRAW] current_box set to (146, 0, 22, 48)
2025-11-14 09:48:38 - INFO <-> [NESTED_DRAW] mouseMoveEvent: parent_box_bounds=None, start=(146,0), current=(169,52)
2025-11-14 09:48:38 - INFO <-> [NESTED_DRAW] current_box set to (146, 0, 23, 52)
2025-11-14 09:48:38 - INFO <-> [NESTED_DRAW] mouseMoveEvent: parent_box_bounds=None, start=(146,0), current=(170,55)
2025-11-14 09:48:38 - INFO <-> [NESTED_DRAW] current_box set to (146, 0, 24, 55)
2025-11-14 09:48:38 - INFO <-> [NESTED_DRAW] mouseMoveEvent: parent_box_bounds=None, start=(146,0), current=(171,58)
2025-11-14 09:48:38 - INFO <-> [NESTED_DRAW] current_box set to (146, 0, 25, 58)
2025-11-14 09:48:38 - INFO <-> [NESTED_DRAW] mouseMoveEvent: parent_box_bounds=None, start=(146,0), current=(172,62)
2025-11-14 09:48:38 - INFO <-> [NESTED_DRAW] current_box set to (146, 0, 26, 62)
2025-11-14 09:48:38 - INFO <-> [NESTED_DRAW] mouseMoveEvent: parent_box_bounds=None, start=(146,0), current=(173,65)
2025-11-14 09:48:38 - INFO <-> [NESTED_DRAW] current_box set to (146, 0, 27, 65)
2025-11-14 09:48:38 - INFO <-> [NESTED_DRAW] mouseMoveEvent: parent_box_bounds=None, start=(146,0), current=(174,68)
2025-11-14 09:48:38 - INFO <-> [NESTED_DRAW] current_box set to (146, 0, 28, 68)
2025-11-14 09:48:38 - INFO <-> [NESTED_DRAW] mouseMoveEvent: parent_box_bounds=None, start=(146,0), current=(174,70)
2025-11-14 09:48:38 - INFO <-> [NESTED_DRAW] current_box set to (146, 0, 28, 70)
2025-11-14 09:48:38 - INFO <-> [NESTED_DRAW] mouseMoveEvent: parent_box_bounds=None, start=(146,0), current=(174,71)
2025-11-14 09:48:38 - INFO <-> [NESTED_DRAW] current_box set to (146, 0, 28, 71)
2025-11-14 09:48:38 - INFO <-> [NESTED_DRAW] mouseMoveEvent: parent_box_bounds=None, start=(146,0), current=(175,73)
2025-11-14 09:48:38 - INFO <-> [NESTED_DRAW] current_box set to (146, 0, 29, 73)
2025-11-14 09:48:38 - INFO <-> [NESTED_DRAW] mouseMoveEvent: parent_box_bounds=None, start=(146,0), current=(175,73)
2025-11-14 09:48:38 - INFO <-> [NESTED_DRAW] current_box set to (146, 0, 29, 73)
2025-11-14 09:48:38 - INFO <-> [NESTED_DRAW] mouseMoveEvent: parent_box_bounds=None, start=(146,0), current=(175,74)
2025-11-14 09:48:38 - INFO <-> [NESTED_DRAW] current_box set to (146, 0, 29, 74)
2025-11-14 09:48:38 - INFO <-> [NESTED_DRAW] mouseMoveEvent: parent_box_bounds=None, start=(146,0), current=(175,75)
2025-11-14 09:48:38 - INFO <-> [NESTED_DRAW] current_box set to (146, 0, 29, 75)
2025-11-14 09:48:38 - INFO <-> [NESTED_DRAW] mouseMoveEvent: parent_box_bounds=None, start=(146,0), current=(176,77)
2025-11-14 09:48:38 - INFO <-> [NESTED_DRAW] current_box set to (146, 0, 30, 77)
2025-11-14 09:48:38 - INFO <-> [NESTED_DRAW] mouseMoveEvent: parent_box_bounds=None, start=(146,0), current=(177,79)
2025-11-14 09:48:38 - INFO <-> [NESTED_DRAW] current_box set to (146, 0, 31, 79)
2025-11-14 09:48:38 - INFO <-> [NESTED_DRAW] mouseMoveEvent: parent_box_bounds=None, start=(146,0), current=(177,81)
2025-11-14 09:48:38 - INFO <-> [NESTED_DRAW] current_box set to (146, 0, 31, 81)
2025-11-14 09:48:38 - INFO <-> [NESTED_DRAW] mouseMoveEvent: parent_box_bounds=None, start=(146,0), current=(178,85)
2025-11-14 09:48:38 - INFO <-> [NESTED_DRAW] current_box set to (146, 0, 32, 85)
2025-11-14 09:48:38 - INFO <-> [NESTED_DRAW] mouseMoveEvent: parent_box_bounds=None, start=(146,0), current=(179,87)
2025-11-14 09:48:38 - INFO <-> [NESTED_DRAW] current_box set to (146, 0, 33, 87)
2025-11-14 09:48:38 - INFO <-> [NESTED_DRAW] mouseMoveEvent: parent_box_bounds=None, start=(146,0), current=(179,89)
2025-11-14 09:48:38 - INFO <-> [NESTED_DRAW] current_box set to (146, 0, 33, 89)
2025-11-14 09:48:38 - INFO <-> [NESTED_DRAW] mouseMoveEvent: parent_box_bounds=None, start=(146,0), current=(179,91)
2025-11-14 09:48:38 - INFO <-> [NESTED_DRAW] current_box set to (146, 0, 33, 91)
2025-11-14 09:48:38 - INFO <-> [NESTED_DRAW] mouseMoveEvent: parent_box_bounds=None, start=(146,0), current=(180,92)
2025-11-14 09:48:38 - INFO <-> [NESTED_DRAW] current_box set to (146, 0, 34, 92)
2025-11-14 09:48:38 - INFO <-> [NESTED_DRAW] mouseMoveEvent: parent_box_bounds=None, start=(146,0), current=(180,92)
2025-11-14 09:48:38 - INFO <-> [NESTED_DRAW] current_box set to (146, 0, 34, 92)
2025-11-14 09:48:38 - INFO <-> [NESTED_DRAW] mouseMoveEvent: parent_box_bounds=None, start=(146,0), current=(180,93)
2025-11-14 09:48:38 - INFO <-> [NESTED_DRAW] current_box set to (146, 0, 34, 93)
2025-11-14 09:48:38 - INFO <-> [NESTED_DRAW] mouseMoveEvent: parent_box_bounds=None, start=(146,0), current=(180,94)
2025-11-14 09:48:38 - INFO <-> [NESTED_DRAW] current_box set to (146, 0, 34, 94)
2025-11-14 09:48:38 - INFO <-> [NESTED_DRAW] mouseMoveEvent: parent_box_bounds=None, start=(146,0), current=(180,95)
2025-11-14 09:48:38 - INFO <-> [NESTED_DRAW] current_box set to (146, 0, 34, 95)
2025-11-14 09:48:38 - INFO <-> [NESTED_DRAW] mouseMoveEvent: parent_box_bounds=None, start=(146,0), current=(180,95)
2025-11-14 09:48:38 - INFO <-> [NESTED_DRAW] current_box set to (146, 0, 34, 95)
2025-11-14 09:48:38 - INFO <-> [NESTED_DRAW] mouseMoveEvent: parent_box_bounds=None, start=(146,0), current=(181,96)
2025-11-14 09:48:38 - INFO <-> [NESTED_DRAW] current_box set to (146, 0, 35, 96)
2025-11-14 09:48:38 - INFO <-> [NESTED_DRAW] mouseMoveEvent: parent_box_bounds=None, start=(146,0), current=(181,97)
2025-11-14 09:48:38 - INFO <-> [NESTED_DRAW] current_box set to (146, 0, 35, 97)
2025-11-14 09:48:38 - INFO <-> [NESTED_DRAW] mouseMoveEvent: parent_box_bounds=None, start=(146,0), current=(181,99)
2025-11-14 09:48:38 - INFO <-> [NESTED_DRAW] current_box set to (146, 0, 35, 99)
2025-11-14 09:48:38 - INFO <-> [NESTED_DRAW] mouseMoveEvent: parent_box_bounds=None, start=(146,0), current=(182,101)
2025-11-14 09:48:38 - INFO <-> [NESTED_DRAW] current_box set to (146, 0, 36, 101)
2025-11-14 09:48:38 - INFO <-> [NESTED_DRAW] mouseMoveEvent: parent_box_bounds=None, start=(146,0), current=(182,103)
2025-11-14 09:48:38 - INFO <-> [NESTED_DRAW] current_box set to (146, 0, 36, 103)
2025-11-14 09:48:38 - INFO <-> [NESTED_DRAW] mouseMoveEvent: parent_box_bounds=None, start=(146,0), current=(183,106)
2025-11-14 09:48:38 - INFO <-> [NESTED_DRAW] current_box set to (146, 0, 37, 106)
2025-11-14 09:48:38 - INFO <-> [NESTED_DRAW] mouseMoveEvent: parent_box_bounds=None, start=(146,0), current=(184,108)
2025-11-14 09:48:38 - INFO <-> [NESTED_DRAW] current_box set to (146, 0, 38, 108)
2025-11-14 09:48:38 - INFO <-> [NESTED_DRAW] mouseMoveEvent: parent_box_bounds=None, start=(146,0), current=(184,110)
2025-11-14 09:48:38 - INFO <-> [NESTED_DRAW] current_box set to (146, 0, 38, 110)
2025-11-14 09:48:38 - INFO <-> [NESTED_DRAW] mouseMoveEvent: parent_box_bounds=None, start=(146,0), current=(184,112)
2025-11-14 09:48:38 - INFO <-> [NESTED_DRAW] current_box set to (146, 0, 38, 112)
2025-11-14 09:48:38 - INFO <-> [NESTED_DRAW] mouseMoveEvent: parent_box_bounds=None, start=(146,0), current=(185,113)
2025-11-14 09:48:38 - INFO <-> [NESTED_DRAW] current_box set to (146, 0, 39, 113)
2025-11-14 09:48:38 - INFO <-> [NESTED_DRAW] mouseMoveEvent: parent_box_bounds=None, start=(146,0), current=(185,114)
2025-11-14 09:48:38 - INFO <-> [NESTED_DRAW] current_box set to (146, 0, 39, 114)
2025-11-14 09:48:38 - INFO <-> [NESTED_DRAW] mouseMoveEvent: parent_box_bounds=None, start=(146,0), current=(185,114)
2025-11-14 09:48:38 - INFO <-> [NESTED_DRAW] current_box set to (146, 0, 39, 114)
2025-11-14 09:48:38 - INFO <-> [NESTED_DRAW] mouseMoveEvent: parent_box_bounds=None, start=(146,0), current=(185,115)
2025-11-14 09:48:38 - INFO <-> [NESTED_DRAW] current_box set to (146, 0, 39, 115)
2025-11-14 09:48:38 - INFO <-> [NESTED_DRAW] mouseMoveEvent: parent_box_bounds=None, start=(146,0), current=(185,116)
2025-11-14 09:48:38 - INFO <-> [NESTED_DRAW] current_box set to (146, 0, 39, 116)
2025-11-14 09:48:38 - INFO <-> [NESTED_DRAW] mouseMoveEvent: parent_box_bounds=None, start=(146,0), current=(185,116)
2025-11-14 09:48:38 - INFO <-> [NESTED_DRAW] current_box set to (146, 0, 39, 116)
2025-11-14 09:48:38 - INFO <-> [NESTED_DRAW] mouseMoveEvent: parent_box_bounds=None, start=(146,0), current=(186,117)
2025-11-14 09:48:38 - INFO <-> [NESTED_DRAW] current_box set to (146, 0, 40, 117)
2025-11-14 09:48:38 - INFO <-> [NESTED_DRAW] mouseMoveEvent: parent_box_bounds=None, start=(146,0), current=(186,119)
2025-11-14 09:48:38 - INFO <-> [NESTED_DRAW] current_box set to (146, 0, 40, 119)
2025-11-14 09:48:38 - INFO <-> [NESTED_DRAW] mouseMoveEvent: parent_box_bounds=None, start=(146,0), current=(186,120)
2025-11-14 09:48:38 - INFO <-> [NESTED_DRAW] current_box set to (146, 0, 40, 120)
2025-11-14 09:48:38 - INFO <-> [NESTED_DRAW] mouseMoveEvent: parent_box_bounds=None, start=(146,0), current=(187,121)
2025-11-14 09:48:38 - INFO <-> [NESTED_DRAW] current_box set to (146, 0, 41, 121)
2025-11-14 09:48:38 - INFO <-> [NESTED_DRAW] mouseMoveEvent: parent_box_bounds=None, start=(146,0), current=(187,123)
2025-11-14 09:48:38 - INFO <-> [NESTED_DRAW] current_box set to (146, 0, 41, 123)
2025-11-14 09:48:38 - INFO <-> [NESTED_DRAW] mouseMoveEvent: parent_box_bounds=None, start=(146,0), current=(188,124)
2025-11-14 09:48:38 - INFO <-> [NESTED_DRAW] current_box set to (146, 0, 42, 124)
2025-11-14 09:48:38 - INFO <-> [NESTED_DRAW] mouseMoveEvent: parent_box_bounds=None, start=(146,0), current=(189,125)
2025-11-14 09:48:38 - INFO <-> [NESTED_DRAW] current_box set to (146, 0, 43, 125)
2025-11-14 09:48:38 - INFO <-> [NESTED_DRAW] mouseMoveEvent: parent_box_bounds=None, start=(146,0), current=(189,126)
2025-11-14 09:48:38 - INFO <-> [NESTED_DRAW] current_box set to (146, 0, 43, 126)
2025-11-14 09:48:38 - INFO <-> [NESTED_DRAW] mouseMoveEvent: parent_box_bounds=None, start=(146,0), current=(190,127)
2025-11-14 09:48:38 - INFO <-> [NESTED_DRAW] current_box set to (146, 0, 44, 127)
2025-11-14 09:48:38 - INFO <-> [NESTED_DRAW] mouseMoveEvent: parent_box_bounds=None, start=(146,0), current=(190,128)
2025-11-14 09:48:38 - INFO <-> [NESTED_DRAW] current_box set to (146, 0, 44, 128)
2025-11-14 09:48:38 - INFO <-> [NESTED_DRAW] mouseMoveEvent: parent_box_bounds=None, start=(146,0), current=(190,128)
2025-11-14 09:48:38 - INFO <-> [NESTED_DRAW] current_box set to (146, 0, 44, 128)
2025-11-14 09:48:38 - INFO <-> [NESTED_DRAW] mouseMoveEvent: parent_box_bounds=None, start=(146,0), current=(190,129)
2025-11-14 09:48:38 - INFO <-> [NESTED_DRAW] current_box set to (146, 0, 44, 129)
2025-11-14 09:48:39 - INFO <-> [NESTED_DRAW] mouseMoveEvent: parent_box_bounds=None, start=(146,0), current=(190,129)
2025-11-14 09:48:39 - INFO <-> [NESTED_DRAW] current_box set to (146, 0, 44, 129)
2025-11-14 09:48:39 - INFO <-> [NESTED_DRAW] mouseMoveEvent: parent_box_bounds=None, start=(146,0), current=(191,130)
2025-11-14 09:48:39 - INFO <-> [NESTED_DRAW] current_box set to (146, 0, 45, 130)
2025-11-14 09:48:39 - INFO <-> [NESTED_DRAW] mouseMoveEvent: parent_box_bounds=None, start=(146,0), current=(191,130)
2025-11-14 09:48:39 - INFO <-> [NESTED_DRAW] current_box set to (146, 0, 45, 130)
2025-11-14 09:48:39 - INFO <-> [NESTED_DRAW] mouseMoveEvent: parent_box_bounds=None, start=(146,0), current=(191,131)
2025-11-14 09:48:39 - INFO <-> [NESTED_DRAW] current_box set to (146, 0, 45, 131)
2025-11-14 09:48:39 - INFO <-> [NESTED_DRAW] mouseMoveEvent: parent_box_bounds=None, start=(146,0), current=(191,131)
2025-11-14 09:48:39 - INFO <-> [NESTED_DRAW] current_box set to (146, 0, 45, 131)
2025-11-14 09:48:39 - INFO <-> [NESTED_DRAW] mouseMoveEvent: parent_box_bounds=None, start=(146,0), current=(191,131)
2025-11-14 09:48:39 - INFO <-> [NESTED_DRAW] current_box set to (146, 0, 45, 131)
2025-11-14 09:48:39 - INFO <-> [NESTED_DRAW] mouseMoveEvent: parent_box_bounds=None, start=(146,0), current=(191,131)
2025-11-14 09:48:39 - INFO <-> [NESTED_DRAW] current_box set to (146, 0, 45, 131)
2025-11-14 09:48:39 - INFO <-> [NESTED_DRAW] mouseMoveEvent: parent_box_bounds=None, start=(146,0), current=(192,131)
2025-11-14 09:48:39 - INFO <-> [NESTED_DRAW] current_box set to (146, 0, 46, 131)
2025-11-14 09:48:39 - INFO <-> [NESTED_DRAW] mouseMoveEvent: parent_box_bounds=None, start=(146,0), current=(192,132)
2025-11-14 09:48:39 - INFO <-> [NESTED_DRAW] current_box set to (146, 0, 46, 132)
2025-11-14 09:48:39 - INFO <-> [NESTED_DRAW] mouseMoveEvent: parent_box_bounds=None, start=(146,0), current=(192,132)
2025-11-14 09:48:39 - INFO <-> [NESTED_DRAW] current_box set to (146, 0, 46, 132)
2025-11-14 09:48:39 - INFO <-> [NESTED_DRAW] mouseMoveEvent: parent_box_bounds=None, start=(146,0), current=(193,132)
2025-11-14 09:48:39 - INFO <-> [NESTED_DRAW] current_box set to (146, 0, 47, 132)
2025-11-14 09:48:39 - INFO <-> [NESTED_DRAW] mouseMoveEvent: parent_box_bounds=None, start=(146,0), current=(193,133)
2025-11-14 09:48:39 - INFO <-> [NESTED_DRAW] current_box set to (146, 0, 47, 133)
2025-11-14 09:48:39 - INFO <-> [NESTED_DRAW] mouseMoveEvent: parent_box_bounds=None, start=(146,0), current=(194,133)
2025-11-14 09:48:39 - INFO <-> [NESTED_DRAW] current_box set to (146, 0, 48, 133)
2025-11-14 09:48:39 - INFO <-> [NESTED_DRAW] mouseMoveEvent: parent_box_bounds=None, start=(146,0), current=(195,134)
2025-11-14 09:48:39 - INFO <-> [NESTED_DRAW] current_box set to (146, 0, 49, 134)
2025-11-14 09:48:39 - INFO <-> [NESTED_DRAW] mouseMoveEvent: parent_box_bounds=None, start=(146,0), current=(196,134)
2025-11-14 09:48:39 - INFO <-> [NESTED_DRAW] current_box set to (146, 0, 50, 134)
2025-11-14 09:48:39 - INFO <-> [NESTED_DRAW] mouseMoveEvent: parent_box_bounds=None, start=(146,0), current=(196,134)
2025-11-14 09:48:39 - INFO <-> [NESTED_DRAW] current_box set to (146, 0, 50, 134)
2025-11-14 09:48:39 - INFO <-> [NESTED_DRAW] mouseMoveEvent: parent_box_bounds=None, start=(146,0), current=(197,135)
2025-11-14 09:48:39 - INFO <-> [NESTED_DRAW] current_box set to (146, 0, 51, 135)
2025-11-14 09:48:39 - INFO <-> [NESTED_DRAW] mouseMoveEvent: parent_box_bounds=None, start=(146,0), current=(198,135)
2025-11-14 09:48:39 - INFO <-> [NESTED_DRAW] current_box set to (146, 0, 52, 135)
2025-11-14 09:48:39 - INFO <-> [NESTED_DRAW] mouseMoveEvent: parent_box_bounds=None, start=(146,0), current=(199,136)
2025-11-14 09:48:39 - INFO <-> [NESTED_DRAW] current_box set to (146, 0, 53, 136)
2025-11-14 09:48:39 - INFO <-> [NESTED_DRAW] mouseMoveEvent: parent_box_bounds=None, start=(146,0), current=(201,137)
2025-11-14 09:48:39 - INFO <-> [NESTED_DRAW] current_box set to (146, 0, 55, 137)
2025-11-14 09:48:39 - INFO <-> [NESTED_DRAW] mouseMoveEvent: parent_box_bounds=None, start=(146,0), current=(202,137)
2025-11-14 09:48:39 - INFO <-> [NESTED_DRAW] current_box set to (146, 0, 56, 137)
2025-11-14 09:48:39 - INFO <-> [NESTED_DRAW] mouseMoveEvent: parent_box_bounds=None, start=(146,0), current=(202,138)
2025-11-14 09:48:39 - INFO <-> [NESTED_DRAW] current_box set to (146, 0, 56, 138)
2025-11-14 09:48:39 - INFO <-> [NESTED_DRAW] mouseMoveEvent: parent_box_bounds=None, start=(146,0), current=(203,138)
2025-11-14 09:48:39 - INFO <-> [NESTED_DRAW] current_box set to (146, 0, 57, 138)
2025-11-14 09:48:39 - INFO <-> [NESTED_DRAW] mouseMoveEvent: parent_box_bounds=None, start=(146,0), current=(204,139)
2025-11-14 09:48:39 - INFO <-> [NESTED_DRAW] current_box set to (146, 0, 58, 139)
2025-11-14 09:48:39 - INFO <-> [NESTED_DRAW] mouseMoveEvent: parent_box_bounds=None, start=(146,0), current=(204,139)
2025-11-14 09:48:39 - INFO <-> [NESTED_DRAW] current_box set to (146, 0, 58, 139)
2025-11-14 09:48:39 - INFO <-> [NESTED_DRAW] mouseMoveEvent: parent_box_bounds=None, start=(146,0), current=(205,139)
2025-11-14 09:48:39 - INFO <-> [NESTED_DRAW] current_box set to (146, 0, 59, 139)
2025-11-14 09:48:39 - INFO <-> [NESTED_DRAW] mouseMoveEvent: parent_box_bounds=None, start=(146,0), current=(205,139)
2025-11-14 09:48:39 - INFO <-> [NESTED_DRAW] current_box set to (146, 0, 59, 139)
2025-11-14 09:48:39 - INFO <-> [NESTED_DRAW] mouseMoveEvent: parent_box_bounds=None, start=(146,0), current=(206,140)
2025-11-14 09:48:39 - INFO <-> [NESTED_DRAW] current_box set to (146, 0, 60, 140)
2025-11-14 09:48:39 - INFO <-> [NESTED_DRAW] mouseMoveEvent: parent_box_bounds=None, start=(146,0), current=(206,140)
2025-11-14 09:48:39 - INFO <-> [NESTED_DRAW] current_box set to (146, 0, 60, 140)
2025-11-14 09:48:39 - INFO <-> [NESTED_DRAW] mouseMoveEvent: parent_box_bounds=None, start=(146,0), current=(206,140)
2025-11-14 09:48:39 - INFO <-> [NESTED_DRAW] current_box set to (146, 0, 60, 140)
2025-11-14 09:48:39 - INFO <-> [NESTED_DRAW] mouseMoveEvent: parent_box_bounds=None, start=(146,0), current=(206,140)
2025-11-14 09:48:39 - INFO <-> [NESTED_DRAW] current_box set to (146, 0, 60, 140)
2025-11-14 09:48:39 - INFO <-> [NESTED_DRAW] mouseMoveEvent: parent_box_bounds=None, start=(146,0), current=(207,140)
2025-11-14 09:48:39 - INFO <-> [NESTED_DRAW] current_box set to (146, 0, 61, 140)
2025-11-14 09:48:39 - INFO <-> [NESTED_DRAW] mouseMoveEvent: parent_box_bounds=None, start=(146,0), current=(207,140)
2025-11-14 09:48:39 - INFO <-> [NESTED_DRAW] current_box set to (146, 0, 61, 140)
2025-11-14 09:48:39 - INFO <-> [NESTED_DRAW] mouseMoveEvent: parent_box_bounds=None, start=(146,0), current=(207,140)
2025-11-14 09:48:39 - INFO <-> [NESTED_DRAW] current_box set to (146, 0, 61, 140)
2025-11-14 09:48:39 - INFO <-> [NESTED_DRAW] mouseMoveEvent: parent_box_bounds=None, start=(146,0), current=(208,140)
2025-11-14 09:48:39 - INFO <-> [NESTED_DRAW] current_box set to (146, 0, 62, 140)
2025-11-14 09:48:39 - INFO <-> [NESTED_DRAW] mouseMoveEvent: parent_box_bounds=None, start=(146,0), current=(208,140)
2025-11-14 09:48:39 - INFO <-> [NESTED_DRAW] current_box set to (146, 0, 62, 140)
2025-11-14 09:48:39 - INFO <-> [NESTED_DRAW] mouseMoveEvent: parent_box_bounds=None, start=(146,0), current=(208,140)
2025-11-14 09:48:39 - INFO <-> [NESTED_DRAW] current_box set to (146, 0, 62, 140)
2025-11-14 09:48:39 - INFO <-> [NESTED_DRAW] mouseMoveEvent: parent_box_bounds=None, start=(146,0), current=(209,140)
2025-11-14 09:48:39 - INFO <-> [NESTED_DRAW] current_box set to (146, 0, 63, 140)
2025-11-14 09:48:39 - INFO <-> [NESTED_DRAW] mouseMoveEvent: parent_box_bounds=None, start=(146,0), current=(209,140)
2025-11-14 09:48:39 - INFO <-> [NESTED_DRAW] current_box set to (146, 0, 63, 140)
2025-11-14 09:48:39 - INFO <-> [NESTED_DRAW] mouseMoveEvent: parent_box_bounds=None, start=(146,0), current=(209,140)
2025-11-14 09:48:39 - INFO <-> [NESTED_DRAW] current_box set to (146, 0, 63, 140)
2025-11-14 09:48:39 - INFO <-> [NESTED_DRAW] mouseMoveEvent: parent_box_bounds=None, start=(146,0), current=(210,140)
2025-11-14 09:48:39 - INFO <-> [NESTED_DRAW] current_box set to (146, 0, 64, 140)
2025-11-14 09:48:39 - INFO <-> [NESTED_DRAW] mouseMoveEvent: parent_box_bounds=None, start=(146,0), current=(210,140)
2025-11-14 09:48:39 - INFO <-> [NESTED_DRAW] current_box set to (146, 0, 64, 140)
2025-11-14 09:48:39 - INFO <-> [NESTED_DRAW] mouseMoveEvent: parent_box_bounds=None, start=(146,0), current=(210,140)
2025-11-14 09:48:39 - INFO <-> [NESTED_DRAW] current_box set to (146, 0, 64, 140)
2025-11-14 09:48:39 - INFO <-> [NESTED_DRAW] mouseMoveEvent: parent_box_bounds=None, start=(146,0), current=(211,140)
2025-11-14 09:48:39 - INFO <-> [NESTED_DRAW] current_box set to (146, 0, 65, 140)
2025-11-14 09:48:39 - INFO <-> [NESTED_DRAW] mouseMoveEvent: parent_box_bounds=None, start=(146,0), current=(211,140)
2025-11-14 09:48:39 - INFO <-> [NESTED_DRAW] current_box set to (146, 0, 65, 140)
2025-11-14 09:48:39 - INFO <-> [NESTED_DRAW] mouseMoveEvent: parent_box_bounds=None, start=(146,0), current=(211,140)
2025-11-14 09:48:39 - INFO <-> [NESTED_DRAW] current_box set to (146, 0, 65, 140)
2025-11-14 09:48:39 - INFO <-> [NESTED_DRAW] mouseMoveEvent: parent_box_bounds=None, start=(146,0), current=(212,140)
2025-11-14 09:48:39 - INFO <-> [NESTED_DRAW] current_box set to (146, 0, 66, 140)
2025-11-14 09:48:39 - INFO <-> [NESTED_DRAW] mouseMoveEvent: parent_box_bounds=None, start=(146,0), current=(212,141)
2025-11-14 09:48:39 - INFO <-> [NESTED_DRAW] current_box set to (146, 0, 66, 141)
2025-11-14 09:48:39 - INFO <-> [NESTED_DRAW] mouseMoveEvent: parent_box_bounds=None, start=(146,0), current=(213,141)
2025-11-14 09:48:39 - INFO <-> [NESTED_DRAW] current_box set to (146, 0, 67, 141)
2025-11-14 09:48:39 - INFO <-> [NESTED_DRAW] mouseMoveEvent: parent_box_bounds=None, start=(146,0), current=(213,141)
2025-11-14 09:48:39 - INFO <-> [NESTED_DRAW] current_box set to (146, 0, 67, 141)
2025-11-14 09:48:39 - INFO <-> [NESTED_DRAW] mouseMoveEvent: parent_box_bounds=None, start=(146,0), current=(214,141)
2025-11-14 09:48:39 - INFO <-> [NESTED_DRAW] current_box set to (146, 0, 68, 141)
2025-11-14 09:48:39 - INFO <-> [NESTED_DRAW] mouseMoveEvent: parent_box_bounds=None, start=(146,0), current=(214,141)
2025-11-14 09:48:39 - INFO <-> [NESTED_DRAW] current_box set to (146, 0, 68, 141)
2025-11-14 09:48:39 - INFO <-> [NESTED_DRAW] mouseMoveEvent: parent_box_bounds=None, start=(146,0), current=(214,141)
2025-11-14 09:48:39 - INFO <-> [NESTED_DRAW] current_box set to (146, 0, 68, 141)
2025-11-14 09:48:39 - INFO <-> [NESTED_DRAW] mouseMoveEvent: parent_box_bounds=None, start=(146,0), current=(215,141)
2025-11-14 09:48:39 - INFO <-> [NESTED_DRAW] current_box set to (146, 0, 69, 141)
2025-11-14 09:48:39 - INFO <-> [NESTED_DRAW] mouseMoveEvent: parent_box_bounds=None, start=(146,0), current=(215,141)
2025-11-14 09:48:39 - INFO <-> [NESTED_DRAW] current_box set to (146, 0, 69, 141)
2025-11-14 09:48:39 - INFO <-> [NESTED_DRAW] mouseMoveEvent: parent_box_bounds=None, start=(146,0), current=(215,141)
2025-11-14 09:48:39 - INFO <-> [NESTED_DRAW] current_box set to (146, 0, 69, 141)
2025-11-14 09:48:40 - INFO <-> [NESTED_DRAW] mouseMoveEvent: parent_box_bounds=None, start=(146,0), current=(216,141)
2025-11-14 09:48:40 - INFO <-> [NESTED_DRAW] current_box set to (146, 0, 70, 141)
2025-11-14 09:48:40 - INFO <-> [NESTED_DRAW] mouseMoveEvent: parent_box_bounds=None, start=(146,0), current=(216,141)
2025-11-14 09:48:40 - INFO <-> [NESTED_DRAW] current_box set to (146, 0, 70, 141)
2025-11-14 09:48:41 - INFO <-> Image '148f.jpg': added bbox idx=2 class=0 bbox=(146.0,0.0,70.0,141.0)
2025-11-14 09:48:41 - INFO <-> Saved annotations for '148f.jpg' (3 boxes) format=COCO
2025-11-14 09:48:41 - INFO <-> [UPDATE_LABELS_PANEL] Called with 3 boxes. Current selected_box_indices={0, 1, 2}
2025-11-14 09:48:42 - INFO <-> Saved annotations for '148f.jpg' (3 boxes) format=COCO
2025-11-14 09:48:44 - INFO <-> Application exiting with code 0.
2025-11-14 09:48:45 - INFO <-> Logging configured successfully.
2025-11-14 09:48:47 - INFO <-> Format changed to COCO.
2025-11-14 09:48:54 - INFO <-> [UPDATE_LABELS_PANEL] Called with 0 boxes. Current selected_box_indices=set()
2025-11-14 09:48:54 - INFO <-> Confirmed and loaded 5 classes from '/home/madan/a/labels/converted_coco_json/_annotations.coco.json'.
2025-11-14 09:48:57 - INFO <-> [LOAD_IMAGE] About to set selections: total boxes loaded = 18
2025-11-14 09:48:57 - INFO <-> [LOAD_IMAGE] current_index=0, current selected_box_indices=set()
2025-11-14 09:48:57 - INFO <-> [LOAD_IMAGE] Has this image been visited before? False
2025-11-14 09:48:57 - INFO <-> [LOAD_IMAGE] FIRST VISIT + manual_deselect_all=False: selected_box_indices={0, 1, 2, 3, 4, 5, 6, 7, 8, 9, 10, 11, 12, 13, 14, 15, 16, 17} (range 0-17)
2025-11-14 09:48:57 - INFO <-> [UPDATE_LABELS_PANEL] Called with 18 boxes. Current selected_box_indices={0, 1, 2, 3, 4, 5, 6, 7, 8, 9, 10, 11, 12, 13, 14, 15, 16, 17}
2025-11-14 09:48:57 - INFO <-> COCO dataset loaded. Images: 166. Annotations: /home/madan/a/labels/converted_coco_json/_annotations.coco.json
2025-11-14 09:48:59 - INFO <-> [LOAD_IMAGE] About to set selections: total boxes loaded = 6
2025-11-14 09:48:59 - INFO <-> [LOAD_IMAGE] current_index=1, current selected_box_indices=set()
2025-11-14 09:48:59 - INFO <-> [LOAD_IMAGE] Has this image been visited before? False
2025-11-14 09:48:59 - INFO <-> [LOAD_IMAGE] FIRST VISIT + manual_deselect_all=False: selected_box_indices={0, 1, 2, 3, 4, 5} (range 0-5)
2025-11-14 09:48:59 - INFO <-> [UPDATE_LABELS_PANEL] Called with 6 boxes. Current selected_box_indices={0, 1, 2, 3, 4, 5}
2025-11-14 09:49:00 - INFO <-> [LOAD_IMAGE] About to set selections: total boxes loaded = 3
2025-11-14 09:49:00 - INFO <-> [LOAD_IMAGE] current_index=2, current selected_box_indices=set()
2025-11-14 09:49:00 - INFO <-> [LOAD_IMAGE] Has this image been visited before? False
2025-11-14 09:49:00 - INFO <-> [LOAD_IMAGE] FIRST VISIT + manual_deselect_all=False: selected_box_indices={0, 1, 2} (range 0-2)
2025-11-14 09:49:00 - INFO <-> [UPDATE_LABELS_PANEL] Called with 3 boxes. Current selected_box_indices={0, 1, 2}
2025-11-14 09:49:00 - INFO <-> [LOAD_IMAGE] About to set selections: total boxes loaded = 12
2025-11-14 09:49:00 - INFO <-> [LOAD_IMAGE] current_index=3, current selected_box_indices=set()
2025-11-14 09:49:00 - INFO <-> [LOAD_IMAGE] Has this image been visited before? False
2025-11-14 09:49:00 - INFO <-> [LOAD_IMAGE] FIRST VISIT + manual_deselect_all=False: selected_box_indices={0, 1, 2, 3, 4, 5, 6, 7, 8, 9, 10, 11} (range 0-11)
2025-11-14 09:49:00 - INFO <-> [UPDATE_LABELS_PANEL] Called with 12 boxes. Current selected_box_indices={0, 1, 2, 3, 4, 5, 6, 7, 8, 9, 10, 11}
2025-11-14 09:49:01 - INFO <-> [LOAD_IMAGE] About to set selections: total boxes loaded = 3
2025-11-14 09:49:01 - INFO <-> [LOAD_IMAGE] current_index=4, current selected_box_indices=set()
2025-11-14 09:49:01 - INFO <-> [LOAD_IMAGE] Has this image been visited before? False
2025-11-14 09:49:01 - INFO <-> [LOAD_IMAGE] FIRST VISIT + manual_deselect_all=False: selected_box_indices={0, 1, 2} (range 0-2)
2025-11-14 09:49:01 - INFO <-> [UPDATE_LABELS_PANEL] Called with 3 boxes. Current selected_box_indices={0, 1, 2}
2025-11-14 09:49:02 - INFO <-> [LOAD_IMAGE] About to set selections: total boxes loaded = 3
2025-11-14 09:49:02 - INFO <-> [LOAD_IMAGE] current_index=5, current selected_box_indices=set()
2025-11-14 09:49:02 - INFO <-> [LOAD_IMAGE] Has this image been visited before? False
2025-11-14 09:49:02 - INFO <-> [LOAD_IMAGE] FIRST VISIT + manual_deselect_all=False: selected_box_indices={0, 1, 2} (range 0-2)
2025-11-14 09:49:02 - INFO <-> [UPDATE_LABELS_PANEL] Called with 3 boxes. Current selected_box_indices={0, 1, 2}
2025-11-14 09:49:03 - INFO <-> [LOAD_IMAGE] About to set selections: total boxes loaded = 2
2025-11-14 09:49:03 - INFO <-> [LOAD_IMAGE] current_index=6, current selected_box_indices=set()
2025-11-14 09:49:03 - INFO <-> [LOAD_IMAGE] Has this image been visited before? False
2025-11-14 09:49:03 - INFO <-> [LOAD_IMAGE] FIRST VISIT + manual_deselect_all=False: selected_box_indices={0, 1} (range 0-1)
2025-11-14 09:49:03 - INFO <-> [UPDATE_LABELS_PANEL] Called with 2 boxes. Current selected_box_indices={0, 1}
2025-11-14 09:49:03 - INFO <-> [LOAD_IMAGE] About to set selections: total boxes loaded = 2
2025-11-14 09:49:03 - INFO <-> [LOAD_IMAGE] current_index=7, current selected_box_indices=set()
2025-11-14 09:49:03 - INFO <-> [LOAD_IMAGE] Has this image been visited before? False
2025-11-14 09:49:03 - INFO <-> [LOAD_IMAGE] FIRST VISIT + manual_deselect_all=False: selected_box_indices={0, 1} (range 0-1)
2025-11-14 09:49:03 - INFO <-> [UPDATE_LABELS_PANEL] Called with 2 boxes. Current selected_box_indices={0, 1}
2025-11-14 09:49:04 - INFO <-> [LOAD_IMAGE] About to set selections: total boxes loaded = 2
2025-11-14 09:49:04 - INFO <-> [LOAD_IMAGE] current_index=8, current selected_box_indices=set()
2025-11-14 09:49:04 - INFO <-> [LOAD_IMAGE] Has this image been visited before? False
2025-11-14 09:49:04 - INFO <-> [LOAD_IMAGE] FIRST VISIT + manual_deselect_all=False: selected_box_indices={0, 1} (range 0-1)
2025-11-14 09:49:04 - INFO <-> [UPDATE_LABELS_PANEL] Called with 2 boxes. Current selected_box_indices={0, 1}
2025-11-14 09:49:04 - INFO <-> [LOAD_IMAGE] About to set selections: total boxes loaded = 6
2025-11-14 09:49:04 - INFO <-> [LOAD_IMAGE] current_index=9, current selected_box_indices=set()
2025-11-14 09:49:04 - INFO <-> [LOAD_IMAGE] Has this image been visited before? False
2025-11-14 09:49:04 - INFO <-> [LOAD_IMAGE] FIRST VISIT + manual_deselect_all=False: selected_box_indices={0, 1, 2, 3, 4, 5} (range 0-5)
2025-11-14 09:49:04 - INFO <-> [UPDATE_LABELS_PANEL] Called with 6 boxes. Current selected_box_indices={0, 1, 2, 3, 4, 5}
2025-11-14 09:49:06 - INFO <-> Application exiting with code 0.
